top_k,rouge1_f_mean,rouge2_f_mean,rougeL_f_mean,doc_count,row_count,avg_summary_chars
2,0.48146149690639317,0.13844376746823348,0.2749671921300274,120,120,249.05
3,0.4677379930797484,0.15887906363104262,0.27032346423568104,120,120,390.75
4,0.42246621853966876,0.173280371948544,0.2570896041933362,120,120,548.575
5,0.3742717823317472,0.18135045607920644,0.23977620077700196,120,120,700.6083333333333
