guid,article_char_len,format,status,error,rouge1_f,rouge2_f,rougeL_f,rougeL_delta_vs_baseline,compression_ratio,repetition_rate,cleaned_char_len,sentence_count,ingest_latency_sec,summarize_latency_sec,predicted_summary,ingest_exact_match,ingest_char_len_ratio,ingest_sentence_count_delta,ingest_rougeL_f,ingest_replacement_char_count
494,1598,text_baseline,ok,,0.4457831325301204,0.14634146341463417,0.27710843373493976,0.0,0.2309136420525657,0.03076923076923077,1598,15,9.40999999996528e-05,0.0012153999999999776,"Tối 13/5 , thông_tin từ phòng Cảnh_sát hình_sự , Công_an tỉnh Đắk_Lắk cho biết , chiều cùng ngày đơn_vị đã đưa đối_tượng Nguyễn Hoàng Quân_Nhi , 23 tuổi , nhân_viên công_ty đòi nợ thuê ở TP. Sau khi tiếp_nhận trình_báo , bằng các biện_pháp nghiệp lực_lượng Công_an tỉnh Đắk_Lắk xác_định được đối tượng đe_doạ anh Đức là Nguyễn_Hoàng_Quân_Nhi , hiện đang ở quận 11 , TP.",True,1.0,0,1.0,0
494,1598,file_txt,ok,,0.4457831325301204,0.14634146341463417,0.27710843373493976,0.0,0.2309136420525657,0.03076923076923077,1598,15,0.001873100000000072,0.001197899999999752,"Tối 13/5 , thông_tin từ phòng Cảnh_sát hình_sự , Công_an tỉnh Đắk_Lắk cho biết , chiều cùng ngày đơn_vị đã đưa đối_tượng Nguyễn Hoàng Quân_Nhi , 23 tuổi , nhân_viên công_ty đòi nợ thuê ở TP. Sau khi tiếp_nhận trình_báo , bằng các biện_pháp nghiệp lực_lượng Công_an tỉnh Đắk_Lắk xác_định được đối tượng đe_doạ anh Đức là Nguyễn_Hoàng_Quân_Nhi , hiện đang ở quận 11 , TP.",True,1.0,0,1.0,0
494,1598,file_docx,ok,,0.4457831325301204,0.14634146341463417,0.27710843373493976,0.0,0.2309136420525657,0.03076923076923077,1598,15,0.02330299999999985,0.0012400999999999662,"Tối 13/5 , thông_tin từ phòng Cảnh_sát hình_sự , Công_an tỉnh Đắk_Lắk cho biết , chiều cùng ngày đơn_vị đã đưa đối_tượng Nguyễn Hoàng Quân_Nhi , 23 tuổi , nhân_viên công_ty đòi nợ thuê ở TP. Sau khi tiếp_nhận trình_báo , bằng các biện_pháp nghiệp lực_lượng Công_an tỉnh Đắk_Lắk xác_định được đối tượng đe_doạ anh Đức là Nguyễn_Hoàng_Quân_Nhi , hiện đang ở quận 11 , TP.",True,1.0,0,1.0,0
494,1598,file_pdf,ok,,0.4222222222222222,0.0909090909090909,0.26666666666666666,-0.0104417670682731,0.0769712140175219,0.0,1598,53,0.013477100000000242,0.010217600000000271,"Tr??c ?ó , chi?u 4/5 anh ??c liên t?c nh?n ???c ?i?n
tho?i t? vi?c ph?c t?p , tiêu_c?c , ?nh h??ng ??n quy?n l?i c?a m?t s?",False,1.0,38,1.0,0
8563,2618,text_baseline,ok,,0.39622641509433965,0.17307692307692307,0.3018867924528302,0.0,0.07410236822001529,0.46875,2618,17,0.00016559999999987696,0.0014689000000003283,Việt_Nam và Lào sẽ bàn các biện_pháp thúc_đẩy hợp_tác song_phương và cả các vấn_đề khu_vực . Việt_Anh Việt_Nam và Lào sẽ bàn các biện_pháp thúc_đẩy hợp_tác song_phương và cả các vấn_đề khu_vực .,True,1.0,0,1.0,0
8563,2618,file_txt,ok,,0.39622641509433965,0.17307692307692307,0.3018867924528302,0.0,0.07410236822001529,0.46875,2618,17,0.0025208000000001007,0.0014297999999999256,Việt_Nam và Lào sẽ bàn các biện_pháp thúc_đẩy hợp_tác song_phương và cả các vấn_đề khu_vực . Việt_Anh Việt_Nam và Lào sẽ bàn các biện_pháp thúc_đẩy hợp_tác song_phương và cả các vấn_đề khu_vực .,True,1.0,0,1.0,0
8563,2618,file_docx,ok,,0.39622641509433965,0.17307692307692307,0.3018867924528302,0.0,0.07410236822001529,0.46875,2618,17,0.020297699999999974,0.0014392999999999212,Việt_Nam và Lào sẽ bàn các biện_pháp thúc_đẩy hợp_tác song_phương và cả các vấn_đề khu_vực . Việt_Anh Việt_Nam và Lào sẽ bàn các biện_pháp thúc_đẩy hợp_tác song_phương và cả các vấn_đề khu_vực .,True,1.0,0,1.0,0
8563,2618,file_pdf,ok,,0.4201680672268908,0.08547008547008546,0.21848739495798322,-0.08339939749484696,0.10114503816793893,0.0,2620,65,0.010750199999999932,0.012142899999999734,"Nikkei c?a
Nh?t_B?n hôm 28/5 cho_bi?t Th?_t??ng Lào_Thongloun_Sisoulith , trong cu?c ph?ng_v?n v?i báo này , ""
kêu_g?i nh?ng n??c có liên_quan ti?n_hành ??i_tho?i ?? liên_quan ??n
hai n??c , Vi?t_Nam theo_?u?i bi?n_pháp gi?i_quy?t song_ph??ng , ??i_v?i nh?ng v?n_??",False,1.0007639419404126,48,1.0,0
55,1977,text_baseline,ok,,0.4888888888888889,0.348314606741573,0.35555555555555557,0.0,0.2013151239251391,0.0,1977,19,0.00013599999999991397,0.0017735999999999308,"Cà_Mau , Cà_Mau ) , Phó tổng_giám_đốc Công_ty TNHH Xây_dựng - Thương_mại - Du_lịch Công_Lý ( gọi tắt là Công_ty Công_Lý ) để điều_tra về hành_vi lừa_đảo chiếm_đoạt tài_sản theo Điều 179 Bộ Luật_hình_sự . Thông_tin trên báo Người Lao_Động , gần đây , công_ty Công_Lý đề_xuất UBND tỉnh Cà_Mau cấp kinh_phí và đất để chôn xác thai_nhi do nhà_máy rác của công_ty này phát_hiện từ khi đi vào hoạt_động .",True,1.0,0,1.0,0
55,1977,file_txt,ok,,0.4888888888888889,0.348314606741573,0.35555555555555557,0.0,0.2013151239251391,0.0,1977,19,0.0020063000000001274,0.0016542999999997754,"Cà_Mau , Cà_Mau ) , Phó tổng_giám_đốc Công_ty TNHH Xây_dựng - Thương_mại - Du_lịch Công_Lý ( gọi tắt là Công_ty Công_Lý ) để điều_tra về hành_vi lừa_đảo chiếm_đoạt tài_sản theo Điều 179 Bộ Luật_hình_sự . Thông_tin trên báo Người Lao_Động , gần đây , công_ty Công_Lý đề_xuất UBND tỉnh Cà_Mau cấp kinh_phí và đất để chôn xác thai_nhi do nhà_máy rác của công_ty này phát_hiện từ khi đi vào hoạt_động .",True,1.0,0,1.0,0
55,1977,file_docx,ok,,0.4888888888888889,0.348314606741573,0.35555555555555557,0.0,0.2013151239251391,0.0,1977,19,0.021708400000000072,0.0019492999999997096,"Cà_Mau , Cà_Mau ) , Phó tổng_giám_đốc Công_ty TNHH Xây_dựng - Thương_mại - Du_lịch Công_Lý ( gọi tắt là Công_ty Công_Lý ) để điều_tra về hành_vi lừa_đảo chiếm_đoạt tài_sản theo Điều 179 Bộ Luật_hình_sự . Thông_tin trên báo Người Lao_Động , gần đây , công_ty Công_Lý đề_xuất UBND tỉnh Cà_Mau cấp kinh_phí và đất để chôn xác thai_nhi do nhà_máy rác của công_ty này phát_hiện từ khi đi vào hoạt_động .",True,1.0,0,1.0,0
55,1977,file_pdf,ok,,0.5858585858585857,0.18556701030927839,0.2828282828282828,-0.07272727272727275,0.07991906929691452,0.0,1977,53,0.00885479999999994,0.008337999999999735,"Công_an ?ã t?ng_??t quy?t_??nh b?t t?m giam
??i_v?i Tô_Công_Lý ( 35 tu?i , ng? xã ??t_M?i , huy?n Ng?c_Hi?n ( Cà_Mau ) và Nhà_máy x?_lý rác_th?i TP Cà_Mau ...",False,1.0,34,1.0,0
11152,1964,text_baseline,ok,,0.6590909090909092,0.3023255813953488,0.5,0.0,0.07892057026476579,0.4,1964,15,0.00014619999999965216,0.0012373000000001078,Hơn 100 người di_cư vào Mỹ qua đoạn tường biên_giới ở Arizona . Hồng_Hạnh ( Theo Fox_News ) Hơn 100 người di_cư vào Mỹ qua đoạn tường biên_giới ở Arizona .,True,1.0,0,1.0,0
11152,1964,file_txt,ok,,0.6590909090909092,0.3023255813953488,0.5,0.0,0.07892057026476579,0.4,1964,15,0.0018257999999997665,0.00108750000000013,Hơn 100 người di_cư vào Mỹ qua đoạn tường biên_giới ở Arizona . Hồng_Hạnh ( Theo Fox_News ) Hơn 100 người di_cư vào Mỹ qua đoạn tường biên_giới ở Arizona .,True,1.0,0,1.0,0
11152,1964,file_docx,ok,,0.6590909090909092,0.3023255813953488,0.5,0.0,0.07892057026476579,0.4,1964,15,0.021069799999999805,0.0010775000000000645,Hơn 100 người di_cư vào Mỹ qua đoạn tường biên_giới ở Arizona . Hồng_Hạnh ( Theo Fox_News ) Hơn 100 người di_cư vào Mỹ qua đoạn tường biên_giới ở Arizona .,True,1.0,0,1.0,0
11152,1964,file_pdf,ok,,0.4878048780487805,0.2479338842975207,0.2764227642276422,-0.22357723577235777,0.11965376782077393,0.0,1964,61,0.009228199999999909,0.012418299999999771,"( FAIR ) nh?n_m?nh t?m
quan_tr?ng c?a vi?c xây_d?ng hàng_rào biên_gi?i ch?c_ch?n h?n , trong b?i_c?nh T?ng_th?ng Donald_Trump
?ang tìm cách xây_d?ng b?c t??ng biên_gi?i v?i Mexico . không ng?n ???c h?t m?i ng??i , nh?ng ch?c_ch?n nó s?",False,1.0,46,1.0,0
5005,4410,text_baseline,ok,,0.5205479452054795,0.20833333333333331,0.31506849315068497,0.0,0.06281179138321996,0.06557377049180324,4410,35,0.00024060000000014625,0.005208700000000288,"Ngày 17-11-2015 , Nga tuyên bố các hành động khủng bố là nguyên_nhân khiến máy bay Metrojet bị rơi sau khi phát hiện các dấu vết của thuốc nổ trên xác mác bay . Vụ đánh bom máy bay Nga năm 2015 được xem là hành động khủng bố đẫm máu nhất nhắm vào du khách nước ngoài ở Ai Cập .",True,1.0,0,1.0,0
5005,4410,file_txt,ok,,0.5205479452054795,0.20833333333333331,0.31506849315068497,0.0,0.06281179138321996,0.06557377049180324,4410,35,0.0041712000000000415,0.005192899999999945,"Ngày 17-11-2015 , Nga tuyên bố các hành động khủng bố là nguyên_nhân khiến máy bay Metrojet bị rơi sau khi phát hiện các dấu vết của thuốc nổ trên xác mác bay . Vụ đánh bom máy bay Nga năm 2015 được xem là hành động khủng bố đẫm máu nhất nhắm vào du khách nước ngoài ở Ai Cập .",True,1.0,0,1.0,0
5005,4410,file_docx,ok,,0.5205479452054795,0.20833333333333331,0.31506849315068497,0.0,0.06281179138321996,0.06557377049180324,4410,35,0.022367099999999862,0.0056146999999997504,"Ngày 17-11-2015 , Nga tuyên bố các hành động khủng bố là nguyên_nhân khiến máy bay Metrojet bị rơi sau khi phát hiện các dấu vết của thuốc nổ trên xác mác bay . Vụ đánh bom máy bay Nga năm 2015 được xem là hành động khủng bố đẫm máu nhất nhắm vào du khách nước ngoài ở Ai Cập .",True,1.0,0,1.0,0
5005,4410,file_pdf,ok,,0.5346534653465346,0.10101010101010101,0.33663366336633666,0.021565170215651686,0.03423260031738835,0.0,4411,146,0.011943000000000037,0.05500560000000032,"Ng??i Anh , sau m?t cu?c ?i?u tra ?ã th?n tr?ng ??a ra k?t lu?n "" máy bay ?ã c? Luxor ,
Ai_C?p , gi?t ch?t 62 ng??i , ph?n_l?n là du_khách n??c_ngoài .",False,1.0002267573696144,111,1.0,0
10389,1426,text_baseline,ok,,0.45833333333333326,0.17021276595744683,0.3333333333333333,0.0,0.1388499298737728,0.09999999999999998,1426,14,0.00016749999999987608,0.0014350999999992453,"Căn_cứ Guam của Mỹ ở Thái_Bình_Dương . Triều_Tiên hôm 9/8 tuyên_bố sẽ tấn_công đảo Guam , căn_cứ_quân_sự quan_trọng của Mỹ ở Thái_Bình_Dương , bằng tên_lửa_đạn_đạo chiến_lược tầm trung Hwasong -12 .",True,1.0,0,1.0,0
10389,1426,file_txt,ok,,0.45833333333333326,0.17021276595744683,0.3333333333333333,0.0,0.1388499298737728,0.09999999999999998,1426,14,0.0016495000000000815,0.0009652999999998357,"Căn_cứ Guam của Mỹ ở Thái_Bình_Dương . Triều_Tiên hôm 9/8 tuyên_bố sẽ tấn_công đảo Guam , căn_cứ_quân_sự quan_trọng của Mỹ ở Thái_Bình_Dương , bằng tên_lửa_đạn_đạo chiến_lược tầm trung Hwasong -12 .",True,1.0,0,1.0,0
10389,1426,file_docx,ok,,0.45833333333333326,0.17021276595744683,0.3333333333333333,0.0,0.1388499298737728,0.09999999999999998,1426,14,0.020907400000000465,0.0009055000000000035,"Căn_cứ Guam của Mỹ ở Thái_Bình_Dương . Triều_Tiên hôm 9/8 tuyên_bố sẽ tấn_công đảo Guam , căn_cứ_quân_sự quan_trọng của Mỹ ở Thái_Bình_Dương , bằng tên_lửa_đạn_đạo chiến_lược tầm trung Hwasong -12 .",True,1.0,0,1.0,0
10389,1426,file_pdf,ok,,0.37837837837837834,0.1834862385321101,0.18018018018018017,-0.15315315315315314,0.17461430575035064,0.022222222222222254,1426,46,0.010885400000000267,0.005858599999999825,"ph?i h?_th?n tr??c toàn
th?_gi?i m?t l?n n?a "" , Sputnik d?n l?i ông Jin_Jong - Hyop , ??i_bi?n ??i_s?_quán Tri?u_Tiên t?i Nga ,
cho_bi?t . Ông Jin nh?c ??n cu?c t?p_tr?n chung
khai màn tu?n này , cho_bi?t Bình_Nh??ng ?ang theo_dõi sát , s?n_sàng m?",False,1.0,32,1.0,0
7706,1978,text_baseline,ok,,0.5254237288135594,0.3275862068965517,0.4406779661016949,0.0,0.11577350859453994,0.47058823529411764,1978,11,0.00014749999999974506,0.0008257000000000403,Tổng_thống Mỹ Donald_Trump phát_biểu về kế_hoạch rút Mỹ khỏi Hiệp_định Paris chống biến_đổi khí_hậu ngày 1/6 . An_Hồng Tổng_thống Mỹ Donald_Trump phát_biểu về kế_hoạch rút Mỹ khỏi Hiệp_định Paris chống biến_đổi khí_hậu ngày 1/6 .,True,1.0,0,1.0,0
7706,1978,file_txt,ok,,0.5254237288135594,0.3275862068965517,0.4406779661016949,0.0,0.11577350859453994,0.47058823529411764,1978,11,0.00213609999999953,0.0008499999999997954,Tổng_thống Mỹ Donald_Trump phát_biểu về kế_hoạch rút Mỹ khỏi Hiệp_định Paris chống biến_đổi khí_hậu ngày 1/6 . An_Hồng Tổng_thống Mỹ Donald_Trump phát_biểu về kế_hoạch rút Mỹ khỏi Hiệp_định Paris chống biến_đổi khí_hậu ngày 1/6 .,True,1.0,0,1.0,0
7706,1978,file_docx,ok,,0.5254237288135594,0.3275862068965517,0.4406779661016949,0.0,0.11577350859453994,0.47058823529411764,1978,11,0.019985300000000095,0.0008137000000001393,Tổng_thống Mỹ Donald_Trump phát_biểu về kế_hoạch rút Mỹ khỏi Hiệp_định Paris chống biến_đổi khí_hậu ngày 1/6 . An_Hồng Tổng_thống Mỹ Donald_Trump phát_biểu về kế_hoạch rút Mỹ khỏi Hiệp_định Paris chống biến_đổi khí_hậu ngày 1/6 .,True,1.0,0,1.0,0
7706,1978,file_pdf,ok,,0.5849056603773584,0.1923076923076923,0.32075471698113206,-0.11992324912056285,0.0980788675429727,0.0,1978,44,0.008692100000000202,0.006960399999999645,"b?t_l?i so v?i các n??c khác trên th?_gi?i "" , T?ng_th?ng Donald_Trump gi?i_thích
cho quy?t_??nh rút M? Ông Purvis cho_bi?t ba n?m sau ngày 4/10/2016 , th?i_?i?m Hi?p_??nh Paris có hi?u_l?c ,
M?",False,1.0,33,1.0,0
3927,1306,text_baseline,ok,,0.6741573033707865,0.4827586206896552,0.5393258426966292,0.0,0.10719754977029096,0.03703703703703709,1306,13,0.00010270000000023316,0.0010242999999992008,"Ông Lê_Hoà_Bình được điều_động về làm chủ_tịch UBND quận 7 vào tháng 3-2016 . Trước khi về quận 7 , ông Bình là phó Giám_đốc Sở Xây_dựng TP.",True,1.0,0,1.0,0
3927,1306,file_txt,ok,,0.6741573033707865,0.4827586206896552,0.5393258426966292,0.0,0.10719754977029096,0.03703703703703709,1306,13,0.0013806999999994574,0.000892000000000337,"Ông Lê_Hoà_Bình được điều_động về làm chủ_tịch UBND quận 7 vào tháng 3-2016 . Trước khi về quận 7 , ông Bình là phó Giám_đốc Sở Xây_dựng TP.",True,1.0,0,1.0,0
3927,1306,file_docx,ok,,0.6741573033707865,0.4827586206896552,0.5393258426966292,0.0,0.10719754977029096,0.03703703703703709,1306,13,0.019646599999999736,0.0008299000000002721,"Ông Lê_Hoà_Bình được điều_động về làm chủ_tịch UBND quận 7 vào tháng 3-2016 . Trước khi về quận 7 , ông Bình là phó Giám_đốc Sở Xây_dựng TP.",True,1.0,0,1.0,0
3927,1306,file_pdf,ok,,0.4153846153846154,0.18749999999999997,0.23076923076923075,-0.30855661192739847,0.1883614088820827,0.0,1306,41,0.010813800000000207,0.004226300000000016,"Xây_d?ng TP c?ng v?a nh?n thêm ch?c_n?ng qu?n_lý cây_xanh , ch?c_n?ng ch?ng ng?p , xây_d?ng c?ng
là l?nh_v?c r?t nh?y_c?m , nhi?u v?n_?? và mong_mu?n ông
Lê_Hoà_Bình phát_huy n?ng_l?c , tinh_th?n trách_nhi?m hoàn_thành t?t tr?ng_trách ???c giao .",False,1.0,28,1.0,0
14906,2454,text_baseline,ok,,0.5686274509803921,0.32673267326732675,0.43137254901960786,0.0,0.17440912795436023,0.02898550724637683,2454,17,0.00015919999999969292,0.001352299999999751,"Chiều 13/6 , theo người_dân phản_ánh , công_ty Toàn_Tích_Thiện đã ngang_nhiên cho nhiều xe_tải chở chất_thải xây_dựng trộn lẩn hoá_chất ( màu xanh , đỏ , tím ) và nhiều bao_bì ghi chữ nước_ngoài đổ san_lấp xuống_đường dân_sinh nhánh nối từ trục đường 4C ra khu nhà_quản_lý của công_ty Toàn_Tích_Thiện , thuộc phường Quảng_Vinh , TP. Con đường dân_sinh bị doanh_nghiệp đổ chất_thải xây_dựng lẫn hoá_chất khiến người_dân bức_xúc .",True,1.0,0,1.0,0
14906,2454,file_txt,ok,,0.5686274509803921,0.32673267326732675,0.43137254901960786,0.0,0.17440912795436023,0.02898550724637683,2454,17,0.0026728000000000307,0.0015689999999999316,"Chiều 13/6 , theo người_dân phản_ánh , công_ty Toàn_Tích_Thiện đã ngang_nhiên cho nhiều xe_tải chở chất_thải xây_dựng trộn lẩn hoá_chất ( màu xanh , đỏ , tím ) và nhiều bao_bì ghi chữ nước_ngoài đổ san_lấp xuống_đường dân_sinh nhánh nối từ trục đường 4C ra khu nhà_quản_lý của công_ty Toàn_Tích_Thiện , thuộc phường Quảng_Vinh , TP. Con đường dân_sinh bị doanh_nghiệp đổ chất_thải xây_dựng lẫn hoá_chất khiến người_dân bức_xúc .",True,1.0,0,1.0,0
14906,2454,file_docx,ok,,0.5686274509803921,0.32673267326732675,0.43137254901960786,0.0,0.17440912795436023,0.02898550724637683,2454,17,0.019734899999999556,0.0015739999999997423,"Chiều 13/6 , theo người_dân phản_ánh , công_ty Toàn_Tích_Thiện đã ngang_nhiên cho nhiều xe_tải chở chất_thải xây_dựng trộn lẩn hoá_chất ( màu xanh , đỏ , tím ) và nhiều bao_bì ghi chữ nước_ngoài đổ san_lấp xuống_đường dân_sinh nhánh nối từ trục đường 4C ra khu nhà_quản_lý của công_ty Toàn_Tích_Thiện , thuộc phường Quảng_Vinh , TP. Con đường dân_sinh bị doanh_nghiệp đổ chất_thải xây_dựng lẫn hoá_chất khiến người_dân bức_xúc .",True,1.0,0,1.0,0
14906,2454,file_pdf,ok,,0.6299212598425197,0.27199999999999996,0.31496062992125984,-0.11641191909834803,0.06639511201629328,0.0,2455,56,0.009814899999999405,0.008907499999999402,"dân s?ng c?nh con_???ng
b?c_xúc : "" Vi?c công_ty Toàn_Tích_Thi?n ngang_nhiên cho hàng ch?c xe_t?i l?n nh? ch?t_th?i
xây_d?ng l?n hoá_ch?t khi?n ng??i_dân b?c_xúc .",False,1.0004074979625102,39,1.0,0
10408,2451,text_baseline,ok,,0.39534883720930236,0.1411764705882353,0.26744186046511625,0.0,0.16075071399428806,0.042857142857142816,2451,19,0.0001547000000003962,0.0015988999999994036,"Các nhà điều_tra phải xác_định tại_sao phi cơ không đủ nhiên_liệu bởi nó chỉ còn cách sân_bay 8 km . Thiếu nhiên_liệu là điều "" rất , rất hiếm xảy ra trong hàng_không thương_mại bởi có nhiều khâu kiểm_tra để chắc_chắn phi cơ đủ nhiên_liệu thực_hiện hành_trình "" , Grant_Brophy , nhà điều_tra an_toàn hàng_không , nói , cảnh_báo không nên đưa ra quá nhiều suy_đoán dựa vào hình_ảnh hiện_trường .",True,1.0,0,1.0,0
10408,2451,file_txt,ok,,0.39534883720930236,0.1411764705882353,0.26744186046511625,0.0,0.16075071399428806,0.042857142857142816,2451,19,0.002370499999999609,0.0022753999999993724,"Các nhà điều_tra phải xác_định tại_sao phi cơ không đủ nhiên_liệu bởi nó chỉ còn cách sân_bay 8 km . Thiếu nhiên_liệu là điều "" rất , rất hiếm xảy ra trong hàng_không thương_mại bởi có nhiều khâu kiểm_tra để chắc_chắn phi cơ đủ nhiên_liệu thực_hiện hành_trình "" , Grant_Brophy , nhà điều_tra an_toàn hàng_không , nói , cảnh_báo không nên đưa ra quá nhiều suy_đoán dựa vào hình_ảnh hiện_trường .",True,1.0,0,1.0,0
10408,2451,file_docx,ok,,0.39534883720930236,0.1411764705882353,0.26744186046511625,0.0,0.16075071399428806,0.042857142857142816,2451,19,0.01918020000000009,0.0017899999999997362,"Các nhà điều_tra phải xác_định tại_sao phi cơ không đủ nhiên_liệu bởi nó chỉ còn cách sân_bay 8 km . Thiếu nhiên_liệu là điều "" rất , rất hiếm xảy ra trong hàng_không thương_mại bởi có nhiều khâu kiểm_tra để chắc_chắn phi cơ đủ nhiên_liệu thực_hiện hành_trình "" , Grant_Brophy , nhà điều_tra an_toàn hàng_không , nói , cảnh_báo không nên đưa ra quá nhiều suy_đoán dựa vào hình_ảnh hiện_trường .",True,1.0,0,1.0,0
10408,2451,file_pdf,ok,,0.4086021505376344,0.10989010989010989,0.23655913978494625,-0.030882720680170006,0.07218597063621533,0.0,2452,71,0.009692900000000115,0.014570400000000205,"là m?t lý_do gi?i_thích t?i_sao
có ng??i s?ng_sót trong th?m_k?ch nh?_v?y "" , Geoffrey_Thomas , t?ng_biên_t?p Airlineratings.com ,
nh?n_??nh . nát t?i hi?n_tr??ng Nh?_Tâm Phi_c?",False,1.0004079967360262,52,1.0,0
14913,4165,text_baseline,ok,,0.6521739130434782,0.23684210526315788,0.3391304347826087,0.0,0.10348139255702281,0.04054054054054057,4165,35,0.0002319999999995659,0.0052960000000004115,"Chia_sẻ cảm_xúc về bộ_phim , cô Văn_Thuỳ_Dương , con_gái PGS Văn_Như_Cương , Phó Hiệu_trưởng trường Lương_Thế_Vinh bày_tỏ , bộ_phim nói lên sự giản_dị và chân_thực về cuộc_đời của thầy Văn_Như_Cương , một ông đồ khó_tính nhiều khi đến khó chiụ nhưng ẩn sau đó là một tình yêu_thương bao_la đối_với học_sinh , với mọi người . Các khách mời , giáo_viên và học_sinh trường Lương_Thế_Vinh xem bộ phim Ông đồ gàn về thầy Văn_Như_Cương .",True,1.0,0,1.0,0
14913,4165,file_txt,ok,,0.6521739130434782,0.23684210526315788,0.3391304347826087,0.0,0.10348139255702281,0.04054054054054057,4165,35,0.004148999999999958,0.005576899999999441,"Chia_sẻ cảm_xúc về bộ_phim , cô Văn_Thuỳ_Dương , con_gái PGS Văn_Như_Cương , Phó Hiệu_trưởng trường Lương_Thế_Vinh bày_tỏ , bộ_phim nói lên sự giản_dị và chân_thực về cuộc_đời của thầy Văn_Như_Cương , một ông đồ khó_tính nhiều khi đến khó chiụ nhưng ẩn sau đó là một tình yêu_thương bao_la đối_với học_sinh , với mọi người . Các khách mời , giáo_viên và học_sinh trường Lương_Thế_Vinh xem bộ phim Ông đồ gàn về thầy Văn_Như_Cương .",True,1.0,0,1.0,0
14913,4165,file_docx,ok,,0.6521739130434782,0.23684210526315788,0.3391304347826087,0.0,0.10348139255702281,0.04054054054054057,4165,35,0.022324399999999578,0.005018299999999698,"Chia_sẻ cảm_xúc về bộ_phim , cô Văn_Thuỳ_Dương , con_gái PGS Văn_Như_Cương , Phó Hiệu_trưởng trường Lương_Thế_Vinh bày_tỏ , bộ_phim nói lên sự giản_dị và chân_thực về cuộc_đời của thầy Văn_Như_Cương , một ông đồ khó_tính nhiều khi đến khó chiụ nhưng ẩn sau đó là một tình yêu_thương bao_la đối_với học_sinh , với mọi người . Các khách mời , giáo_viên và học_sinh trường Lương_Thế_Vinh xem bộ phim Ông đồ gàn về thầy Văn_Như_Cương .",True,1.0,0,1.0,0
14913,4165,file_pdf,ok,,0.703030303030303,0.20858895705521474,0.3636363636363636,0.02450592885375491,0.05063594912407007,0.02564102564102566,4167,124,0.01129089999999966,0.04874469999999942,"l?i nh?ng vi?c_làm r?t nhân_v?n c?a th?y_giáo V?n_Nh?_C??ng , b?i ngoài lúc "" gàn "" ra ,
thì c?ng r?t nhi?u tr??ng_h?p "" không nguyên_t?c "" ???c ông nh?n vào tr??ng . cu?c_??i c?a th?y V?n_Nh?_C??ng , m?t ông ??",False,1.0004801920768307,89,1.0,0
14438,2752,text_baseline,ok,,0.495575221238938,0.16216216216216217,0.2831858407079646,0.0,0.04796511627906977,0.0,2752,41,0.0003197000000003669,0.00786520000000035,"Cô_giáo chủ_nhiệm N.T . Ông Lê_Hữu_Phước , Hội_trưởng hội Cha_mẹ học_sinh Trường THCS Duy_Ninh cho_biết : "" Hành_động của cô_giáo T.",True,1.0,0,1.0,0
14438,2752,file_txt,ok,,0.495575221238938,0.16216216216216217,0.2831858407079646,0.0,0.04796511627906977,0.0,2752,41,0.002606500000000622,0.006028399999999934,"Cô_giáo chủ_nhiệm N.T . Ông Lê_Hữu_Phước , Hội_trưởng hội Cha_mẹ học_sinh Trường THCS Duy_Ninh cho_biết : "" Hành_động của cô_giáo T.",True,1.0,0,1.0,0
14438,2752,file_docx,ok,,0.495575221238938,0.16216216216216217,0.2831858407079646,0.0,0.04796511627906977,0.0,2752,41,0.01955849999999959,0.0064475000000001614,"Cô_giáo chủ_nhiệm N.T . Ông Lê_Hữu_Phước , Hội_trưởng hội Cha_mẹ học_sinh Trường THCS Duy_Ninh cho_biết : "" Hành_động của cô_giáo T.",True,1.0,0,1.0,0
14438,2752,file_pdf,ok,,0.5962732919254659,0.26415094339622647,0.3354037267080745,0.0522178860001099,0.09041394335511982,0.0,2754,79,0.010728499999999919,0.017855100000000235,"xã Duy_Ninh ( huy?n Qu?ng_Ninh , t?nh Qu?ng_Bình ) cho
bi?t , ?ang yêu_c?u x?_lý ki?m_?i?m nghiêm_túc cô_giáo ph?t h?c_sinh 231 cái tát khi?n cháu bé l?p 6
nh?p_vi?n . ?ã t?ng ph?t 2 h?c_sinh khác b?ng hình_th?c yêu_c?u các b?n cùng l?p tát vào má .",False,1.0007267441860466,38,1.0,0
1241,2561,text_baseline,ok,,0.38775510204081637,0.10416666666666667,0.24489795918367344,0.0,0.08043732916829363,0.02941176470588236,2561,22,0.00017029999999973455,0.002041900000000041,"Nhân chuyến biểu_diễn của Hồ_Quỳnh_Hương ở Hà_Nội , fan club của nữ ca_sĩ đã tổ_chức buổi giao_lưu ấm_cúng với các fan thân_thiết nhất . Song_Ngư Nữ ca_sĩ Hồ_Quỳnh_Hương trong buổi giao_lưu với fan hâm_mộ .",True,1.0,0,1.0,0
1241,2561,file_txt,ok,,0.38775510204081637,0.10416666666666667,0.24489795918367344,0.0,0.08043732916829363,0.02941176470588236,2561,22,0.0026946999999992727,0.0022508999999999446,"Nhân chuyến biểu_diễn của Hồ_Quỳnh_Hương ở Hà_Nội , fan club của nữ ca_sĩ đã tổ_chức buổi giao_lưu ấm_cúng với các fan thân_thiết nhất . Song_Ngư Nữ ca_sĩ Hồ_Quỳnh_Hương trong buổi giao_lưu với fan hâm_mộ .",True,1.0,0,1.0,0
1241,2561,file_docx,ok,,0.38775510204081637,0.10416666666666667,0.24489795918367344,0.0,0.08043732916829363,0.02941176470588236,2561,22,0.020747599999999977,0.0019767000000001644,"Nhân chuyến biểu_diễn của Hồ_Quỳnh_Hương ở Hà_Nội , fan club của nữ ca_sĩ đã tổ_chức buổi giao_lưu ấm_cúng với các fan thân_thiết nhất . Song_Ngư Nữ ca_sĩ Hồ_Quỳnh_Hương trong buổi giao_lưu với fan hâm_mộ .",True,1.0,0,1.0,0
1241,2561,file_pdf,ok,,0.37777777777777777,0.1590909090909091,0.24444444444444446,-0.0004535147392289718,0.06710885680842762,0.0,2563,99,0.010190399999999933,0.027713099999999713,"Fan c?ng lên k?_ho?ch
cùng H?_Qu?nh_H??ng t?_ch?c m?t chuy?n trao_t?ng quà cho nh?ng ng??i vô_gia_c? Ngoài_ra , sau T?t , m?t bu?i h?p fan v?i quy_mô l?n t?i Hà_N?i c?ng s?",False,1.0007809449433815,77,1.0,0
19076,3648,text_baseline,ok,,0.4832214765100671,0.24489795918367346,0.2684563758389262,0.0,0.08717105263157894,0.037735849056603765,3648,29,0.0002203000000005062,0.003972199999999759,"Sở Giao_thông Vận_tải tỉnh Thanh_Hoá vừa hoàn_thành cầu bộ_hành bắc qua đường_sắt tại nút giao_cắt từ quốc_lộ 1A rẽ vào quốc_lộ 217B , ở xã Quang_Trung , thị_xã Bỉm_Sơn . Mục_đích xây_dựng cầu nhằm phục_vụ cho việc đi_lại của người_dân xã Quang_Trung khi ngành đường_sắt thực_hiện đóng chắn nút giao đầu quốc_lộ 217B .",True,1.0,0,1.0,0
19076,3648,file_txt,ok,,0.4832214765100671,0.24489795918367346,0.2684563758389262,0.0,0.08717105263157894,0.037735849056603765,3648,29,0.003658499999999343,0.0040861000000003145,"Sở Giao_thông Vận_tải tỉnh Thanh_Hoá vừa hoàn_thành cầu bộ_hành bắc qua đường_sắt tại nút giao_cắt từ quốc_lộ 1A rẽ vào quốc_lộ 217B , ở xã Quang_Trung , thị_xã Bỉm_Sơn . Mục_đích xây_dựng cầu nhằm phục_vụ cho việc đi_lại của người_dân xã Quang_Trung khi ngành đường_sắt thực_hiện đóng chắn nút giao đầu quốc_lộ 217B .",True,1.0,0,1.0,0
19076,3648,file_docx,ok,,0.4832214765100671,0.24489795918367346,0.2684563758389262,0.0,0.08717105263157894,0.037735849056603765,3648,29,0.020118099999999473,0.003981200000000129,"Sở Giao_thông Vận_tải tỉnh Thanh_Hoá vừa hoàn_thành cầu bộ_hành bắc qua đường_sắt tại nút giao_cắt từ quốc_lộ 1A rẽ vào quốc_lộ 217B , ở xã Quang_Trung , thị_xã Bỉm_Sơn . Mục_đích xây_dựng cầu nhằm phục_vụ cho việc đi_lại của người_dân xã Quang_Trung khi ngành đường_sắt thực_hiện đóng chắn nút giao đầu quốc_lộ 217B .",True,1.0,0,1.0,0
19076,3648,file_pdf,ok,,0.48000000000000004,0.2926829268292683,0.304,0.03554362416107382,0.0684931506849315,0.0,3650,82,0.010592800000000402,0.02144139999999961,"cho vi?c ?i_l?i c?a ng??i_dân xã Quang_Trung khi ngành ???ng_s?t
th?c_hi?n ?óng ch?n nút giao ??u qu?c_l? Ngoài_ra theo ng??i_dân , v?_trí hai ?i?m lên xu?ng c?u_v??t
???ng_s?t ??t c?nh mép ???ng 1A và m?t tuy?n ???ng tránh khác khi?n ti?m_?n nguy_c?",False,1.000548245614035,53,1.0,0
13998,3637,text_baseline,ok,,0.6468401486988847,0.3670411985018727,0.3420074349442379,0.0,0.13967555677756394,0.024691358024691357,3637,21,0.00026840000000039055,0.002300100000000249,"Thanh_toán điện_tử được khuyến_khích bởi những hoạt_động thanh_toán này sẽ được ghi lại trên hệ_thống và từ đó nhà_chức_trách có_thể dễ_dàng kiểm_tra , giám_sát , cũng như bảo_vệ cho người dùng . Có_thể nói , sự nhập_cuộc vô_cùng mạnh_mẽ của hệ_thống ngân_hàng cùng sự phát_triển không ngừng của công_nghệ tạo điều_kiện cho người tiêu_dùng được trải nghiệm nhiều hơn các tiện_ích tài_chính hiện_đại với độ an_toàn , bảo_mật cao , từ đó dần thay_đổi thói_quen thanh_toán bằng tiền_mặt sang thanh_toán online .",True,1.0,0,1.0,0
13998,3637,file_txt,ok,,0.6468401486988847,0.3670411985018727,0.3420074349442379,0.0,0.13967555677756394,0.024691358024691357,3637,21,0.0032463000000007014,0.0022625000000005002,"Thanh_toán điện_tử được khuyến_khích bởi những hoạt_động thanh_toán này sẽ được ghi lại trên hệ_thống và từ đó nhà_chức_trách có_thể dễ_dàng kiểm_tra , giám_sát , cũng như bảo_vệ cho người dùng . Có_thể nói , sự nhập_cuộc vô_cùng mạnh_mẽ của hệ_thống ngân_hàng cùng sự phát_triển không ngừng của công_nghệ tạo điều_kiện cho người tiêu_dùng được trải nghiệm nhiều hơn các tiện_ích tài_chính hiện_đại với độ an_toàn , bảo_mật cao , từ đó dần thay_đổi thói_quen thanh_toán bằng tiền_mặt sang thanh_toán online .",True,1.0,0,1.0,0
13998,3637,file_docx,ok,,0.6468401486988847,0.3670411985018727,0.3420074349442379,0.0,0.13967555677756394,0.024691358024691357,3637,21,0.02103810000000017,0.0022908000000008144,"Thanh_toán điện_tử được khuyến_khích bởi những hoạt_động thanh_toán này sẽ được ghi lại trên hệ_thống và từ đó nhà_chức_trách có_thể dễ_dàng kiểm_tra , giám_sát , cũng như bảo_vệ cho người dùng . Có_thể nói , sự nhập_cuộc vô_cùng mạnh_mẽ của hệ_thống ngân_hàng cùng sự phát_triển không ngừng của công_nghệ tạo điều_kiện cho người tiêu_dùng được trải nghiệm nhiều hơn các tiện_ích tài_chính hiện_đại với độ an_toàn , bảo_mật cao , từ đó dần thay_đổi thói_quen thanh_toán bằng tiền_mặt sang thanh_toán online .",True,1.0,0,1.0,0
13998,3637,file_pdf,ok,,0.6557377049180328,0.27624309392265195,0.36065573770491804,0.018648302760680135,0.07007419620774938,0.0,3639,84,0.011016300000001422,0.02163720000000069,"ti?n_m?t trong t?ng ph??ng_ti?n thanh_toán là khá cao so v?i nhi?u n??c trên th?_gi?i , dù
c?_s?_h?_t?ng cho thanh_toán tr?c_tuy?n ?ã có nh?ng b??c phát_tri?n nh?t_??nh . , d?n t?i ng?i
thay_??i thói_quen truy?n_th?ng c?a mình - thanh_toán b?ng ti?n_m?t .",False,1.0005499037668408,63,1.0,0
4850,3213,text_baseline,ok,,0.6060606060606061,0.4,0.37878787878787873,0.0,0.08403361344537816,0.09756097560975607,3213,26,0.00019510000000089178,0.0029170999999994507,Tổng_thống Hàn_Quốc Roh_Moo_Hyun và phu_nhân trở_về Hàn_Quốc ( giữa ) sau hội_nghị thượng_đỉnh liên Triều lần 2 năm 2007 - Ảnh : NYT . Nhà_lãnh_đạo Triều_Tiên_Kim_Jong_Il đón_tiếp Tổng_thống Hàn_Quốc Roh_Moo_Hyun ( phải ) tại Bình_Nhưỡng ngày 2-10-2007 - Ảnh : REUTERS .,True,1.0,0,1.0,0
4850,3213,file_txt,ok,,0.6060606060606061,0.4,0.37878787878787873,0.0,0.08403361344537816,0.09756097560975607,3213,26,0.0032759999999996126,0.0031949000000004446,Tổng_thống Hàn_Quốc Roh_Moo_Hyun và phu_nhân trở_về Hàn_Quốc ( giữa ) sau hội_nghị thượng_đỉnh liên Triều lần 2 năm 2007 - Ảnh : NYT . Nhà_lãnh_đạo Triều_Tiên_Kim_Jong_Il đón_tiếp Tổng_thống Hàn_Quốc Roh_Moo_Hyun ( phải ) tại Bình_Nhưỡng ngày 2-10-2007 - Ảnh : REUTERS .,True,1.0,0,1.0,0
4850,3213,file_docx,ok,,0.6060606060606061,0.4,0.37878787878787873,0.0,0.08403361344537816,0.09756097560975607,3213,26,0.02054930000000077,0.003295899999999463,Tổng_thống Hàn_Quốc Roh_Moo_Hyun và phu_nhân trở_về Hàn_Quốc ( giữa ) sau hội_nghị thượng_đỉnh liên Triều lần 2 năm 2007 - Ảnh : NYT . Nhà_lãnh_đạo Triều_Tiên_Kim_Jong_Il đón_tiếp Tổng_thống Hàn_Quốc Roh_Moo_Hyun ( phải ) tại Bình_Nhưỡng ngày 2-10-2007 - Ảnh : REUTERS .,True,1.0,0,1.0,0
4850,3213,file_pdf,ok,,0.6585365853658537,0.375,0.36585365853658536,-0.012934220251293371,0.029548989113530325,0.0,3215,84,0.010359599999999247,0.020140399999998948,"t?_ch?c th??ng_??nh liên Tri?u l?n 2 t?i
Bình_Nh??ng . là m?t ?i?u_kho?n "" , T?ng_th?ng Roh nh?",False,1.0006224712107066,58,0.9985855728429985,0
19760,1719,text_baseline,ok,,0.6428571428571428,0.30434782608695654,0.3571428571428571,0.0,0.14136125654450263,0.475,1719,16,0.0001246000000012515,0.0010785000000002043,Tàu khách dân_sự đầu_tiên dự_kiến được đưa vào sử_dụng trong 2015 tạo thuận_lợi đi_lại giữa đất_liền và đảo Cồn_Cỏ . Hoàng_Táo Tàu khách dân_sự đầu_tiên dự_kiến được đưa vào sử_dụng trong 2015 tạo thuận_lợi đi_lại giữa đất_liền và đảo Cồn_Cỏ .,True,1.0,0,1.0,0
19760,1719,file_txt,ok,,0.6428571428571428,0.30434782608695654,0.3571428571428571,0.0,0.14136125654450263,0.475,1719,16,0.0018932000000013716,0.0011353999999990094,Tàu khách dân_sự đầu_tiên dự_kiến được đưa vào sử_dụng trong 2015 tạo thuận_lợi đi_lại giữa đất_liền và đảo Cồn_Cỏ . Hoàng_Táo Tàu khách dân_sự đầu_tiên dự_kiến được đưa vào sử_dụng trong 2015 tạo thuận_lợi đi_lại giữa đất_liền và đảo Cồn_Cỏ .,True,1.0,0,1.0,0
19760,1719,file_docx,ok,,0.6428571428571428,0.30434782608695654,0.3571428571428571,0.0,0.14136125654450263,0.475,1719,16,0.019796299999999434,0.0011175000000012147,Tàu khách dân_sự đầu_tiên dự_kiến được đưa vào sử_dụng trong 2015 tạo thuận_lợi đi_lại giữa đất_liền và đảo Cồn_Cỏ . Hoàng_Táo Tàu khách dân_sự đầu_tiên dự_kiến được đưa vào sử_dụng trong 2015 tạo thuận_lợi đi_lại giữa đất_liền và đảo Cồn_Cỏ .,True,1.0,0,1.0,0
19760,1719,file_pdf,ok,,0.6229508196721312,0.2833333333333333,0.3770491803278689,0.019906323185011787,0.11343804537521815,0.4838709677419355,1719,61,0.008158899999999747,0.008746199999999149,"??u_tiên d?_ki?n ???c ??a vào s?_d?ng trong 2015 t?o thu?n_l?i ?i_l?i gi?a ??t_li?n và ??o
C?n_C? ??u_tiên d?_ki?n ???c ??a vào s?_d?ng trong 2015 t?o thu?n_l?i ?i_l?i gi?a ??t_li?n và ??o C?n_C?",False,1.0,45,1.0,0
2581,3225,text_baseline,ok,,0.7100591715976331,0.4550898203592814,0.40236686390532544,0.0,0.09426356589147286,0.09999999999999998,3225,19,0.00024180000000129098,0.0021305999999992054,"Ngày 7-8 , đại_diện báo Tuổi_Trẻ tại Thanh_Hoá phối_hợp với Đảng_uỷ , UBND xã Na_Mèo , huyện Quan_Sơn đến bản Sa_Ná trao tiền của bạn_đọc báo Tuổi_Trẻ cho 34 hộ dân của bản bị mất nhà do đợt mưa_lũ vừa_qua . Người_dân bản Sa_Ná , xã Na_Mèo , huyện Quan_Sơn đi nhận hàng cứu_trợ ngày 7-8 - Ảnh : HÀ_ĐỒNG .",True,1.0,0,1.0,0
2581,3225,file_txt,ok,,0.7100591715976331,0.4550898203592814,0.40236686390532544,0.0,0.09426356589147286,0.09999999999999998,3225,19,0.0030983000000013305,0.0023028000000007154,"Ngày 7-8 , đại_diện báo Tuổi_Trẻ tại Thanh_Hoá phối_hợp với Đảng_uỷ , UBND xã Na_Mèo , huyện Quan_Sơn đến bản Sa_Ná trao tiền của bạn_đọc báo Tuổi_Trẻ cho 34 hộ dân của bản bị mất nhà do đợt mưa_lũ vừa_qua . Người_dân bản Sa_Ná , xã Na_Mèo , huyện Quan_Sơn đi nhận hàng cứu_trợ ngày 7-8 - Ảnh : HÀ_ĐỒNG .",True,1.0,0,1.0,0
2581,3225,file_docx,ok,,0.7100591715976331,0.4550898203592814,0.40236686390532544,0.0,0.09426356589147286,0.09999999999999998,3225,19,0.020876999999998702,0.0021190999999998184,"Ngày 7-8 , đại_diện báo Tuổi_Trẻ tại Thanh_Hoá phối_hợp với Đảng_uỷ , UBND xã Na_Mèo , huyện Quan_Sơn đến bản Sa_Ná trao tiền của bạn_đọc báo Tuổi_Trẻ cho 34 hộ dân của bản bị mất nhà do đợt mưa_lũ vừa_qua . Người_dân bản Sa_Ná , xã Na_Mèo , huyện Quan_Sơn đi nhận hàng cứu_trợ ngày 7-8 - Ảnh : HÀ_ĐỒNG .",True,1.0,0,1.0,0
2581,3225,file_pdf,ok,,0.5769230769230769,0.0980392156862745,0.28846153846153844,-0.11390532544378701,0.03594669972110319,0.0,3227,108,0.010843200000000053,0.030660199999999804,", h?_h?ng n?ng , ph?i vay_m??n ti?n c?a ng??i_thân tu s?a . , t?ng b??c ?n_??nh cu?c_s?ng "" - Anh Hà_V?n_B??i tâm_s?",False,1.0006201550387597,89,1.0,0
5590,2274,text_baseline,ok,,0.46391752577319584,0.13541666666666669,0.26804123711340205,0.0,0.17985927880386984,0.0117647058823529,2274,15,0.00015890000000062798,0.0011662999999995094,"Tuyên bố trước các nhà báo tại Bắc Kinh ngày 29-1 , ông Wen_Ku - một quan chức cấp cao của Bộ công nghiệp và Công nghệ thông_tin Trung_Quốc , chỉ trích các cáo buộc của Mỹ là "" bất công và vô đạo đức "" . Hãng tin AFP cho_biết Bộ Tư_pháp Mỹ ngày 28-1 đã công_bố 13 cáo_buộc chống lại bà Mạnh ( hiện đang được bảo_lãnh tại_ngoại ở Canada ) và 3 chi_nhánh liên_quan đến việc vi_phạm lệnh trừng_phạt Iran của Mỹ .",True,1.0,0,1.0,0
5590,2274,file_txt,ok,,0.46391752577319584,0.13541666666666669,0.26804123711340205,0.0,0.17985927880386984,0.0117647058823529,2274,15,0.00215689999999924,0.0011457999999997526,"Tuyên bố trước các nhà báo tại Bắc Kinh ngày 29-1 , ông Wen_Ku - một quan chức cấp cao của Bộ công nghiệp và Công nghệ thông_tin Trung_Quốc , chỉ trích các cáo buộc của Mỹ là "" bất công và vô đạo đức "" . Hãng tin AFP cho_biết Bộ Tư_pháp Mỹ ngày 28-1 đã công_bố 13 cáo_buộc chống lại bà Mạnh ( hiện đang được bảo_lãnh tại_ngoại ở Canada ) và 3 chi_nhánh liên_quan đến việc vi_phạm lệnh trừng_phạt Iran của Mỹ .",True,1.0,0,1.0,0
5590,2274,file_docx,ok,,0.46391752577319584,0.13541666666666669,0.26804123711340205,0.0,0.17985927880386984,0.0117647058823529,2274,15,0.020322300000000126,0.0013953999999998246,"Tuyên bố trước các nhà báo tại Bắc Kinh ngày 29-1 , ông Wen_Ku - một quan chức cấp cao của Bộ công nghiệp và Công nghệ thông_tin Trung_Quốc , chỉ trích các cáo buộc của Mỹ là "" bất công và vô đạo đức "" . Hãng tin AFP cho_biết Bộ Tư_pháp Mỹ ngày 28-1 đã công_bố 13 cáo_buộc chống lại bà Mạnh ( hiện đang được bảo_lãnh tại_ngoại ở Canada ) và 3 chi_nhánh liên_quan đến việc vi_phạm lệnh trừng_phạt Iran của Mỹ .",True,1.0,0,1.0,0
5590,2274,file_pdf,ok,,0.5151515151515151,0.12307692307692308,0.27272727272727276,0.004686035613870709,0.09762532981530343,0.0,2274,70,0.00876039999999989,0.015058299999999747,"tr??c các nhà báo t?i B?c Kinh ngày 29-1 , ông Wen_Ku - m?t quan ch?c c?p cao c?a B? Tr??ng_h?p c?a bà
M?nh ?ã gây ra m?t cu?c kh?ng_ho?ng l?n gi?a Ottawa và B?c_Kinh và liên_quan m?t_thi?t ??n Washington
do Canada b?t_gi?",False,1.0,55,1.0,0
14528,2931,text_baseline,ok,,0.5034965034965034,0.24647887323943662,0.2867132867132867,0.0,0.21392016376663256,0.02941176470588236,2931,17,0.00017479999999991946,0.0014333000000004148,"Do_vậy , bộ GTVT đề_nghị Uỷ_ban_nhân_dân tỉnh Quảng_Ninh chỉ_đạo Sở GTVT Quảng_Ninh khẩn_trương yêu_cầu nhà_đầu_tư , Công_ty_Cổ_phần BOT Bạch_Đằng chỉ_đạo các đơn_vị tư_vấn thiết_kế , tư_vấn chuyển_giao công_nghệ , tư_vấn giám_sát kiểm_tra hiện_trường nghiên_cứu , đánh_giá các yếu_tố kỹ_thuật của cầu , trắc dọc cầu , ổn_định trụ tháp , ứng suất dây văng … Về nguyên_nhân dẫn đến hiện_tượng lún võng , trao_đổi với báo Giao_Thông vào ngày 3/11 , ông Nguyễn_Tiến_Oánh , Phó tổng_giám_đốc Công_ty CP BOT cầu Bạch_Đằng lý_giải , đây không phải là tình_trạng lún võng do khai_thác mà là sự chênh_lệch cao_độ giữa các đốt đúc dầm .",True,1.0,0,1.0,0
14528,2931,file_txt,ok,,0.5034965034965034,0.24647887323943662,0.2867132867132867,0.0,0.21392016376663256,0.02941176470588236,2931,17,0.0028834999999993727,0.001621699999999393,"Do_vậy , bộ GTVT đề_nghị Uỷ_ban_nhân_dân tỉnh Quảng_Ninh chỉ_đạo Sở GTVT Quảng_Ninh khẩn_trương yêu_cầu nhà_đầu_tư , Công_ty_Cổ_phần BOT Bạch_Đằng chỉ_đạo các đơn_vị tư_vấn thiết_kế , tư_vấn chuyển_giao công_nghệ , tư_vấn giám_sát kiểm_tra hiện_trường nghiên_cứu , đánh_giá các yếu_tố kỹ_thuật của cầu , trắc dọc cầu , ổn_định trụ tháp , ứng suất dây văng … Về nguyên_nhân dẫn đến hiện_tượng lún võng , trao_đổi với báo Giao_Thông vào ngày 3/11 , ông Nguyễn_Tiến_Oánh , Phó tổng_giám_đốc Công_ty CP BOT cầu Bạch_Đằng lý_giải , đây không phải là tình_trạng lún võng do khai_thác mà là sự chênh_lệch cao_độ giữa các đốt đúc dầm .",True,1.0,0,1.0,0
14528,2931,file_docx,ok,,0.5034965034965034,0.24647887323943662,0.2867132867132867,0.0,0.21392016376663256,0.02941176470588236,2931,17,0.01982379999999928,0.0014878999999989873,"Do_vậy , bộ GTVT đề_nghị Uỷ_ban_nhân_dân tỉnh Quảng_Ninh chỉ_đạo Sở GTVT Quảng_Ninh khẩn_trương yêu_cầu nhà_đầu_tư , Công_ty_Cổ_phần BOT Bạch_Đằng chỉ_đạo các đơn_vị tư_vấn thiết_kế , tư_vấn chuyển_giao công_nghệ , tư_vấn giám_sát kiểm_tra hiện_trường nghiên_cứu , đánh_giá các yếu_tố kỹ_thuật của cầu , trắc dọc cầu , ổn_định trụ tháp , ứng suất dây văng … Về nguyên_nhân dẫn đến hiện_tượng lún võng , trao_đổi với báo Giao_Thông vào ngày 3/11 , ông Nguyễn_Tiến_Oánh , Phó tổng_giám_đốc Công_ty CP BOT cầu Bạch_Đằng lý_giải , đây không phải là tình_trạng lún võng do khai_thác mà là sự chênh_lệch cao_độ giữa các đốt đúc dầm .",True,1.0,0,1.0,0
14528,2931,file_pdf,ok,,0.594871794871795,0.25906735751295334,0.31794871794871793,0.03123543123543121,0.11664392905866303,0.0714285714285714,2932,65,0.010443499999999162,0.014533099999999521,"V?n_b?n ghi rõ , th?i_gian g?n ?ây , các ph??ng_ti?n truy?n_thông ph?n_ánh vi?c c?u B?ch_??ng sau khi
thông xe có hi?n_t??ng lún võng , không b?ng_ph?ng , ?nh_h??ng ??n an_toàn giao_thông khi các
ph??ng_ti?n tham_gia l?u_thông trên c?u v?i t?c_?? ( T?ng_h?p ) C?u B?ch_??ng xu?t_hi?n hi?n_t??ng lún
võng , m?t th?ng_b?ng ( ?nh : Pháp_lu?t TP.",False,1.0003411804844762,48,1.0,0
18313,2770,text_baseline,ok,,0.4589041095890411,0.3241379310344828,0.32191780821917804,0.0,0.2263537906137184,0.053097345132743334,2770,19,0.00018400000000085015,0.0017610000000001236,"Trong kỳ điều_hành giá mới nhất ngày 4-1 , bảng công_bố giá cơ_sở và giá bán_lẻ các mặt_hàng xăng_dầu do liên_bộ Tài_chính - Công_thương đưa ra , chỉ có giá của xăng E5 cùng các mặt_hàng dầu mà chưa cập_nhật thêm giá bán của mặt_hàng xăng A 95 . Đồng_tình với việc Nhà_nước phải công_bố giá cơ_sở xăng A95 , ông Ngô_Trí_Long - chuyên_gia về giá - cho_rằng do xăng là mặt_hàng thiết_yếu , vật_tư chiến_lược phục_vụ hoạt_động sản_xuất kinh_doanh , đồng_thời còn là mặt_hàng bình_ổn giá của Nhà_nước , nên nếu Nhà_nước buông , không quản_lý giá đối_với xăng A95 mà để các thương_nhân tự định sẽ gây thiệt_hại cho người tiêu_dùng .",True,1.0,0,1.0,0
18313,2770,file_txt,ok,,0.4589041095890411,0.3241379310344828,0.32191780821917804,0.0,0.2263537906137184,0.053097345132743334,2770,19,0.0027670999999998003,0.0018221000000000487,"Trong kỳ điều_hành giá mới nhất ngày 4-1 , bảng công_bố giá cơ_sở và giá bán_lẻ các mặt_hàng xăng_dầu do liên_bộ Tài_chính - Công_thương đưa ra , chỉ có giá của xăng E5 cùng các mặt_hàng dầu mà chưa cập_nhật thêm giá bán của mặt_hàng xăng A 95 . Đồng_tình với việc Nhà_nước phải công_bố giá cơ_sở xăng A95 , ông Ngô_Trí_Long - chuyên_gia về giá - cho_rằng do xăng là mặt_hàng thiết_yếu , vật_tư chiến_lược phục_vụ hoạt_động sản_xuất kinh_doanh , đồng_thời còn là mặt_hàng bình_ổn giá của Nhà_nước , nên nếu Nhà_nước buông , không quản_lý giá đối_với xăng A95 mà để các thương_nhân tự định sẽ gây thiệt_hại cho người tiêu_dùng .",True,1.0,0,1.0,0
18313,2770,file_docx,ok,,0.4589041095890411,0.3241379310344828,0.32191780821917804,0.0,0.2263537906137184,0.053097345132743334,2770,19,0.02044770000000007,0.002269699999999375,"Trong kỳ điều_hành giá mới nhất ngày 4-1 , bảng công_bố giá cơ_sở và giá bán_lẻ các mặt_hàng xăng_dầu do liên_bộ Tài_chính - Công_thương đưa ra , chỉ có giá của xăng E5 cùng các mặt_hàng dầu mà chưa cập_nhật thêm giá bán của mặt_hàng xăng A 95 . Đồng_tình với việc Nhà_nước phải công_bố giá cơ_sở xăng A95 , ông Ngô_Trí_Long - chuyên_gia về giá - cho_rằng do xăng là mặt_hàng thiết_yếu , vật_tư chiến_lược phục_vụ hoạt_động sản_xuất kinh_doanh , đồng_thời còn là mặt_hàng bình_ổn giá của Nhà_nước , nên nếu Nhà_nước buông , không quản_lý giá đối_với xăng A95 mà để các thương_nhân tự định sẽ gây thiệt_hại cho người tiêu_dùng .",True,1.0,0,1.0,0
18313,2770,file_pdf,ok,,0.6753246753246753,0.2894736842105263,0.3116883116883117,-0.010229496530866355,0.08225108225108226,0.0,2772,81,0.01016940000000055,0.020819599999999383,"có m?t c?t b?m bán x?ng nên doanh_nghi?p ph?i l?a_ch?n m?t trong hai lo?i x?ng này . ho?t_??ng s?n_xu?t kinh_doanh , ??ng_th?i còn là m?t_hàng bình_?n giá c?a Nhà_n??c , nên n?u
Nhà_n??c buông , không qu?n_lý giá ??i_v?i x?ng A9",False,1.0007220216606498,62,0.9983669025585192,0
7791,2512,text_baseline,ok,,0.38410596026490074,0.32214765100671144,0.31788079470198677,0.0,0.1500796178343949,0.02941176470588236,2512,19,0.00017300000000020077,0.0017081000000001012,"Theo bản ghi_âm liên_lạc qua vô_tuyến mà công_ty an_ninh hàng_hải Dryad_Global của Anh thu được , Vệ_binh Cách_mạng Hồi_giáo Iran ( IRGC ) hôm 19/7 nói với tàu dầu Anh Stena_Impero tại eo_biển Hormuz rằng : "" Nếu các anh làm theo yêu_cầu của chúng_tôi thì sẽ được an_toàn . Huyền_Lê ( Theo Sun ) Quốc_kỳ Iran được treo trên tàu dầu Stena_Impero tại cảng Bandar_Abbas hôm 21/7 .",True,1.0,0,1.0,0
7791,2512,file_txt,ok,,0.38410596026490074,0.32214765100671144,0.31788079470198677,0.0,0.1500796178343949,0.02941176470588236,2512,19,0.0024021999999987997,0.0017113000000001932,"Theo bản ghi_âm liên_lạc qua vô_tuyến mà công_ty an_ninh hàng_hải Dryad_Global của Anh thu được , Vệ_binh Cách_mạng Hồi_giáo Iran ( IRGC ) hôm 19/7 nói với tàu dầu Anh Stena_Impero tại eo_biển Hormuz rằng : "" Nếu các anh làm theo yêu_cầu của chúng_tôi thì sẽ được an_toàn . Huyền_Lê ( Theo Sun ) Quốc_kỳ Iran được treo trên tàu dầu Stena_Impero tại cảng Bandar_Abbas hôm 21/7 .",True,1.0,0,1.0,0
7791,2512,file_docx,ok,,0.38410596026490074,0.32214765100671144,0.31788079470198677,0.0,0.1500796178343949,0.02941176470588236,2512,19,0.02028780000000019,0.0016897000000000162,"Theo bản ghi_âm liên_lạc qua vô_tuyến mà công_ty an_ninh hàng_hải Dryad_Global của Anh thu được , Vệ_binh Cách_mạng Hồi_giáo Iran ( IRGC ) hôm 19/7 nói với tàu dầu Anh Stena_Impero tại eo_biển Hormuz rằng : "" Nếu các anh làm theo yêu_cầu của chúng_tôi thì sẽ được an_toàn . Huyền_Lê ( Theo Sun ) Quốc_kỳ Iran được treo trên tàu dầu Stena_Impero tại cảng Bandar_Abbas hôm 21/7 .",True,1.0,0,1.0,0
7791,2512,file_pdf,ok,,0.34013605442176864,0.1931034482758621,0.24489795918367344,-0.07298283551831333,0.13961813842482101,0.03076923076923077,2514,64,0.009968100000000035,0.011167999999999623,"Các c?nh quay
???c th?c_hi?n t?i c?ng Bandar_Abbas , phía nam Iran , n?i tàu d?u Anh ?ang b? Theo b?n ghi_âm
liên_l?c qua vô_tuy?n mà công_ty an_ninh hàng_h?i Dryad_Global c?a Anh thu ???c , V?_binh Cách_m?ng
H?i_giáo Iran ( IRGC ) hôm 19/7 nói v?i tàu d?u Anh Stena_Impero t?i eo_bi?n Hormuz r?ng : "" N?u các anh
làm theo yêu_c?u c?a chúng_tôi thì s?",False,1.000796178343949,45,1.0,0
2597,2625,text_baseline,ok,,0.4099378881987578,0.07547169811320754,0.21118012422360247,0.0,0.13104761904761905,0.08196721311475408,2625,25,0.00016819999999917457,0.0024235000000008,"Theo ông Phong , hiện việc chỉ_đạo giữa các sở ngành rời_rạc , không tập_trung nên không tạo được sự chuyển_động : "" Thành_phố nói năm 2019 là năm cải_cách mạnh_mẽ hành_chính nhưng sở ngành , quận_huyện chỉ_đạo không ra kết_quả . Vì_thế các sở ngành , quận_huyện phải tập_trung , chỉ_đạo một_vài dự_án trọng_điểm để tạo cú hích cho nhà_đầu_tư .",True,1.0,0,1.0,0
2597,2625,file_txt,ok,,0.4099378881987578,0.07547169811320754,0.21118012422360247,0.0,0.13104761904761905,0.08196721311475408,2625,25,0.0027013000000000176,0.0025694999999998913,"Theo ông Phong , hiện việc chỉ_đạo giữa các sở ngành rời_rạc , không tập_trung nên không tạo được sự chuyển_động : "" Thành_phố nói năm 2019 là năm cải_cách mạnh_mẽ hành_chính nhưng sở ngành , quận_huyện chỉ_đạo không ra kết_quả . Vì_thế các sở ngành , quận_huyện phải tập_trung , chỉ_đạo một_vài dự_án trọng_điểm để tạo cú hích cho nhà_đầu_tư .",True,1.0,0,1.0,0
2597,2625,file_docx,ok,,0.4099378881987578,0.07547169811320754,0.21118012422360247,0.0,0.13104761904761905,0.08196721311475408,2625,25,0.02070819999999962,0.002626199999999912,"Theo ông Phong , hiện việc chỉ_đạo giữa các sở ngành rời_rạc , không tập_trung nên không tạo được sự chuyển_động : "" Thành_phố nói năm 2019 là năm cải_cách mạnh_mẽ hành_chính nhưng sở ngành , quận_huyện chỉ_đạo không ra kết_quả . Vì_thế các sở ngành , quận_huyện phải tập_trung , chỉ_đạo một_vài dự_án trọng_điểm để tạo cú hích cho nhà_đầu_tư .",True,1.0,0,1.0,0
2597,2625,file_pdf,ok,,0.5494505494505494,0.1348314606741573,0.30769230769230765,0.09651218346870519,0.04950495049504951,0.0,2626,92,0.010436999999999585,0.020603499999999997,"nh?ng th?_t?c thu?c th?m_quy?n trung_??ng c?ng ph?i ?eo_bám quy?t_li?t . HCM Tr??ng_V?n_L?m trao_??i t?i cu?c
h?p - ?nh : T?_TRUNG",False,1.0003809523809524,67,1.0,0
10618,1577,text_baseline,ok,,0.38961038961038963,0.06578947368421054,0.24675324675324675,0.0,0.2257450856055802,0.1311475409836066,1577,10,0.00012149999999877537,0.0006339000000004091,"Thủ_tướng Nguyễn_Xuân_Phúc cùng phu_nhân sáng nay rời Hà_Nội , lên_đường tham_dự Hội_nghị Cấp cao ASEAN lần thứ 33 và các Hội_nghị Cấp cao liên_quan từ ngày 13-15/11 tại Singapore , theo lời mời của Thủ_tướng Lý_Hiển_Long , TTXVN đưa tin . Hồi tháng 4 , Thủ_tướng Nguyễn_Xuân_Phúc khi đến dự Hội_nghị Cấp cao ASEAN lần thứ 32 đã thăm chính_thức Singapore .",True,1.0,0,1.0,0
10618,1577,file_txt,ok,,0.38961038961038963,0.06578947368421054,0.24675324675324675,0.0,0.2257450856055802,0.1311475409836066,1577,10,0.0016845999999990369,0.0006447999999998899,"Thủ_tướng Nguyễn_Xuân_Phúc cùng phu_nhân sáng nay rời Hà_Nội , lên_đường tham_dự Hội_nghị Cấp cao ASEAN lần thứ 33 và các Hội_nghị Cấp cao liên_quan từ ngày 13-15/11 tại Singapore , theo lời mời của Thủ_tướng Lý_Hiển_Long , TTXVN đưa tin . Hồi tháng 4 , Thủ_tướng Nguyễn_Xuân_Phúc khi đến dự Hội_nghị Cấp cao ASEAN lần thứ 32 đã thăm chính_thức Singapore .",True,1.0,0,1.0,0
10618,1577,file_docx,ok,,0.38961038961038963,0.06578947368421054,0.24675324675324675,0.0,0.2257450856055802,0.1311475409836066,1577,10,0.020578399999999775,0.0006832000000009941,"Thủ_tướng Nguyễn_Xuân_Phúc cùng phu_nhân sáng nay rời Hà_Nội , lên_đường tham_dự Hội_nghị Cấp cao ASEAN lần thứ 33 và các Hội_nghị Cấp cao liên_quan từ ngày 13-15/11 tại Singapore , theo lời mời của Thủ_tướng Lý_Hiển_Long , TTXVN đưa tin . Hồi tháng 4 , Thủ_tướng Nguyễn_Xuân_Phúc khi đến dự Hội_nghị Cấp cao ASEAN lần thứ 32 đã thăm chính_thức Singapore .",True,1.0,0,1.0,0
10618,1577,file_pdf,ok,,0.49056603773584895,0.07692307692307691,0.3018867924528302,0.055133545699583425,0.11667723525681674,0.0,1577,47,0.010734299999999308,0.007147599999999699,", th??ng_m?i , phát_tri?n c?_s?_h?_t?ng , ?ng_phó v?i
các bi?n_??ng c?a kinh_t? Chuy?n th?m c?a Th?_t??ng
Vi?t_Nam di?n ra trong b?i_c?nh hai n??c k?_ni?m 45 n?m ngày thi?t_l?p quan_h?",False,1.0,37,1.0,0
4572,3857,text_baseline,ok,,0.4742268041237114,0.14583333333333334,0.29896907216494845,0.0,0.11122634171635987,0.013513513513513487,3857,29,0.00021849999999901115,0.0036853999999983955,"Nguồn cảm_hứng cho người nghèo Nhậm_chức tổng_thống Mexico từ ngày 1-12-2018 , cách ông Obrador thắng_cử giữa giai_đoạn Mexico rơi vào khó_khăn trăm bề đã phản_ánh sự_thật rằng trước_tiên ông là một nguồn cảm_hứng . Có_thể người_ta mong ông đủ khả_năng "" đập đi , xây lại "" Mexico , nhưng trong thế_giới chính_trị - bao_gồm việc dung_hoà lợi_ích với các đồng_sự lẫn giới nhà giàu Mexico - rõ_ràng không đơn_giản cho ông Obrador .",True,1.0,0,1.0,0
4572,3857,file_txt,ok,,0.4742268041237114,0.14583333333333334,0.29896907216494845,0.0,0.11122634171635987,0.013513513513513487,3857,29,0.0038018999999991365,0.0037871000000002653,"Nguồn cảm_hứng cho người nghèo Nhậm_chức tổng_thống Mexico từ ngày 1-12-2018 , cách ông Obrador thắng_cử giữa giai_đoạn Mexico rơi vào khó_khăn trăm bề đã phản_ánh sự_thật rằng trước_tiên ông là một nguồn cảm_hứng . Có_thể người_ta mong ông đủ khả_năng "" đập đi , xây lại "" Mexico , nhưng trong thế_giới chính_trị - bao_gồm việc dung_hoà lợi_ích với các đồng_sự lẫn giới nhà giàu Mexico - rõ_ràng không đơn_giản cho ông Obrador .",True,1.0,0,1.0,0
4572,3857,file_docx,ok,,0.4742268041237114,0.14583333333333334,0.29896907216494845,0.0,0.11122634171635987,0.013513513513513487,3857,29,0.019801599999999198,0.0037234000000001544,"Nguồn cảm_hứng cho người nghèo Nhậm_chức tổng_thống Mexico từ ngày 1-12-2018 , cách ông Obrador thắng_cử giữa giai_đoạn Mexico rơi vào khó_khăn trăm bề đã phản_ánh sự_thật rằng trước_tiên ông là một nguồn cảm_hứng . Có_thể người_ta mong ông đủ khả_năng "" đập đi , xây lại "" Mexico , nhưng trong thế_giới chính_trị - bao_gồm việc dung_hoà lợi_ích với các đồng_sự lẫn giới nhà giàu Mexico - rõ_ràng không đơn_giản cho ông Obrador .",True,1.0,0,1.0,0
4572,3857,file_pdf,ok,,0.5106382978723404,0.2014388489208633,0.31205673758865243,0.013087665423703987,0.06298600311041991,0.0,3858,88,0.010872500000001395,0.021209300000000653,"Ngu?n c?m_h?ng cho ng??i nghèo Nh?m_ch?c t?ng_th?ng
Mexico t? là khi ông Obrador quy?t_??nh c?t l??ng c?a chính mình xu?ng còn 108.000 peso / tháng (
t??ng_???ng 5.250 USD ) , t?c còn m?t_n?a so v?i ng??i ti?n_nhi?m , ?ó ch?a h?n là ?i?u t?t .",False,1.0002592688618097,59,1.0,0
5293,2690,text_baseline,ok,,0.5064935064935064,0.14473684210526314,0.3116883116883117,0.0,0.12156133828996282,0.036363636363636376,2690,21,0.00017589999999856332,0.0018745999999989493,"Các lô thuốc Pneumorel chứa hoạt_chất Fenspiride đang có_mặt tại các hiệu thuốc , cơ_sở y_tế và nhà_phân_phối tại Pháp đều đã bị thu_hồi vào ngày 8-2-2019 . Với tình_trạng mua_bán thuốc tự_do như ở Việt_Nam , người tiêu_dùng có_thể mua được các loại thuốc chứa hoạt_chất Fenspiride một_cách dễ_dàng mà không cần tư_vấn bác_sĩ .",True,1.0,0,1.0,0
5293,2690,file_txt,ok,,0.5064935064935064,0.14473684210526314,0.3116883116883117,0.0,0.12156133828996282,0.036363636363636376,2690,21,0.0023247000000008455,0.0021126999999996343,"Các lô thuốc Pneumorel chứa hoạt_chất Fenspiride đang có_mặt tại các hiệu thuốc , cơ_sở y_tế và nhà_phân_phối tại Pháp đều đã bị thu_hồi vào ngày 8-2-2019 . Với tình_trạng mua_bán thuốc tự_do như ở Việt_Nam , người tiêu_dùng có_thể mua được các loại thuốc chứa hoạt_chất Fenspiride một_cách dễ_dàng mà không cần tư_vấn bác_sĩ .",True,1.0,0,1.0,0
5293,2690,file_docx,ok,,0.5064935064935064,0.14473684210526314,0.3116883116883117,0.0,0.12156133828996282,0.036363636363636376,2690,21,0.020291999999999533,0.0025212999999997265,"Các lô thuốc Pneumorel chứa hoạt_chất Fenspiride đang có_mặt tại các hiệu thuốc , cơ_sở y_tế và nhà_phân_phối tại Pháp đều đã bị thu_hồi vào ngày 8-2-2019 . Với tình_trạng mua_bán thuốc tự_do như ở Việt_Nam , người tiêu_dùng có_thể mua được các loại thuốc chứa hoạt_chất Fenspiride một_cách dễ_dàng mà không cần tư_vấn bác_sĩ .",True,1.0,0,1.0,0
5293,2690,file_pdf,ok,,0.4666666666666667,0.03389830508474577,0.2666666666666667,-0.04502164502164496,0.08655274888558692,0.11764705882352944,2692,70,0.01015429999999995,0.01300600000000074,"Pneumorel là m?t lo?i thu?c ch?a ho?t_ch?t fenspiride ???c
s?_d?ng trong ?i?u_tr? Vì_v?y , ng??i tiêu_dùng ???c khuy?n_cáo nên ch?_??ng t?m ng?ng
s?_d?ng các lo?i thu?c ch?a ho?t_ch?t Fenspiride và cân_nh?c s?_d?ng các thu?c thay_th?",False,1.0007434944237918,49,0.998282770463652,0
14422,2735,text_baseline,ok,,0.6065573770491803,0.3,0.37704918032786877,0.0,0.08190127970749543,0.0,2735,23,0.00017020000000123048,0.002165900000001386,"Trận mưa_đá kèm theo giông lốc kéo_dài khoảng 10 phút xảy ra trên địa_bàn các xã : Chiềng_Ngàm , Noong_Lay , Mường_Khiên , Liệp_Tè , Bó_Mười khiến hơn 300 hộ dân bị ảnh_hưởng . Mưa_đá gây thiệt_hại về tài_sản của người_dân .",True,1.0,0,1.0,0
14422,2735,file_txt,ok,,0.6065573770491803,0.3,0.37704918032786877,0.0,0.08190127970749543,0.0,2735,23,0.0030133000000009957,0.0022663000000004985,"Trận mưa_đá kèm theo giông lốc kéo_dài khoảng 10 phút xảy ra trên địa_bàn các xã : Chiềng_Ngàm , Noong_Lay , Mường_Khiên , Liệp_Tè , Bó_Mười khiến hơn 300 hộ dân bị ảnh_hưởng . Mưa_đá gây thiệt_hại về tài_sản của người_dân .",True,1.0,0,1.0,0
14422,2735,file_docx,ok,,0.6065573770491803,0.3,0.37704918032786877,0.0,0.08190127970749543,0.0,2735,23,0.019760800000000245,0.002371300000000076,"Trận mưa_đá kèm theo giông lốc kéo_dài khoảng 10 phút xảy ra trên địa_bàn các xã : Chiềng_Ngàm , Noong_Lay , Mường_Khiên , Liệp_Tè , Bó_Mười khiến hơn 300 hộ dân bị ảnh_hưởng . Mưa_đá gây thiệt_hại về tài_sản của người_dân .",True,1.0,0,1.0,0
14422,2735,file_pdf,ok,,0.625,0.18181818181818182,0.33928571428571436,-0.037763466042154414,0.06941907197661673,0.0,2737,61,0.010019700000000853,0.01197149999999958,"Dân Vi?t ghi_nh?n ý_ki?n c?a ng??i_dân ??a_ph??ng ,
cho_bi?t tr?n m?a_?á b?t_??u t? M?a_?á x?y ra s?m , báo_hi?u m?t n?m th?i_ti?t ??y bi?n_??ng ??i_v?i vùng Tây_B?c ( ?nh :
báo Giáo_d?c ) .",False,1.0007312614259598,38,1.0,0
15241,1689,text_baseline,ok,,0.43181818181818177,0.11627906976744186,0.20454545454545456,0.0,0.06098283007696862,0.0,1689,29,0.00012339999999966267,0.0028503999999998086,"Theo vị Chủ_tịch xã , có 5 học_sinh đánh hội_đồng 1 nữ_sinh . , học_sinh lớp 8 và em Hồ_Thị_Phương_Th .",True,1.0,0,1.0,0
15241,1689,file_txt,ok,,0.43181818181818177,0.11627906976744186,0.20454545454545456,0.0,0.06098283007696862,0.0,1689,29,0.00178350000000016,0.0030095000000009975,"Theo vị Chủ_tịch xã , có 5 học_sinh đánh hội_đồng 1 nữ_sinh . , học_sinh lớp 8 và em Hồ_Thị_Phương_Th .",True,1.0,0,1.0,0
15241,1689,file_docx,ok,,0.43181818181818177,0.11627906976744186,0.20454545454545456,0.0,0.06098283007696862,0.0,1689,29,0.02000090000000121,0.003193100000000726,"Theo vị Chủ_tịch xã , có 5 học_sinh đánh hội_đồng 1 nữ_sinh . , học_sinh lớp 8 và em Hồ_Thị_Phương_Th .",True,1.0,0,1.0,0
15241,1689,file_pdf,ok,,0.5636363636363636,0.16666666666666666,0.27272727272727276,0.0681818181818182,0.08703374777975133,0.032258064516129004,1689,51,0.008313599999999255,0.00720650000000056,"Tr??c ?ó , m?t ?o?n clip dài h?n 2 phút
ghi l?i c?nh nhóm n?_sinh b?t 1 n?_sinh khác ph?i qu? Tr??c s?c_ép c?a nhóm b?n , n?_sinh này bu?c ph?i qu?",False,1.0,22,1.0,0
3515,1730,text_baseline,ok,,0.4434782608695652,0.2807017543859649,0.2956521739130435,0.0,0.3040462427745665,0.08235294117647063,1730,11,0.0001373999999998432,0.0007403000000003601,"Sáng 21-3 , trao_đổi với Tuổi_Trẻ Online , ông Trần_Hồng - trưởng_Phòng Tổ_chức cán_bộ , Sở NN & PTNT Quảng_Nam - xác_nhận thông_tin có 4 lãnh_đạo , cán_bộ ngành kiểm_lâm tỉnh này vừa bị kỷ_luật liên_quan đến vụ phá rừng_phòng_hộ Tiên_Lãnh , huyện Tiên_Phước , Quảng_Nam . Cũng liên_quan đến vụ phá rừng Tiên_Lãnh , ông Bùi_Văn_Tưởng - Hạt_trưởng Hạt Kiểm_lâm Nam_Quảng_Nam - bị kỷ_luật với hình_thức khiển_trách , ông Nguyễn_Hoàng_Mai - kiểm_lâm_viên phụ_trách địa_bàn xã Tiên_Lãnh bị cảnh_cáo cả về mặt Đảng và chính_quyền .",True,1.0,0,1.0,0
3515,1730,file_txt,ok,,0.4434782608695652,0.2807017543859649,0.2956521739130435,0.0,0.3040462427745665,0.08235294117647063,1730,11,0.0017798999999989462,0.0008644999999987135,"Sáng 21-3 , trao_đổi với Tuổi_Trẻ Online , ông Trần_Hồng - trưởng_Phòng Tổ_chức cán_bộ , Sở NN & PTNT Quảng_Nam - xác_nhận thông_tin có 4 lãnh_đạo , cán_bộ ngành kiểm_lâm tỉnh này vừa bị kỷ_luật liên_quan đến vụ phá rừng_phòng_hộ Tiên_Lãnh , huyện Tiên_Phước , Quảng_Nam . Cũng liên_quan đến vụ phá rừng Tiên_Lãnh , ông Bùi_Văn_Tưởng - Hạt_trưởng Hạt Kiểm_lâm Nam_Quảng_Nam - bị kỷ_luật với hình_thức khiển_trách , ông Nguyễn_Hoàng_Mai - kiểm_lâm_viên phụ_trách địa_bàn xã Tiên_Lãnh bị cảnh_cáo cả về mặt Đảng và chính_quyền .",True,1.0,0,1.0,0
3515,1730,file_docx,ok,,0.4434782608695652,0.2807017543859649,0.2956521739130435,0.0,0.3040462427745665,0.08235294117647063,1730,11,0.020027900000000542,0.0008169000000002313,"Sáng 21-3 , trao_đổi với Tuổi_Trẻ Online , ông Trần_Hồng - trưởng_Phòng Tổ_chức cán_bộ , Sở NN & PTNT Quảng_Nam - xác_nhận thông_tin có 4 lãnh_đạo , cán_bộ ngành kiểm_lâm tỉnh này vừa bị kỷ_luật liên_quan đến vụ phá rừng_phòng_hộ Tiên_Lãnh , huyện Tiên_Phước , Quảng_Nam . Cũng liên_quan đến vụ phá rừng Tiên_Lãnh , ông Bùi_Văn_Tưởng - Hạt_trưởng Hạt Kiểm_lâm Nam_Quảng_Nam - bị kỷ_luật với hình_thức khiển_trách , ông Nguyễn_Hoàng_Mai - kiểm_lâm_viên phụ_trách địa_bàn xã Tiên_Lãnh bị cảnh_cáo cả về mặt Đảng và chính_quyền .",True,1.0,0,1.0,0
3515,1730,file_pdf,ok,,0.6605504587155963,0.2803738317757009,0.3853211009174312,0.08966892700438772,0.09190751445086705,0.0,1730,53,0.00867479999999965,0.009346300000000696,"phá r?ng Tiên_Lãnh , ông Bùi_V?n_T??ng -
H?t_tr??ng H?t Ki?m_lâm Nam_Qu?ng_Nam - b? n?m 2011-2017 c?_quan_ch?c_n?ng Qu?ng_Nam ?ã phát_hi?n ,
l?p biên_b?n 54 v?",False,1.0,42,1.0,0
17037,1999,text_baseline,ok,,0.6533333333333333,0.2972972972972973,0.36,0.0,0.11805902951475739,0.08108108108108103,1999,16,0.0001326999999999856,0.0011855000000000615,"Theo đó , lực_lượng cảnh_sát giao_thông trên toàn TP tiến_hành ghi lại hình_ảnh vi_phạm thông_qua camera và trích xuất làm căn_cứ xử_phạt . Cảnh_sát giao_thông sẽ trích xuất các hình_ảnh vi_phạm để làm cơ_sở thực_hiện công_tác xử_phạt .",True,1.0,0,1.0,0
17037,1999,file_txt,ok,,0.6533333333333333,0.2972972972972973,0.36,0.0,0.11805902951475739,0.08108108108108103,1999,16,0.0020164000000004734,0.0015147999999989281,"Theo đó , lực_lượng cảnh_sát giao_thông trên toàn TP tiến_hành ghi lại hình_ảnh vi_phạm thông_qua camera và trích xuất làm căn_cứ xử_phạt . Cảnh_sát giao_thông sẽ trích xuất các hình_ảnh vi_phạm để làm cơ_sở thực_hiện công_tác xử_phạt .",True,1.0,0,1.0,0
17037,1999,file_docx,ok,,0.6533333333333333,0.2972972972972973,0.36,0.0,0.11805902951475739,0.08108108108108103,1999,16,0.019919899999999657,0.0012553999999997956,"Theo đó , lực_lượng cảnh_sát giao_thông trên toàn TP tiến_hành ghi lại hình_ảnh vi_phạm thông_qua camera và trích xuất làm căn_cứ xử_phạt . Cảnh_sát giao_thông sẽ trích xuất các hình_ảnh vi_phạm để làm cơ_sở thực_hiện công_tác xử_phạt .",True,1.0,0,1.0,0
17037,1999,file_pdf,ok,,0.65625,0.34920634920634924,0.390625,0.030625000000000013,0.08454227113556778,0.0,1999,49,0.008926800000001123,0.0066955999999986915,"Khi ng??i nh?n ???c thông_báo ??n gi?i_quy?t v?_vi?c , cán
b?_x?_lý vi_ph?m hành_chính s? , cài_??t ph?n_m?m ?ng_d?ng và t?_ch?c t?p_hu?n , h??ng_d?n các
b??c , trình_t?",False,1.0,33,1.0,0
16985,1263,text_baseline,ok,,0.5714285714285714,0.2096774193548387,0.33333333333333326,0.0,0.17973079968329375,0.0,1263,14,0.00012650000000036243,0.0008623999999990417,"Sau đó Tuấn lục trong người nạn_nhân lấy vài trăm_nghìn đồng rồi đem thi_thể của chị N. Đến tối 3-2 lực_lượng chức_năng đã tìm thấy thi_thể nạn_nhân trên sông Thu_Bồn , đoạn chảy qua xã Đại_Thạnh ( huyện Đại_Lộc , Quảng_Nam ) .",True,1.0,0,1.0,0
16985,1263,file_txt,ok,,0.5714285714285714,0.2096774193548387,0.33333333333333326,0.0,0.17973079968329375,0.0,1263,14,0.0013795999999999253,0.0009680999999996942,"Sau đó Tuấn lục trong người nạn_nhân lấy vài trăm_nghìn đồng rồi đem thi_thể của chị N. Đến tối 3-2 lực_lượng chức_năng đã tìm thấy thi_thể nạn_nhân trên sông Thu_Bồn , đoạn chảy qua xã Đại_Thạnh ( huyện Đại_Lộc , Quảng_Nam ) .",True,1.0,0,1.0,0
16985,1263,file_docx,ok,,0.5714285714285714,0.2096774193548387,0.33333333333333326,0.0,0.17973079968329375,0.0,1263,14,0.019453699999999685,0.0009125000000000938,"Sau đó Tuấn lục trong người nạn_nhân lấy vài trăm_nghìn đồng rồi đem thi_thể của chị N. Đến tối 3-2 lực_lượng chức_năng đã tìm thấy thi_thể nạn_nhân trên sông Thu_Bồn , đoạn chảy qua xã Đại_Thạnh ( huyện Đại_Lộc , Quảng_Nam ) .",True,1.0,0,1.0,0
16985,1263,file_pdf,ok,,0.625,0.23404255319148934,0.35416666666666663,0.02083333333333337,0.110055423594616,0.0,1263,32,0.010548800000000469,0.002894299999999461,"??n t?i 3-2 l?c_l??ng ch?c_n?ng ?ã tìm th?y thi_th? n?n_nhân trên sông
Thu_B?n , ?o?n ch?y qua xã ??i_Th?nh ( huy?n ??i_L?c , Qu?ng_Nam ) .",False,1.0,18,1.0,0
10706,5095,text_baseline,ok,,0.6527777777777778,0.3098591549295775,0.38888888888888895,0.0,0.059470068694798824,0.022222222222222254,5095,39,0.00035279999999993095,0.006350599999999318,"Các thiết_giáp_hạm sau_này đều thiết_kế theo khuôn_mẫu HMS Dreadnought , khiến tên của còn tàu này trở_thành tên một loại tàu_chiến trong lịch_sử . Dreadnought được bọc thép tương_đương lớp Lord_Nelson , thế_hệ thiết_giáp_hạm cuối_cùng được hải_quân hoàng_gia Anh đóng trước khi HMS Dreadnought ra_đời .",True,1.0,0,1.0,0
10706,5095,file_txt,ok,,0.6527777777777778,0.3098591549295775,0.38888888888888895,0.0,0.059470068694798824,0.022222222222222254,5095,39,0.004266799999999904,0.007125399999999615,"Các thiết_giáp_hạm sau_này đều thiết_kế theo khuôn_mẫu HMS Dreadnought , khiến tên của còn tàu này trở_thành tên một loại tàu_chiến trong lịch_sử . Dreadnought được bọc thép tương_đương lớp Lord_Nelson , thế_hệ thiết_giáp_hạm cuối_cùng được hải_quân hoàng_gia Anh đóng trước khi HMS Dreadnought ra_đời .",True,1.0,0,1.0,0
10706,5095,file_docx,ok,,0.6527777777777778,0.3098591549295775,0.38888888888888895,0.0,0.059470068694798824,0.022222222222222254,5095,39,0.021017900000000367,0.006478399999998885,"Các thiết_giáp_hạm sau_này đều thiết_kế theo khuôn_mẫu HMS Dreadnought , khiến tên của còn tàu này trở_thành tên một loại tàu_chiến trong lịch_sử . Dreadnought được bọc thép tương_đương lớp Lord_Nelson , thế_hệ thiết_giáp_hạm cuối_cùng được hải_quân hoàng_gia Anh đóng trước khi HMS Dreadnought ra_đời .",True,1.0,0,1.0,0
10706,5095,file_pdf,ok,,0.6031746031746031,0.22580645161290325,0.28571428571428564,-0.10317460317460331,0.03963115558171473,0.0,5097,145,0.012468300000000099,0.05346460000000164,"xây_d?ng l?i h?i_quân hoàng_gia Anh v?i nòng_c?t
g?m các tu?n_d??ng_h?m b?c thép có t?c_?? ch?_quy?n lãnh_h?i c?a Anh , cho ??n n?m 1912 , tr??c khi nh??ng
v?_trí cho các thi?t_giáp_h?m m?i và l?n h?n .",False,1.0003925417075565,106,1.0,0
4292,1962,text_baseline,ok,,0.5104602510460251,0.32067510548523204,0.34309623430962344,0.0,0.2808358817533129,0.09375,1962,12,0.0001487000000004457,0.000809600000000188,"Đầu năm 2017 , Bộ TT - TT đã phát_hiện tình_trạng quảng_cáo sản_phẩm , dịch_vụ của nhiều doanh_nghiệp trong và ngoài nước , kể_cả một_số thương_hiệu toàn_cầu , bị gắn trong các video có nội_dung xấu độc , phản_động , vi_phạm pháp_luật Việt_Nam phát trên mạng xã_hội YouTube thông_qua dịch_vụ quảng_cáo của Google . Tuy_nhiên , việc các doanh_nghiệp "" tin_cậy "" trao cho Google quyền gắn quảng_cáo của mình vào các clip , video , có_thể dẫn tới tình_trạng quảng_cáo bị gắn vào các clip , video có nội_dung phản_động mà doanh_nghiệp không hề mong_muốn .",True,1.0,0,1.0,0
4292,1962,file_txt,ok,,0.5104602510460251,0.32067510548523204,0.34309623430962344,0.0,0.2808358817533129,0.09375,1962,12,0.001728599999999858,0.0008731999999991302,"Đầu năm 2017 , Bộ TT - TT đã phát_hiện tình_trạng quảng_cáo sản_phẩm , dịch_vụ của nhiều doanh_nghiệp trong và ngoài nước , kể_cả một_số thương_hiệu toàn_cầu , bị gắn trong các video có nội_dung xấu độc , phản_động , vi_phạm pháp_luật Việt_Nam phát trên mạng xã_hội YouTube thông_qua dịch_vụ quảng_cáo của Google . Tuy_nhiên , việc các doanh_nghiệp "" tin_cậy "" trao cho Google quyền gắn quảng_cáo của mình vào các clip , video , có_thể dẫn tới tình_trạng quảng_cáo bị gắn vào các clip , video có nội_dung phản_động mà doanh_nghiệp không hề mong_muốn .",True,1.0,0,1.0,0
4292,1962,file_docx,ok,,0.5104602510460251,0.32067510548523204,0.34309623430962344,0.0,0.2808358817533129,0.09375,1962,12,0.021692200000000383,0.000987700000001368,"Đầu năm 2017 , Bộ TT - TT đã phát_hiện tình_trạng quảng_cáo sản_phẩm , dịch_vụ của nhiều doanh_nghiệp trong và ngoài nước , kể_cả một_số thương_hiệu toàn_cầu , bị gắn trong các video có nội_dung xấu độc , phản_động , vi_phạm pháp_luật Việt_Nam phát trên mạng xã_hội YouTube thông_qua dịch_vụ quảng_cáo của Google . Tuy_nhiên , việc các doanh_nghiệp "" tin_cậy "" trao cho Google quyền gắn quảng_cáo của mình vào các clip , video , có_thể dẫn tới tình_trạng quảng_cáo bị gắn vào các clip , video có nội_dung phản_động mà doanh_nghiệp không hề mong_muốn .",True,1.0,0,1.0,0
4292,1962,file_pdf,ok,,0.6293706293706294,0.326241134751773,0.39160839160839156,0.04851215729876812,0.11722731906218145,0.0,1962,43,0.008464500000000541,0.0064565999999999235,"tr?c_ti?p
cho các ??i_t??ng s?n_xu?t clip x?u , ??c , ph?n_??ng . TT - TT ?ã làm_vi?c v?i các doanh_nghi?p ,
các ??i_lý qu?ng_cáo và ??i_di?n c?a Google yêu_c?u kh?c_ph?c tình_tr?ng trên nh?ng g?n ?ây tình_tr?ng
này l?i tái_di?n .",False,1.0,31,1.0,0
3022,1622,text_baseline,ok,,0.34101382488479265,0.16744186046511628,0.2119815668202765,0.0,0.33415536374845867,0.07317073170731703,1622,8,0.00012089999999886913,0.0006579000000002111,"Đây cũng là một trong những nội_dung của quyết_định 260 vừa được Bộ Lao_động - thương_binh và xã_hội đề_nghị các cơ_quan thông_tấn tập_trung tuyên_truyền , phổ_biến pháp_luật cho người lao_động và người sử_dụng lao_động trong các loại_hình doanh_nghiệp năm 2019 . Đồng_thời các Sở lao_động - thương_binh và xã_hội phải tổ_chức kiểm_tra việc chấp_hành pháp_luật lao_động và các pháp_luật khác liên_quan tới hoạt_động của doanh_nghiệp và quyền , nghĩa_vụ của công_dân và người lao_động theo định_kỳ , áp_dụng khen_thưởng và kỷ_luật thích_đáng .",True,1.0,0,1.0,0
3022,1622,file_txt,ok,,0.34101382488479265,0.16744186046511628,0.2119815668202765,0.0,0.33415536374845867,0.07317073170731703,1622,8,0.0016059000000012702,0.0005366999999996125,"Đây cũng là một trong những nội_dung của quyết_định 260 vừa được Bộ Lao_động - thương_binh và xã_hội đề_nghị các cơ_quan thông_tấn tập_trung tuyên_truyền , phổ_biến pháp_luật cho người lao_động và người sử_dụng lao_động trong các loại_hình doanh_nghiệp năm 2019 . Đồng_thời các Sở lao_động - thương_binh và xã_hội phải tổ_chức kiểm_tra việc chấp_hành pháp_luật lao_động và các pháp_luật khác liên_quan tới hoạt_động của doanh_nghiệp và quyền , nghĩa_vụ của công_dân và người lao_động theo định_kỳ , áp_dụng khen_thưởng và kỷ_luật thích_đáng .",True,1.0,0,1.0,0
3022,1622,file_docx,ok,,0.34101382488479265,0.16744186046511628,0.2119815668202765,0.0,0.33415536374845867,0.07317073170731703,1622,8,0.020474999999999355,0.0005064000000007951,"Đây cũng là một trong những nội_dung của quyết_định 260 vừa được Bộ Lao_động - thương_binh và xã_hội đề_nghị các cơ_quan thông_tấn tập_trung tuyên_truyền , phổ_biến pháp_luật cho người lao_động và người sử_dụng lao_động trong các loại_hình doanh_nghiệp năm 2019 . Đồng_thời các Sở lao_động - thương_binh và xã_hội phải tổ_chức kiểm_tra việc chấp_hành pháp_luật lao_động và các pháp_luật khác liên_quan tới hoạt_động của doanh_nghiệp và quyền , nghĩa_vụ của công_dân và người lao_động theo định_kỳ , áp_dụng khen_thưởng và kỷ_luật thích_đáng .",True,1.0,0,1.0,0
3022,1622,file_pdf,ok,,0.39473684210526316,0.09333333333333334,0.23684210526315794,0.02486053844288144,0.20098643649815043,0.021739130434782594,1622,36,0.011801600000000079,0.004666200000000842,"các c?_quan thông_t?n t?p_trung tuyên_truy?n , ph?_bi?n pháp_lu?t cho ng??i lao_??ng và ng??i
s?_d?ng lao_??ng trong các lo?i_hình doanh_nghi?p n?m 2019 . lao_??ng -
th??ng_binh và xã_h?i ph?i t?_ch?c ki?m_tra vi?c ch?p_hành pháp_lu?t lao_??ng và các pháp_lu?t khác
liên_quan t?i ho?t_??ng c?a doanh_nghi?p và quy?n , ngh?a_v?",False,1.0,28,1.0,0
8033,3467,text_baseline,ok,,0.37837837837837834,0.05555555555555556,0.2972972972972973,0.0,0.03807326218632824,0.3846153846153846,3467,31,0.00020509999999873685,0.004400700000001478,Người Venezuela lao tới xe rác ở Pacaraima hôm 13/4 . Mai_Lâm ( Theo Reuters ) Người Venezuela lao tới xe rác ở Pacaraima hôm 13/4 .,True,1.0,0,1.0,0
8033,3467,file_txt,ok,,0.37837837837837834,0.05555555555555556,0.2972972972972973,0.0,0.03807326218632824,0.3846153846153846,3467,31,0.003050700000001072,0.0037792000000003156,Người Venezuela lao tới xe rác ở Pacaraima hôm 13/4 . Mai_Lâm ( Theo Reuters ) Người Venezuela lao tới xe rác ở Pacaraima hôm 13/4 .,True,1.0,0,1.0,0
8033,3467,file_docx,ok,,0.37837837837837834,0.05555555555555556,0.2972972972972973,0.0,0.03807326218632824,0.3846153846153846,3467,31,0.02134359999999802,0.003916800000002496,Người Venezuela lao tới xe rác ở Pacaraima hôm 13/4 . Mai_Lâm ( Theo Reuters ) Người Venezuela lao tới xe rác ở Pacaraima hôm 13/4 .,True,1.0,0,1.0,0
8033,3467,file_pdf,ok,,0.3898305084745763,0.017241379310344827,0.23728813559322035,-0.06000916170407697,0.06082444508503892,0.0,3469,115,0.010824499999998238,0.03655639999999849,"nh?n là
t?ng_th?ng lâm_th?i h?i tháng m?t và ???c 50 qu?c_gia công_nh?n , trong ?ó có M? c?ng liên_t?c gây
s?c_ép lên chính_quy?n T?ng_th?ng Maduro b?ng cách th?c_hi?n hàng_lo?t bi?n_pháp tr?ng_ph?t và
c?m_v?n .",False,1.0005768676088838,84,1.0,0
12663,1751,text_baseline,ok,,0.5132743362831858,0.3243243243243243,0.4778761061946902,0.0,0.12507138777841234,0.0,1751,14,0.00014960000000030504,0.0009344999999996162,Tàu cá của ngư_dân Việt_Nam hoạt_động trên biển . Cơ_quan đại_diện của Việt_Nam đã đề_nghị Viện Công_tố Indonesia và Toà_án Ranai xem_xét và có phán_quyết công_tâm dựa trên các thông_tin mà ngư_dân và luật_sư cung_cấp .,True,1.0,0,1.0,0
12663,1751,file_txt,ok,,0.5132743362831858,0.3243243243243243,0.4778761061946902,0.0,0.12507138777841234,0.0,1751,14,0.0016746999999988077,0.000981199999998239,Tàu cá của ngư_dân Việt_Nam hoạt_động trên biển . Cơ_quan đại_diện của Việt_Nam đã đề_nghị Viện Công_tố Indonesia và Toà_án Ranai xem_xét và có phán_quyết công_tâm dựa trên các thông_tin mà ngư_dân và luật_sư cung_cấp .,True,1.0,0,1.0,0
12663,1751,file_docx,ok,,0.5132743362831858,0.3243243243243243,0.4778761061946902,0.0,0.12507138777841234,0.0,1751,14,0.019746900000001233,0.0013980999999994026,Tàu cá của ngư_dân Việt_Nam hoạt_động trên biển . Cơ_quan đại_diện của Việt_Nam đã đề_nghị Viện Công_tố Indonesia và Toà_án Ranai xem_xét và có phán_quyết công_tâm dựa trên các thông_tin mà ngư_dân và luật_sư cung_cấp .,True,1.0,0,1.0,0
12663,1751,file_pdf,ok,,0.5,0.21818181818181817,0.26785714285714285,-0.21001896333754733,0.10850942318675043,0.0,1751,48,0.008192099999998703,0.008854299999999427,"c?_quan_ch?c_n?ng s?_t?i và các ng?_dân Vi?t b? ng?_dân và
làm_vi?c t?i Natuna , các nhân_viên c?a ??i_s?_quán Vi?t_Nam c?ng th?m_h?i m?t ng?_dân khác ?ang ph?i
n?m vi?n trong ?i?u_ki?n y_t?",False,1.0,34,1.0,0
1131,2137,text_baseline,ok,,0.5522388059701493,0.24242424242424243,0.3731343283582089,0.0,0.12119794103883949,0.0,2137,26,0.0001468999999971743,0.002840899999998925,"Cùng báo Người Đưa_Tin xem một_số hình_ảnh đẹp này của Dương_Yến_Ngọc và những người bạn : Nhà_thơ Thanh_Xuân ( trái ) và MC Quỳnh_Chi - chủ_nhân của buổi tiệc . Ca_sĩ Vũ_Hà , người đẹp Bùi_Việt_Hà cũng diện đồ trắng tới chung vui với Thanh_Xuân , Quỳnh_Chi .",True,1.0,0,1.0,0
1131,2137,file_txt,ok,,0.5522388059701493,0.24242424242424243,0.3731343283582089,0.0,0.12119794103883949,0.0,2137,26,0.001999400000002538,0.0026785999999994203,"Cùng báo Người Đưa_Tin xem một_số hình_ảnh đẹp này của Dương_Yến_Ngọc và những người bạn : Nhà_thơ Thanh_Xuân ( trái ) và MC Quỳnh_Chi - chủ_nhân của buổi tiệc . Ca_sĩ Vũ_Hà , người đẹp Bùi_Việt_Hà cũng diện đồ trắng tới chung vui với Thanh_Xuân , Quỳnh_Chi .",True,1.0,0,1.0,0
1131,2137,file_docx,ok,,0.5522388059701493,0.24242424242424243,0.3731343283582089,0.0,0.12119794103883949,0.0,2137,26,0.019513700000000966,0.0030689999999999884,"Cùng báo Người Đưa_Tin xem một_số hình_ảnh đẹp này của Dương_Yến_Ngọc và những người bạn : Nhà_thơ Thanh_Xuân ( trái ) và MC Quỳnh_Chi - chủ_nhân của buổi tiệc . Ca_sĩ Vũ_Hà , người đẹp Bùi_Việt_Hà cũng diện đồ trắng tới chung vui với Thanh_Xuân , Quỳnh_Chi .",True,1.0,0,1.0,0
1131,2137,file_pdf,ok,,0.5714285714285714,0.29333333333333333,0.41558441558441556,0.042450087226206634,0.031820308844174076,0.0,2137,67,0.008906100000000805,0.013143400000000582,D??ng_Y?n_Ng?c xu?t_hi?n v?i v? D??ng_Y?n_Ng?c t?i chúc_m?ng nhà_th?,False,1.0,41,1.0,0
11856,1213,text_baseline,ok,,0.5853658536585367,0.3140495867768595,0.3577235772357724,0.0,0.21846661170651277,0.05128205128205132,1213,8,0.00010329999999925121,0.00039950000000033015,"Tổng_thống Mỹ Donald_Trump ( trái ) và lãnh_đạo Đài_Loan_Thái_Anh_Văn . Tuyên_bố của Đài_Loan được đưa ra hôm_nay , sau khi Tổng_thống Mỹ Donald_Trump cam_kết tôn_trọng chính_sách "" Một Trung_Quốc "" khi điện_đàm với Chủ_tịch Trung_Quốc Tập_Cận_Bình , theo Reuters .",True,1.0,0,1.0,0
11856,1213,file_txt,ok,,0.5853658536585367,0.3140495867768595,0.3577235772357724,0.0,0.21846661170651277,0.05128205128205132,1213,8,0.001205099999999959,0.00048509999999879483,"Tổng_thống Mỹ Donald_Trump ( trái ) và lãnh_đạo Đài_Loan_Thái_Anh_Văn . Tuyên_bố của Đài_Loan được đưa ra hôm_nay , sau khi Tổng_thống Mỹ Donald_Trump cam_kết tôn_trọng chính_sách "" Một Trung_Quốc "" khi điện_đàm với Chủ_tịch Trung_Quốc Tập_Cận_Bình , theo Reuters .",True,1.0,0,1.0,0
11856,1213,file_docx,ok,,0.5853658536585367,0.3140495867768595,0.3577235772357724,0.0,0.21846661170651277,0.05128205128205132,1213,8,0.019297000000001674,0.00041829999999976053,"Tổng_thống Mỹ Donald_Trump ( trái ) và lãnh_đạo Đài_Loan_Thái_Anh_Văn . Tuyên_bố của Đài_Loan được đưa ra hôm_nay , sau khi Tổng_thống Mỹ Donald_Trump cam_kết tôn_trọng chính_sách "" Một Trung_Quốc "" khi điện_đàm với Chủ_tịch Trung_Quốc Tập_Cận_Bình , theo Reuters .",True,1.0,0,1.0,0
11856,1213,file_pdf,ok,,0.5112781954887219,0.3053435114503817,0.30075187969924805,-0.05697169753652437,0.23577906018136852,0.10869565217391308,1213,27,0.010664300000001958,0.0030828000000013844,"Trong cu?c ?i?n_?àm v?i ông T?p_C?n_Bình t?i 9/2 , ông Trump nh?t_trí
tôn_tr?ng chính_sách "" M?t Trung_Qu?c "" , theo ??_ngh? không nh?t_thi?t ph?i duy_trì chính_sách "" M?t Trung_Qu?c "" , trong ?ó Washington công_nh?n
l?p_tr??ng c?a B?c_Kinh r?ng n??c này có ch?_quy?n v?i ??o ?ài_Loan .",False,1.0,19,1.0,0
9978,2427,text_baseline,ok,,0.45238095238095233,0.22891566265060243,0.3333333333333333,0.0,0.15203955500618047,0.016393442622950838,2427,16,0.0001697000000007165,0.0013629000000001668,"Quan_chức hai nước hôm_nay ký thoả_thuận ngắn_hạn để Hàn_Quốc tăng mức đóng_góp chi_phí quân_sự cho sự hiện_diện của quân_đội Mỹ trên bán_đảo sau nhiều tháng đàm_phán , Reuters đưa tin . Khoảng 70 % đóng_góp của Hàn_Quốc hiện_nay được dùng để trả lương cho 8.700 nhân_viên Hàn_Quốc làm_việc trong các lĩnh_vực hành_chính , kỹ_thuật và các dịch_vụ khác cho quân_đội Mỹ .",True,1.0,0,1.0,0
9978,2427,file_txt,ok,,0.45238095238095233,0.22891566265060243,0.3333333333333333,0.0,0.15203955500618047,0.016393442622950838,2427,16,0.0024617999999989593,0.0013197999999974286,"Quan_chức hai nước hôm_nay ký thoả_thuận ngắn_hạn để Hàn_Quốc tăng mức đóng_góp chi_phí quân_sự cho sự hiện_diện của quân_đội Mỹ trên bán_đảo sau nhiều tháng đàm_phán , Reuters đưa tin . Khoảng 70 % đóng_góp của Hàn_Quốc hiện_nay được dùng để trả lương cho 8.700 nhân_viên Hàn_Quốc làm_việc trong các lĩnh_vực hành_chính , kỹ_thuật và các dịch_vụ khác cho quân_đội Mỹ .",True,1.0,0,1.0,0
9978,2427,file_docx,ok,,0.45238095238095233,0.22891566265060243,0.3333333333333333,0.0,0.15203955500618047,0.016393442622950838,2427,16,0.021218499999999807,0.001595500000000527,"Quan_chức hai nước hôm_nay ký thoả_thuận ngắn_hạn để Hàn_Quốc tăng mức đóng_góp chi_phí quân_sự cho sự hiện_diện của quân_đội Mỹ trên bán_đảo sau nhiều tháng đàm_phán , Reuters đưa tin . Khoảng 70 % đóng_góp của Hàn_Quốc hiện_nay được dùng để trả lương cho 8.700 nhân_viên Hàn_Quốc làm_việc trong các lĩnh_vực hành_chính , kỹ_thuật và các dịch_vụ khác cho quân_đội Mỹ .",True,1.0,0,1.0,0
9978,2427,file_pdf,ok,,0.5576923076923077,0.29411764705882354,0.3269230769230769,-0.0064102564102563875,0.06792918896665294,0.0,2429,74,0.009825199999998091,0.015071799999997637,"h?t h?n trong m?t n?m , bu?c c? Tuy_nhiên , hai bên ?ã n?_l?c ??t tho?_thu?n nh?m gi?m_thi?u tác_??ng ??i_v?i
nhân_viên Hàn_Qu?c ?ang làm_vi?c t?i các c?n_c?_quân_s?",False,1.00082406262876,58,1.0,0
3140,3044,text_baseline,ok,,0.6153846153846154,0.203125,0.3538461538461538,0.0,0.06504599211563732,0.07317073170731703,3044,27,0.00018180000000000973,0.0032132999999987533,"Bãi Bày_Đặt ( xã Vạn_Thạnh , huyện Vạn_Ninh ) cách bờ khoảng 5 hải_lý tràn_ngập xác thuyền và bè cá dạt vào sau bão . Xác nhà_bè nuôi cá dạt vào bờ biển Vạn_Giã ( huyện Vạn_Ninh , tỉnh Khánh_Hoà ) .",True,1.0,0,1.0,0
3140,3044,file_txt,ok,,0.6153846153846154,0.203125,0.3538461538461538,0.0,0.06504599211563732,0.07317073170731703,3044,27,0.002790499999999696,0.0031487999999981753,"Bãi Bày_Đặt ( xã Vạn_Thạnh , huyện Vạn_Ninh ) cách bờ khoảng 5 hải_lý tràn_ngập xác thuyền và bè cá dạt vào sau bão . Xác nhà_bè nuôi cá dạt vào bờ biển Vạn_Giã ( huyện Vạn_Ninh , tỉnh Khánh_Hoà ) .",True,1.0,0,1.0,0
3140,3044,file_docx,ok,,0.6153846153846154,0.203125,0.3538461538461538,0.0,0.06504599211563732,0.07317073170731703,3044,27,0.02111670000000032,0.0031317000000008477,"Bãi Bày_Đặt ( xã Vạn_Thạnh , huyện Vạn_Ninh ) cách bờ khoảng 5 hải_lý tràn_ngập xác thuyền và bè cá dạt vào sau bão . Xác nhà_bè nuôi cá dạt vào bờ biển Vạn_Giã ( huyện Vạn_Ninh , tỉnh Khánh_Hoà ) .",True,1.0,0,1.0,0
3140,3044,file_pdf,ok,,0.6491228070175438,0.21428571428571427,0.3157894736842105,-0.0380566801619433,0.04499178981937603,0.0,3045,98,0.009795999999997917,0.029795400000001138,"s?n_nghi?p c?a các
ng?_dân b?ng_ch?c tr?_thành m?t bãi hoang_tàn gi?a bi?n kh?i . s?_ít bè nuôi
h?i_s?n còn l?i gi?a kh?i , nh?ng c?ng b?",False,1.0003285151116952,71,1.0,0
1660,3703,text_baseline,ok,,0.45128205128205123,0.17616580310880828,0.26666666666666666,0.0,0.13610586011342155,0.0,3703,20,0.00021399999999971442,0.0020310999999999524,"Cảm_hứng thời_trang liên_quan đến Michael_Jackson bị công_kích Vào tháng 1/2019 , thương_hiệu thời_trang cao_cấp Louis_Vuitton cho ra_mắt bộ sưu_tập thời_trang nam Thu - Đông 2019 , chỉ một tuần trước khi bộ phim Leaving_Neverland được công_chiếu . Trang_Dung ( t / h ) Trong bộ phim_tài_liệu Leaving_Neverland - Rời khỏi Vùng_Đất_Hứa , một_vài nhân_chứng ( những đứa trẻ từng bị Michael_Jackson lạm_dụng tình_dục ) đã tiết_lộ toàn_bộ quá_trình "" Ông Hoàng nhạc Pop "" đã tiếp_cận và dụ_dỗ trẻ_em ra sao .",True,1.0,0,1.0,0
1660,3703,file_txt,ok,,0.45128205128205123,0.17616580310880828,0.26666666666666666,0.0,0.13610586011342155,0.0,3703,20,0.003141499999998132,0.0021743999999976893,"Cảm_hứng thời_trang liên_quan đến Michael_Jackson bị công_kích Vào tháng 1/2019 , thương_hiệu thời_trang cao_cấp Louis_Vuitton cho ra_mắt bộ sưu_tập thời_trang nam Thu - Đông 2019 , chỉ một tuần trước khi bộ phim Leaving_Neverland được công_chiếu . Trang_Dung ( t / h ) Trong bộ phim_tài_liệu Leaving_Neverland - Rời khỏi Vùng_Đất_Hứa , một_vài nhân_chứng ( những đứa trẻ từng bị Michael_Jackson lạm_dụng tình_dục ) đã tiết_lộ toàn_bộ quá_trình "" Ông Hoàng nhạc Pop "" đã tiếp_cận và dụ_dỗ trẻ_em ra sao .",True,1.0,0,1.0,0
1660,3703,file_docx,ok,,0.45128205128205123,0.17616580310880828,0.26666666666666666,0.0,0.13610586011342155,0.0,3703,20,0.019509899999999192,0.00251429999999786,"Cảm_hứng thời_trang liên_quan đến Michael_Jackson bị công_kích Vào tháng 1/2019 , thương_hiệu thời_trang cao_cấp Louis_Vuitton cho ra_mắt bộ sưu_tập thời_trang nam Thu - Đông 2019 , chỉ một tuần trước khi bộ phim Leaving_Neverland được công_chiếu . Trang_Dung ( t / h ) Trong bộ phim_tài_liệu Leaving_Neverland - Rời khỏi Vùng_Đất_Hứa , một_vài nhân_chứng ( những đứa trẻ từng bị Michael_Jackson lạm_dụng tình_dục ) đã tiết_lộ toàn_bộ quá_trình "" Ông Hoàng nhạc Pop "" đã tiếp_cận và dụ_dỗ trẻ_em ra sao .",True,1.0,0,1.0,0
1660,3703,file_pdf,ok,,0.5263157894736842,0.12213740458015268,0.2706766917293233,0.00401002506265663,0.06585695006747638,0.0,3705,89,0.010382599999999798,0.022469400000002082,"???ng_nhiên , khi m?i chuy?n n?m ngoài
t?m ki?m_soát c?a hãng này , m?t cu?c h?p_báo l?p_t?c ???c t?_ch?c và ??i_di?n phát_ngôn c?a
Louis_Vuitton ?ã cho_bi?t nh?ng món ?? m?t b?c t??ng Michael_Jackson n?i_ti?ng sau
nh?ng tranh_cãi xung_quanh v?",False,1.0005401026194978,69,0.9986766651962947,0
22543,2479,text_baseline,ok,,0.5511811023622047,0.23015873015873017,0.3228346456692913,0.0,0.19887051230334812,0.026666666666666616,2479,15,0.0001734999999989384,0.0012731999999999744,"Chiều 8/5 , tại hội_nghị tiếp_xúc cử_tri quận Hoàn_Kiếm trước kỳ họp thứ 9 Quốc_hội khoá 13 , ông Nguyễn_Đăng_Tuấn , cử_tri phường Hàng_Bông bày_tỏ băn_khoăn về cải_cách giáo_dục với kỳ thi THPT quốc_gia và thay sách_giáo_khoa đang được Bộ Giáo_dục và Đào_tạo thực_hiện . Phát_biểu tại hội_nghị , Tổng_bí_thư Nguyễn_Phú_Trọng cảm_ơn những ý_kiến đóng_góp công_tâm , xác_đáng của cử_tri về tăng_cường giám_sát việc điều_hành của Chính_phủ với kinh_tế_thị_trường , giá xăng ; cải_cách giáo_dục …",True,1.0,0,1.0,0
22543,2479,file_txt,ok,,0.5511811023622047,0.23015873015873017,0.3228346456692913,0.0,0.19887051230334812,0.026666666666666616,2479,15,0.0022719000000002154,0.0015782000000008622,"Chiều 8/5 , tại hội_nghị tiếp_xúc cử_tri quận Hoàn_Kiếm trước kỳ họp thứ 9 Quốc_hội khoá 13 , ông Nguyễn_Đăng_Tuấn , cử_tri phường Hàng_Bông bày_tỏ băn_khoăn về cải_cách giáo_dục với kỳ thi THPT quốc_gia và thay sách_giáo_khoa đang được Bộ Giáo_dục và Đào_tạo thực_hiện . Phát_biểu tại hội_nghị , Tổng_bí_thư Nguyễn_Phú_Trọng cảm_ơn những ý_kiến đóng_góp công_tâm , xác_đáng của cử_tri về tăng_cường giám_sát việc điều_hành của Chính_phủ với kinh_tế_thị_trường , giá xăng ; cải_cách giáo_dục …",True,1.0,0,1.0,0
22543,2479,file_docx,ok,,0.5511811023622047,0.23015873015873017,0.3228346456692913,0.0,0.19887051230334812,0.026666666666666616,2479,15,0.019757300000001976,0.0014257999999998106,"Chiều 8/5 , tại hội_nghị tiếp_xúc cử_tri quận Hoàn_Kiếm trước kỳ họp thứ 9 Quốc_hội khoá 13 , ông Nguyễn_Đăng_Tuấn , cử_tri phường Hàng_Bông bày_tỏ băn_khoăn về cải_cách giáo_dục với kỳ thi THPT quốc_gia và thay sách_giáo_khoa đang được Bộ Giáo_dục và Đào_tạo thực_hiện . Phát_biểu tại hội_nghị , Tổng_bí_thư Nguyễn_Phú_Trọng cảm_ơn những ý_kiến đóng_góp công_tâm , xác_đáng của cử_tri về tăng_cường giám_sát việc điều_hành của Chính_phủ với kinh_tế_thị_trường , giá xăng ; cải_cách giáo_dục …",True,1.0,0,1.0,0
22543,2479,file_pdf,ok,,0.6994535519125684,0.3314917127071823,0.36065573770491804,0.037821092035626724,0.11895161290322581,0.0,2480,71,0.009882899999997363,0.014434500000000128,"Ch?n thi là khâu ??t_phá c?a giáo_d?c thì m?i là ph?n ng?n , còn cái g?c ch?a ??ng ??n "" , ông
Tu?n nói . Theo c?_tri ph??ng
Hàng_Bông , vi?c so?n ch??ng_trình sách_giáo_khoa r?t quan_tr?ng , nh?ng tr??c ?ó ph?i xác_??nh m?c_tiêu
giáo_d?c là gì , ?ào_t?o con_ng??i nh?_th?_nào và n?u có nhi?u b?",False,1.0004033884630898,56,1.0,0
5956,2227,text_baseline,ok,,0.21621621621621623,0.08333333333333333,0.18918918918918917,0.0,0.02828917826672654,0.4375,2227,17,0.00014619999999965216,0.0013386999999980276,Con bò biển Mariam - Ảnh : AFP . Con bò biển Mariam - Ảnh : AFP,True,1.0,0,1.0,0
5956,2227,file_txt,ok,,0.21621621621621623,0.08333333333333333,0.18918918918918917,0.0,0.02828917826672654,0.4375,2227,17,0.0022765000000006808,0.001352300000000639,Con bò biển Mariam - Ảnh : AFP . Con bò biển Mariam - Ảnh : AFP,True,1.0,0,1.0,0
5956,2227,file_docx,ok,,0.21621621621621623,0.08333333333333333,0.18918918918918917,0.0,0.02828917826672654,0.4375,2227,17,0.019628700000001942,0.0014594999999992808,Con bò biển Mariam - Ảnh : AFP . Con bò biển Mariam - Ảnh : AFP,True,1.0,0,1.0,0
5956,2227,file_pdf,ok,,0.6722689075630253,0.25641025641025644,0.40336134453781514,0.21417215534862596,0.0776829815895824,0.0,2227,48,0.009021199999999396,0.006710399999999339,"1 tu?n , m?t con bò bi?n khác c?ng ?ã ???c c?u và ???c
công_chúa Thái_Lan r?t yêu_quý , ??t tên là Jamil . các sinh_v?t bi?n trong b?i_c?nh môi_tr??ng s?ng c?a chúng ?ang b?",False,1.0,31,1.0,0
20421,3899,text_baseline,ok,,0.3024390243902439,0.07881773399014778,0.2048780487804878,0.0,0.13516286227237753,0.13793103448275867,3899,17,0.00021960000000120772,0.0024550000000012062,"Uỷ_ban Kiểm_tra Trung_ương xác_định , ông Nguyễn_Bốn - Phó bí_thư Tỉnh_uỷ , Bí_thư Ban cán_sự đảng , Chủ_tịch tỉnh chịu trách_nhiệm chính về những vi_phạm của Ban cán_sự đảng UBND tỉnh nhiệm_kỳ 2016-2021 . "" Những vi_phạm , khuyết_điểm của Ban cán_sự đảng UBND tỉnh Đăk Nông nhiệm_kỳ 2016-2021 , ông Nguyễn_Bốn và ông Trương_Thanh_Tùng là nghiêm_trọng , ảnh_hưởng đến uy_tín của tổ_chức Đảng và chính_quyền địa_phương , gây dư_luận xấu trong xã_hội , đến mức phải xem_xét , thi_hành kỷ_luật "" , Uỷ_ban Kiểm_tra Trung_ương nêu .",True,1.0,0,1.0,0
20421,3899,file_txt,ok,,0.3024390243902439,0.07881773399014778,0.2048780487804878,0.0,0.13516286227237753,0.13793103448275867,3899,17,0.003515200000002494,0.0024944999999974016,"Uỷ_ban Kiểm_tra Trung_ương xác_định , ông Nguyễn_Bốn - Phó bí_thư Tỉnh_uỷ , Bí_thư Ban cán_sự đảng , Chủ_tịch tỉnh chịu trách_nhiệm chính về những vi_phạm của Ban cán_sự đảng UBND tỉnh nhiệm_kỳ 2016-2021 . "" Những vi_phạm , khuyết_điểm của Ban cán_sự đảng UBND tỉnh Đăk Nông nhiệm_kỳ 2016-2021 , ông Nguyễn_Bốn và ông Trương_Thanh_Tùng là nghiêm_trọng , ảnh_hưởng đến uy_tín của tổ_chức Đảng và chính_quyền địa_phương , gây dư_luận xấu trong xã_hội , đến mức phải xem_xét , thi_hành kỷ_luật "" , Uỷ_ban Kiểm_tra Trung_ương nêu .",True,1.0,0,1.0,0
20421,3899,file_docx,ok,,0.3024390243902439,0.07881773399014778,0.2048780487804878,0.0,0.13516286227237753,0.13793103448275867,3899,17,0.020756099999999833,0.0019190000000008922,"Uỷ_ban Kiểm_tra Trung_ương xác_định , ông Nguyễn_Bốn - Phó bí_thư Tỉnh_uỷ , Bí_thư Ban cán_sự đảng , Chủ_tịch tỉnh chịu trách_nhiệm chính về những vi_phạm của Ban cán_sự đảng UBND tỉnh nhiệm_kỳ 2016-2021 . "" Những vi_phạm , khuyết_điểm của Ban cán_sự đảng UBND tỉnh Đăk Nông nhiệm_kỳ 2016-2021 , ông Nguyễn_Bốn và ông Trương_Thanh_Tùng là nghiêm_trọng , ảnh_hưởng đến uy_tín của tổ_chức Đảng và chính_quyền địa_phương , gây dư_luận xấu trong xã_hội , đến mức phải xem_xét , thi_hành kỷ_luật "" , Uỷ_ban Kiểm_tra Trung_ương nêu .",True,1.0,0,1.0,0
20421,3899,file_pdf,ok,,0.33513513513513515,0.05464480874316939,0.22702702702702704,0.022148978246539247,0.11025641025641025,0.09722222222222221,3900,87,0.011045800000001549,0.028267199999998383,"2016-2021 , ông Nguy?n_B?n và ông
Tr??ng_Thanh_Tùng là nghiêm_tr?ng , ?nh_h??ng ??n uy_tín c?a t?_ch?c ??ng và chính_quy?n ??a_ph??ng
, gây d?_lu?n x?u trong xã_h?i , ??n m?c ph?i xem_xét , thi_hành k?_lu?t "" , U?_ban Ki?m_tra Trung_??ng
nêu . Kh?ng_??nh vi_ph?m c?a ông Tân là r?t nghiêm_tr?ng , có bi?u_hi?n v?_l?i cá_nhân , làm
?nh_h??ng x?u ??n uy_tín c?a t?_ch?c ??ng và ngành công_an nh?ng m?c k?_lu?t c?a các t?_ch?c ??ng ?",False,1.000256476019492,70,1.0,0
13602,3370,text_baseline,ok,,0.4462809917355372,0.16806722689075632,0.23140495867768593,0.0,0.07062314540059347,0.0,3370,24,0.0002725000000012301,0.0027545999999993853,"Phong_phú vị mì Mì gói được sử_dụng rộng_rãi ở trên 50 quốc_gia . Mì hải_sản thì lại càng được tiêu_thụ rộng_rãi , đặc_biệt là vị tôm , được chế_biến vói các gia_vị địa_phương khác nhau , tạo ra những món_ăn thực_sự phong_phú và hấp_dẫn .",True,1.0,0,1.0,0
13602,3370,file_txt,ok,,0.4462809917355372,0.16806722689075632,0.23140495867768593,0.0,0.07062314540059347,0.0,3370,24,0.0029750999999968997,0.00281179999999992,"Phong_phú vị mì Mì gói được sử_dụng rộng_rãi ở trên 50 quốc_gia . Mì hải_sản thì lại càng được tiêu_thụ rộng_rãi , đặc_biệt là vị tôm , được chế_biến vói các gia_vị địa_phương khác nhau , tạo ra những món_ăn thực_sự phong_phú và hấp_dẫn .",True,1.0,0,1.0,0
13602,3370,file_docx,ok,,0.4462809917355372,0.16806722689075632,0.23140495867768593,0.0,0.07062314540059347,0.0,3370,24,0.019847999999999644,0.00252320000000239,"Phong_phú vị mì Mì gói được sử_dụng rộng_rãi ở trên 50 quốc_gia . Mì hải_sản thì lại càng được tiêu_thụ rộng_rãi , đặc_biệt là vị tôm , được chế_biến vói các gia_vị địa_phương khác nhau , tạo ra những món_ăn thực_sự phong_phú và hấp_dẫn .",True,1.0,0,1.0,0
13602,3370,file_pdf,ok,,0.44274809160305345,0.10852713178294572,0.2748091603053435,0.043404201627657596,0.08066429418742586,0.0,3372,105,0.010256399999999388,0.036948699999999945,"m?t b?a ?n nhanh g?n , cung_c?p ???c m?t l??ng dinh_d??ng nh?t_??nh , l?i ti?n_d?ng và ngon_mi?ng ,
mì_?n_li?n tr?_thành món yêu_thích c?a r?t nhi?u ng??i . M?t trong nh?ng nhãn_hi?u mì gói ???c
?a_chu?ng nh?t hi?n_nay là mì "" 3 Mi?n "" c?a UNIBEN , v?i h?n 26 % th?_ph?n .",False,1.000593471810089,81,0.9986130374479889,0
9053,4754,text_baseline,ok,,0.49710982658959546,0.26900584795321636,0.30057803468208094,0.0,0.08161548169962138,0.0,4754,41,0.0002741999999997802,0.0064934999999977094,"Sau vụ biên_đội tàu_chiến Mỹ di_chuyển cách bờ biển Liên_Xô chỉ 6 hải_lý vào ngày 13/3/1986 , tư_lệnh hải_quân Liên_Xô Vladimir_Chernavin đề_xuất hàng_loạt phương_án xua_đuổi chiến_hạm nước_ngoài khỏi lãnh_hải , trong đó có biện_pháp đâm húc . Sáng 12/2/1988 , tàu_tuần_dương USS Yorktown và tàu_khu_trục USS Caron của Mỹ bắt_đầu chiến_dịch thực_thi quyền di_chuyển vô_hại trên Biển_Đen .",True,1.0,0,1.0,0
9053,4754,file_txt,ok,,0.49710982658959546,0.26900584795321636,0.30057803468208094,0.0,0.08161548169962138,0.0,4754,41,0.003977700000000084,0.006818899999998962,"Sau vụ biên_đội tàu_chiến Mỹ di_chuyển cách bờ biển Liên_Xô chỉ 6 hải_lý vào ngày 13/3/1986 , tư_lệnh hải_quân Liên_Xô Vladimir_Chernavin đề_xuất hàng_loạt phương_án xua_đuổi chiến_hạm nước_ngoài khỏi lãnh_hải , trong đó có biện_pháp đâm húc . Sáng 12/2/1988 , tàu_tuần_dương USS Yorktown và tàu_khu_trục USS Caron của Mỹ bắt_đầu chiến_dịch thực_thi quyền di_chuyển vô_hại trên Biển_Đen .",True,1.0,0,1.0,0
9053,4754,file_docx,ok,,0.49710982658959546,0.26900584795321636,0.30057803468208094,0.0,0.08161548169962138,0.0,4754,41,0.02043910000000082,0.006963299999998895,"Sau vụ biên_đội tàu_chiến Mỹ di_chuyển cách bờ biển Liên_Xô chỉ 6 hải_lý vào ngày 13/3/1986 , tư_lệnh hải_quân Liên_Xô Vladimir_Chernavin đề_xuất hàng_loạt phương_án xua_đuổi chiến_hạm nước_ngoài khỏi lãnh_hải , trong đó có biện_pháp đâm húc . Sáng 12/2/1988 , tàu_tuần_dương USS Yorktown và tàu_khu_trục USS Caron của Mỹ bắt_đầu chiến_dịch thực_thi quyền di_chuyển vô_hại trên Biển_Đen .",True,1.0,0,1.0,0
9053,4754,file_pdf,ok,,0.5390070921985816,0.2733812949640288,0.3262411347517731,0.025663100069692135,0.05971404541631623,0.0,4756,107,0.011346199999998419,0.03052210000000244,"??a_Trung_H?i vào Bi?n_?en kho?ng hai ho?c ba l?n m?i n?m nh?m phô_tr??ng l?c_l??ng , ??ng_th?i
th?c_thi quy?n ?i qua vô_h?i qua lãnh_h?i c?a nh?ng n??c giáp Bi?n_?en , trong ?ó có Liên_Xô . T?_l?nh H?m_??i Bi?n_?en c?a Liên_Xô
Mikhail_Khronopulo nh?n l?nh ng?n_ch?n nhóm tàu_chi?n M?",False,1.0004206983592765,66,1.0,0
20801,3154,text_baseline,ok,,0.5297297297297298,0.273224043715847,0.2918918918918919,0.0,0.12270133164235891,0.028169014084507005,3154,23,0.0001868999999992127,0.0026089000000020235,"Ảnh : CTV 11h30 , sau 7 giờ băng rừng tìm_kiếm khu_vực núi Dinh , huyện Tân_Thành , lực_lượng tìm_kiếm của Bộ Quốc_phòng , Ban chỉ_huy quân_sự Bà_Rịa - Vũng_Tàu cùng hàng chục người_dân địa_phương đã phát_hiện xác máy_bay và thi_thể 3 sĩ_quan gặp nạn . > > Xem video : Người_thân gào khóc khi thấy thi_thể 3 sĩ_quan Phước_Tuấn Nhiều mảnh vỡ máy_bay EC130 T2 văng khắp nơi ở hiện_trường .",True,1.0,0,1.0,0
20801,3154,file_txt,ok,,0.5297297297297298,0.273224043715847,0.2918918918918919,0.0,0.12270133164235891,0.028169014084507005,3154,23,0.0027018999999981475,0.0023721000000023196,"Ảnh : CTV 11h30 , sau 7 giờ băng rừng tìm_kiếm khu_vực núi Dinh , huyện Tân_Thành , lực_lượng tìm_kiếm của Bộ Quốc_phòng , Ban chỉ_huy quân_sự Bà_Rịa - Vũng_Tàu cùng hàng chục người_dân địa_phương đã phát_hiện xác máy_bay và thi_thể 3 sĩ_quan gặp nạn . > > Xem video : Người_thân gào khóc khi thấy thi_thể 3 sĩ_quan Phước_Tuấn Nhiều mảnh vỡ máy_bay EC130 T2 văng khắp nơi ở hiện_trường .",True,1.0,0,1.0,0
20801,3154,file_docx,ok,,0.5297297297297298,0.273224043715847,0.2918918918918919,0.0,0.12270133164235891,0.028169014084507005,3154,23,0.01970049999999901,0.002448300000001069,"Ảnh : CTV 11h30 , sau 7 giờ băng rừng tìm_kiếm khu_vực núi Dinh , huyện Tân_Thành , lực_lượng tìm_kiếm của Bộ Quốc_phòng , Ban chỉ_huy quân_sự Bà_Rịa - Vũng_Tàu cùng hàng chục người_dân địa_phương đã phát_hiện xác máy_bay và thi_thể 3 sĩ_quan gặp nạn . > > Xem video : Người_thân gào khóc khi thấy thi_thể 3 sĩ_quan Phước_Tuấn Nhiều mảnh vỡ máy_bay EC130 T2 văng khắp nơi ở hiện_trường .",True,1.0,0,1.0,0
20801,3154,file_pdf,ok,,0.5294117647058824,0.2738095238095238,0.2823529411764706,-0.009538950715421324,0.10487959442332066,0.017857142857142905,3156,77,0.011333299999996882,0.01840089999999961,"T?i 19/10 , th??ng_t??ng Võ_V?n_Tu?n - Phó T?ng_tham_m?u_tr??ng Quân_??i nhân_dân Vi?t_Nam cho bi?t
, l?c_l??ng tìm_ki?m ?ã tìm th?y h?p ?en t?i hi?n_tr??ng máy_bay r?i . t?i xã Tóc_Tiên , huy?n Tân_Thành ) , m?t trong nh?ng ng??i ???c huy_??ng
tham_gia tìm tr?c_th?ng , n?i máy_bay r?i n?m phía d??i ??nh núi Bao_Quan ch?ng 50 m .",False,1.0006341154090044,54,1.0,0
9971,1505,text_baseline,ok,,0.5695364238410596,0.4161073825503355,0.4768211920529802,0.0,0.21926910299003322,0.0,1505,13,0.0001222999999974661,0.0007769000000017456,"Harry_Roque , phát_ngôn_viên của Tổng_thống Philippines hôm 11/6 xác_nhận thông_tin nhân_viên cảnh_sát biển Trung_Quốc đã tịch_thu cá của ngư_dân Philippines hồi tháng 5 trong vùng tranh_chấp ở Biển_Đông , theo AFP . Đó là lý_do chúng_tôi thông_báo với phía Trung_Quốc rằng sẽ không để họ tước_đoạt cá từ ngư_dân của chúng_tôi "" .",True,1.0,0,1.0,0
9971,1505,file_txt,ok,,0.5695364238410596,0.4161073825503355,0.4768211920529802,0.0,0.21926910299003322,0.0,1505,13,0.0014615999999989526,0.000779200000000202,"Harry_Roque , phát_ngôn_viên của Tổng_thống Philippines hôm 11/6 xác_nhận thông_tin nhân_viên cảnh_sát biển Trung_Quốc đã tịch_thu cá của ngư_dân Philippines hồi tháng 5 trong vùng tranh_chấp ở Biển_Đông , theo AFP . Đó là lý_do chúng_tôi thông_báo với phía Trung_Quốc rằng sẽ không để họ tước_đoạt cá từ ngư_dân của chúng_tôi "" .",True,1.0,0,1.0,0
9971,1505,file_docx,ok,,0.5695364238410596,0.4161073825503355,0.4768211920529802,0.0,0.21926910299003322,0.0,1505,13,0.019754199999997724,0.0008248999999977968,"Harry_Roque , phát_ngôn_viên của Tổng_thống Philippines hôm 11/6 xác_nhận thông_tin nhân_viên cảnh_sát biển Trung_Quốc đã tịch_thu cá của ngư_dân Philippines hồi tháng 5 trong vùng tranh_chấp ở Biển_Đông , theo AFP . Đó là lý_do chúng_tôi thông_báo với phía Trung_Quốc rằng sẽ không để họ tước_đoạt cá từ ngư_dân của chúng_tôi "" .",True,1.0,0,1.0,0
9971,1505,file_pdf,ok,,0.5874125874125874,0.43971631205673756,0.5034965034965035,0.026675311443523364,0.1893687707641196,0.027027027027026973,1505,41,0.011017899999998804,0.0052833000000021,"Harry_Roque , phát_ngôn_viên c?a T?ng_th?ng Philippines hôm 11/6
xác_nh?n thông_tin nhân_viên c?nh_sát bi?n Trung_Qu?c ?ã t?ch_thu cá c?a ng?_dân Philippines h?i tháng 5
trong vùng tranh_ch?p ? th?c_hi?n các bi?n_pháp ng?n_ch?n l?c_l??ng c?nh_sát bi?n ti?p_t?c
nh?ng hành_??ng t??ng_t?",False,1.0,28,1.0,0
9821,1516,text_baseline,ok,,0.5740740740740741,0.1320754716981132,0.37037037037037035,0.0,0.1517150395778364,0.0,1516,12,0.0001105000000016787,0.0011592999999976428,"Thị_trưởng New_York_Bill de Blasio . Tuyên_bố của Blasio được đưa ra sau khi Epstein , người đang bị truy_tố vì tội ấu_dâm và tổ_chức đường_dây mại_dâm trẻ vị_thành_niên , tự_tử trong nhà_tù liên_bang ở New_York cách đây ba ngày .",True,1.0,0,1.0,0
9821,1516,file_txt,ok,,0.5740740740740741,0.1320754716981132,0.37037037037037035,0.0,0.1517150395778364,0.0,1516,12,0.0015633000000008224,0.000890999999999309,"Thị_trưởng New_York_Bill de Blasio . Tuyên_bố của Blasio được đưa ra sau khi Epstein , người đang bị truy_tố vì tội ấu_dâm và tổ_chức đường_dây mại_dâm trẻ vị_thành_niên , tự_tử trong nhà_tù liên_bang ở New_York cách đây ba ngày .",True,1.0,0,1.0,0
9821,1516,file_docx,ok,,0.5740740740740741,0.1320754716981132,0.37037037037037035,0.0,0.1517150395778364,0.0,1516,12,0.019010899999997832,0.000820099999998547,"Thị_trưởng New_York_Bill de Blasio . Tuyên_bố của Blasio được đưa ra sau khi Epstein , người đang bị truy_tố vì tội ấu_dâm và tổ_chức đường_dây mại_dâm trẻ vị_thành_niên , tự_tử trong nhà_tù liên_bang ở New_York cách đây ba ngày .",True,1.0,0,1.0,0
9821,1516,file_pdf,ok,,0.46399999999999997,0.17886178861788618,0.25600000000000006,-0.11437037037037029,0.15765171503957784,0.04347826086956519,1516,32,0.011296000000001527,0.003610500000000627,"Cái ch?t c?a Epstein gây ra nhi?u tranh_cãi và hoài_nghi , b?i ông này l?_ra ph?i ???c
giám_sát liên_t?c vì t?ng tìm cách t?_sát h?t tr??c ?ó . cái ch?t c?a
Epstein khi?n ông "" r?t s?c "" và ??t ra nh?ng nghi_v?n nghiêm_tr?ng c?n gi?i_?áp .",False,1.0,20,1.0,0
6235,4764,text_baseline,ok,,0.6810344827586208,0.25217391304347825,0.3362068965517241,0.0,0.08018471872376154,0.0,4764,34,0.0002534999999994625,0.005279899999997895,"Cá_nhân tôi hy_vọng Triều_Tiên sẽ cử vận_động_viên tham_gia sự_kiện này và với tinh_thần Olympic , nó có_thể làm giảm bớt những căng_thẳng "" , Tiến_sĩ Lowe nhấn_mạnh . Phủ Tổng_thống Hàn_Quốc khi đó hoan_nghênh việc 2 vận_động_viên Triều_Tiên giành được vé tham_dự Olympic_Pyeongchang , đồng_thời bày_tỏ hy_vọng việc này sẽ mở_đường để Triều_Tiên tham_dự sự_kiện thể_thao toàn_cầu .",True,1.0,0,1.0,0
6235,4764,file_txt,ok,,0.6810344827586208,0.25217391304347825,0.3362068965517241,0.0,0.08018471872376154,0.0,4764,34,0.004290799999999706,0.005423199999999184,"Cá_nhân tôi hy_vọng Triều_Tiên sẽ cử vận_động_viên tham_gia sự_kiện này và với tinh_thần Olympic , nó có_thể làm giảm bớt những căng_thẳng "" , Tiến_sĩ Lowe nhấn_mạnh . Phủ Tổng_thống Hàn_Quốc khi đó hoan_nghênh việc 2 vận_động_viên Triều_Tiên giành được vé tham_dự Olympic_Pyeongchang , đồng_thời bày_tỏ hy_vọng việc này sẽ mở_đường để Triều_Tiên tham_dự sự_kiện thể_thao toàn_cầu .",True,1.0,0,1.0,0
6235,4764,file_docx,ok,,0.6810344827586208,0.25217391304347825,0.3362068965517241,0.0,0.08018471872376154,0.0,4764,34,0.020935200000000265,0.005424300000001381,"Cá_nhân tôi hy_vọng Triều_Tiên sẽ cử vận_động_viên tham_gia sự_kiện này và với tinh_thần Olympic , nó có_thể làm giảm bớt những căng_thẳng "" , Tiến_sĩ Lowe nhấn_mạnh . Phủ Tổng_thống Hàn_Quốc khi đó hoan_nghênh việc 2 vận_động_viên Triều_Tiên giành được vé tham_dự Olympic_Pyeongchang , đồng_thời bày_tỏ hy_vọng việc này sẽ mở_đường để Triều_Tiên tham_dự sự_kiện thể_thao toàn_cầu .",True,1.0,0,1.0,0
6235,4764,file_pdf,ok,,0.4161073825503356,0.19047619047619047,0.22818791946308725,-0.10801897708863684,0.022455403987408185,0.0,4765,134,0.010712600000001515,0.04726710000000267,"Ông l?u_ý , Bình_Nh??ng có kh?_n?ng th?c_hi?n m?t_s? v?n_??ng_viên t?i thi_??u sau khi th?y nh?ng n?_l?c t?",False,1.000209907640638,100,1.0,0
6131,2413,text_baseline,ok,,0.5811965811965811,0.2782608695652174,0.34188034188034183,0.0,0.10567757977621219,0.15555555555555556,2413,19,0.000169899999999501,0.0015190000000018244,Loại vi_khuẩn nói trên có khả_năng sống_sót trong một chất hoá_học tên là perchlorate - được tìm thấy ở nhiều loại đất của sao Hoả . Vi_khuẩn Planococcus halocryophilus có khả_năng sống_sót trong một chất hoá_học được phát_hiện trên sao Hoả - Ảnh : NASA .,True,1.0,0,1.0,0
6131,2413,file_txt,ok,,0.5811965811965811,0.2782608695652174,0.34188034188034183,0.0,0.10567757977621219,0.15555555555555556,2413,19,0.002311599999998748,0.0017703000000004465,Loại vi_khuẩn nói trên có khả_năng sống_sót trong một chất hoá_học tên là perchlorate - được tìm thấy ở nhiều loại đất của sao Hoả . Vi_khuẩn Planococcus halocryophilus có khả_năng sống_sót trong một chất hoá_học được phát_hiện trên sao Hoả - Ảnh : NASA .,True,1.0,0,1.0,0
6131,2413,file_docx,ok,,0.5811965811965811,0.2782608695652174,0.34188034188034183,0.0,0.10567757977621219,0.15555555555555556,2413,19,0.020339400000001007,0.0015457000000012044,Loại vi_khuẩn nói trên có khả_năng sống_sót trong một chất hoá_học tên là perchlorate - được tìm thấy ở nhiều loại đất của sao Hoả . Vi_khuẩn Planococcus halocryophilus có khả_năng sống_sót trong một chất hoá_học được phát_hiện trên sao Hoả - Ảnh : NASA .,True,1.0,0,1.0,0
6131,2413,file_pdf,ok,,0.6226415094339622,0.2884615384615385,0.3584905660377359,0.01661022415739405,0.08737060041407868,0.18181818181818177,2415,64,0.00921109999999814,0.012586299999998829,"Lo?i vi_khu?n nói trên có kh?_n?ng s?ng_sót trong m?t ch?t hoá_h?c tên là perchlorate - ???c tìm th?y ? Vi_khu?n Planococcus halocryophilus có kh?_n?ng s?ng_sót trong m?t ch?t hoá_h?c ???c phát_hi?n trên sao
Ho?",False,1.0008288437629507,45,0.9979238754325259,0
17675,3179,text_baseline,ok,,0.7090909090909091,0.7064220183486238,0.7090909090909091,0.0,0.12268008807801195,0.05405405405405406,3179,25,0.0001908000000021559,0.0027811999999975967,""" Người_Thái mà "" - cụm_từ này được chị Thuận nhấn_mạnh nhiều lần với các chị_em về sự mạnh_mẽ của khối hình , đường_nét , màu_sắc và sự biểu_cảm khi thể_hiện nét văn_hoá dân_tộc Thái trên từng sản_phẩm thổ_cẩm . Cơ_sở may thêu của chị Thuận hình_thành vào đầu năm 2008 , từ ý_tưởng của chị muốn tạo việc_làm cho người khuyết_tật trong xã tự kiếm sống bằng vốn văn_hoá dân_tộc Thái sẵn có .",True,1.0,0,1.0,0
17675,3179,file_txt,ok,,0.7090909090909091,0.7064220183486238,0.7090909090909091,0.0,0.12268008807801195,0.05405405405405406,3179,25,0.003087000000000728,0.0029318000000024824,""" Người_Thái mà "" - cụm_từ này được chị Thuận nhấn_mạnh nhiều lần với các chị_em về sự mạnh_mẽ của khối hình , đường_nét , màu_sắc và sự biểu_cảm khi thể_hiện nét văn_hoá dân_tộc Thái trên từng sản_phẩm thổ_cẩm . Cơ_sở may thêu của chị Thuận hình_thành vào đầu năm 2008 , từ ý_tưởng của chị muốn tạo việc_làm cho người khuyết_tật trong xã tự kiếm sống bằng vốn văn_hoá dân_tộc Thái sẵn có .",True,1.0,0,1.0,0
17675,3179,file_docx,ok,,0.7090909090909091,0.7064220183486238,0.7090909090909091,0.0,0.12268008807801195,0.05405405405405406,3179,25,0.020987300000001596,0.0027905000000032487,""" Người_Thái mà "" - cụm_từ này được chị Thuận nhấn_mạnh nhiều lần với các chị_em về sự mạnh_mẽ của khối hình , đường_nét , màu_sắc và sự biểu_cảm khi thể_hiện nét văn_hoá dân_tộc Thái trên từng sản_phẩm thổ_cẩm . Cơ_sở may thêu của chị Thuận hình_thành vào đầu năm 2008 , từ ý_tưởng của chị muốn tạo việc_làm cho người khuyết_tật trong xã tự kiếm sống bằng vốn văn_hoá dân_tộc Thái sẵn có .",True,1.0,0,1.0,0
17675,3179,file_pdf,ok,,0.6929133858267718,0.528,0.4724409448818898,-0.2366499642090193,0.042767295597484274,0.0,3180,111,0.011624399999998758,0.029688700000001234,"bi?u_c?m khi th?_hi?n nét v?n_hoá
dân_t?c Thái trên t?ng s?n_ph?m th?_c?m . c?ng ???c m?t c?_quan v?n_hoá c?a ??c
m?i sang "" truy?n ngh?",False,1.0003145643284053,86,1.0,0
2895,2616,text_baseline,ok,,0.5,0.1728395061728395,0.30487804878048785,0.0,0.125,0.10769230769230764,2616,15,0.000177300000000713,0.0013723999999974978,"Theo chị Thuỷ , sau khoảng 3 giờ đăng_tải trên mạng xã_hội , gia_đình của chị Hon ở Bạc_Liêu đã liên_lạc với chị và người_thân của chị ở Lạng_Sơn để xác_nhận và xin làm thủ_tục đón chị về . Sau đó , sẽ có đoàn trong tổ_chức thiện_nguyện của chị tại TP Cần_Thơ phối_hợp với người_thân của chị Hon đưa chị về quê_nhà ở Bạc_Liêu .",True,1.0,0,1.0,0
2895,2616,file_txt,ok,,0.5,0.1728395061728395,0.30487804878048785,0.0,0.125,0.10769230769230764,2616,15,0.002457499999998447,0.0012660999999987155,"Theo chị Thuỷ , sau khoảng 3 giờ đăng_tải trên mạng xã_hội , gia_đình của chị Hon ở Bạc_Liêu đã liên_lạc với chị và người_thân của chị ở Lạng_Sơn để xác_nhận và xin làm thủ_tục đón chị về . Sau đó , sẽ có đoàn trong tổ_chức thiện_nguyện của chị tại TP Cần_Thơ phối_hợp với người_thân của chị Hon đưa chị về quê_nhà ở Bạc_Liêu .",True,1.0,0,1.0,0
2895,2616,file_docx,ok,,0.5,0.1728395061728395,0.30487804878048785,0.0,0.125,0.10769230769230764,2616,15,0.019730200000001474,0.001710300000002718,"Theo chị Thuỷ , sau khoảng 3 giờ đăng_tải trên mạng xã_hội , gia_đình của chị Hon ở Bạc_Liêu đã liên_lạc với chị và người_thân của chị ở Lạng_Sơn để xác_nhận và xin làm thủ_tục đón chị về . Sau đó , sẽ có đoàn trong tổ_chức thiện_nguyện của chị tại TP Cần_Thơ phối_hợp với người_thân của chị Hon đưa chị về quê_nhà ở Bạc_Liêu .",True,1.0,0,1.0,0
2895,2616,file_pdf,ok,,0.5742574257425743,0.18181818181818182,0.3564356435643564,0.051557594783868566,0.045454545454545456,0.15000000000000002,2618,102,0.009717399999999543,0.033499100000000226,"Hon t?i c?a_kh?u L?ng_S?n sau 22 n?m
ch? cùng ng??i_thân t?i L?ng_S?n sau 22 n?m l?u_l?c - ?nh :
b?n_??c Ngô_Thanh_Thu?",False,1.0007645259938838,87,1.0,0
788,1865,text_baseline,ok,,0.4444444444444444,0.08571428571428572,0.27777777777777773,0.0,0.057908847184986595,0.040000000000000036,1865,26,0.00013390000000157443,0.0022802000000012868,"Sau khi gây án , Hời tiếp_tục sống tại khách_sạn 2 ngày . Sau đó , Hời về khách_sạn ở đến 8/2 thì bỏ vào TP.",True,1.0,0,1.0,0
788,1865,file_txt,ok,,0.4444444444444444,0.08571428571428572,0.27777777777777773,0.0,0.057908847184986595,0.040000000000000036,1865,26,0.0019908000000015136,0.002560899999998867,"Sau khi gây án , Hời tiếp_tục sống tại khách_sạn 2 ngày . Sau đó , Hời về khách_sạn ở đến 8/2 thì bỏ vào TP.",True,1.0,0,1.0,0
788,1865,file_docx,ok,,0.4444444444444444,0.08571428571428572,0.27777777777777773,0.0,0.057908847184986595,0.040000000000000036,1865,26,0.019989500000001215,0.0022844000000006304,"Sau khi gây án , Hời tiếp_tục sống tại khách_sạn 2 ngày . Sau đó , Hời về khách_sạn ở đến 8/2 thì bỏ vào TP.",True,1.0,0,1.0,0
788,1865,file_pdf,ok,,0.5476190476190477,0.14634146341463417,0.2619047619047619,-0.015873015873015817,0.07667560321715818,0.0,1865,64,0.009298499999999876,0.013005699999997233,"b?_can , b?t t?m giam tr?_l?i ??i_v?i Bùi_V?n_H?i ( 34 tu?i , ng? Theo l?i khai c?a H?i , tháng 3/2018 , sau khi
hoàn_t?t th?_t?c ly_hôn v?i v?",False,1.0,38,1.0,0
7289,1437,text_baseline,ok,,0.48529411764705876,0.1791044776119403,0.24999999999999994,0.0,0.19763395963813501,0.15254237288135597,1437,10,0.00011080000000163182,0.000591700000001083,"Theo truyền_thông địa_phương , Nhật_Bản mới đưa vào sử_dụng máy_bay F -35 A từ tháng 1/2018 để thay_thế máy_bay F -4 đã cũ và tới nay có tổng_cộng 13 chiếc loại này . Theo kế_hoạch , Nhật_Bản sẽ biên_chế thêm 147 máy_bay F -35 , trong đó có 105 máy_bay F -35 A và 42 máy_bay F -35 B .",True,1.0,0,1.0,0
7289,1437,file_txt,ok,,0.48529411764705876,0.1791044776119403,0.24999999999999994,0.0,0.19763395963813501,0.15254237288135597,1437,10,0.0013870000000011373,0.000632299999999475,"Theo truyền_thông địa_phương , Nhật_Bản mới đưa vào sử_dụng máy_bay F -35 A từ tháng 1/2018 để thay_thế máy_bay F -4 đã cũ và tới nay có tổng_cộng 13 chiếc loại này . Theo kế_hoạch , Nhật_Bản sẽ biên_chế thêm 147 máy_bay F -35 , trong đó có 105 máy_bay F -35 A và 42 máy_bay F -35 B .",True,1.0,0,1.0,0
7289,1437,file_docx,ok,,0.48529411764705876,0.1791044776119403,0.24999999999999994,0.0,0.19763395963813501,0.15254237288135597,1437,10,0.01968040000000215,0.0006597999999975457,"Theo truyền_thông địa_phương , Nhật_Bản mới đưa vào sử_dụng máy_bay F -35 A từ tháng 1/2018 để thay_thế máy_bay F -4 đã cũ và tới nay có tổng_cộng 13 chiếc loại này . Theo kế_hoạch , Nhật_Bản sẽ biên_chế thêm 147 máy_bay F -35 , trong đó có 105 máy_bay F -35 A và 42 máy_bay F -35 B .",True,1.0,0,1.0,0
7289,1437,file_pdf,ok,,0.6086956521739131,0.26666666666666666,0.32608695652173914,0.07608695652173919,0.10090466249130133,0.0,1437,37,0.010373200000000082,0.003869999999999152,"phi_??i máy_bay chi?n_??u tàng_hình F -35 A c?a
L?c_l??ng phòng_không Nh?t_B?n ( JASDF ) s? Ông c?ng l?u_ý r?ng Washington ?ã h?a v?i Nh?t_B?n s?",False,1.0,27,1.0,0
10055,3265,text_baseline,ok,,0.35000000000000003,0.10126582278481014,0.25,0.0,0.10811638591117917,0.02985074626865669,3265,20,0.00019689999999883412,0.0022199000000000524,"Ngay sau khi nhận được tin kẻ địch tấn_công hạt_nhân , Mỹ và NATO sẽ phát_động đợt phản_công đường không quy_mô lớn bằng các tiêm_kích F -35 , F -22 và oanh_tạc cơ B -2 . "" Các tàu_ngầm hạt_nhân được thiết_kế để đảm_bảo ' năng_lực tấn_công dự_phòng ' quy_mô lớn , sẽ tiêu_diệt bất_cứ ai tấn_công hạt_nhân vào Mỹ "" , các chuyên_gia quân_sự Mỹ nhận_định .",True,1.0,0,1.0,0
10055,3265,file_txt,ok,,0.35000000000000003,0.10126582278481014,0.25,0.0,0.10811638591117917,0.02985074626865669,3265,20,0.0029852000000012424,0.0024668000000005463,"Ngay sau khi nhận được tin kẻ địch tấn_công hạt_nhân , Mỹ và NATO sẽ phát_động đợt phản_công đường không quy_mô lớn bằng các tiêm_kích F -35 , F -22 và oanh_tạc cơ B -2 . "" Các tàu_ngầm hạt_nhân được thiết_kế để đảm_bảo ' năng_lực tấn_công dự_phòng ' quy_mô lớn , sẽ tiêu_diệt bất_cứ ai tấn_công hạt_nhân vào Mỹ "" , các chuyên_gia quân_sự Mỹ nhận_định .",True,1.0,0,1.0,0
10055,3265,file_docx,ok,,0.35000000000000003,0.10126582278481014,0.25,0.0,0.10811638591117917,0.02985074626865669,3265,20,0.02015079999999969,0.002328399999999675,"Ngay sau khi nhận được tin kẻ địch tấn_công hạt_nhân , Mỹ và NATO sẽ phát_động đợt phản_công đường không quy_mô lớn bằng các tiêm_kích F -35 , F -22 và oanh_tạc cơ B -2 . "" Các tàu_ngầm hạt_nhân được thiết_kế để đảm_bảo ' năng_lực tấn_công dự_phòng ' quy_mô lớn , sẽ tiêu_diệt bất_cứ ai tấn_công hạt_nhân vào Mỹ "" , các chuyên_gia quân_sự Mỹ nhận_định .",True,1.0,0,1.0,0
10055,3265,file_pdf,ok,,0.6326530612244897,0.1875,0.2653061224489796,0.015306122448979609,0.04409063074096754,0.0,3266,92,0.010315099999999688,0.022164700000001147,"t?n_công h?t_nhân c?a ??i_ph??ng , M? trình_bày k?_ho?ch k?t_n?i các
l?c_l??ng NATO nh?m ng?n_ch?n hành_??ng và làm th?t_b?i m?i m?c_tiêu c?a k?",False,1.0003062787136294,72,1.0,0
15545,1229,text_baseline,ok,,0.46296296296296297,0.03773584905660377,0.2222222222222222,0.0,0.16354759967453214,0.0,1229,10,0.00010759999999976344,0.0006545000000031109,"Ngay khi phát_hiện vụ_việc , người_dân xung_quanh đã báo tin cho lực_lượng chức_năng đồng_thời hỗ_trợ đưa các nạn_nhân đi cấp_cứu . Lực_lượng chức_năng có_mặt điều_tra vụ tai_nạn ( ảnh : Vietnamnet ) .",True,1.0,0,1.0,0
15545,1229,file_txt,ok,,0.46296296296296297,0.03773584905660377,0.2222222222222222,0.0,0.16354759967453214,0.0,1229,10,0.0013873999999987063,0.0005956000000004735,"Ngay khi phát_hiện vụ_việc , người_dân xung_quanh đã báo tin cho lực_lượng chức_năng đồng_thời hỗ_trợ đưa các nạn_nhân đi cấp_cứu . Lực_lượng chức_năng có_mặt điều_tra vụ tai_nạn ( ảnh : Vietnamnet ) .",True,1.0,0,1.0,0
15545,1229,file_docx,ok,,0.46296296296296297,0.03773584905660377,0.2222222222222222,0.0,0.16354759967453214,0.0,1229,10,0.020835399999999282,0.0006100999999993917,"Ngay khi phát_hiện vụ_việc , người_dân xung_quanh đã báo tin cho lực_lượng chức_năng đồng_thời hỗ_trợ đưa các nạn_nhân đi cấp_cứu . Lực_lượng chức_năng có_mặt điều_tra vụ tai_nạn ( ảnh : Vietnamnet ) .",True,1.0,0,1.0,0
15545,1229,file_pdf,ok,,0.5217391304347826,0.11111111111111112,0.2391304347826087,0.016908212560386493,0.11228641171684296,0.0,1229,24,0.011103500000000821,0.002086699999999553,"?ã t?_vong tr??c khi ??n
b?nh_vi?n , m?t ng??i khác c?ng b? Hi?n
l?c_l??ng ch?c_n?ng ?ang ?i?u_tra và làm rõ nguyên_nhân d?n t?i tai_n?n .",False,1.0,14,1.0,0
7340,1385,text_baseline,ok,,0.6037735849056604,0.16560509554140126,0.2893081761006289,0.0,0.22382671480144403,0.0,1385,11,0.00010390000000271016,0.0005821000000025833,"Theo RT , vào ngày 12/12 , nhóm máy_bay quân_sự và binh_lính đầu_tiên đã rời Syria để quay trở_về Nga theo mệnh_lệnh của Tổng_thống Vladimir_Putin . Bộ Quốc_phòng Nga trong một thông_báo cho_hay , tiểu_đoàn cảnh_sát quân_sự Nga sáng 12/12 đã lên phi cơ vận_tải từ Syria về đến Makhachkala , Cộng_hoà Dagestan .",True,1.0,0,1.0,0
7340,1385,file_txt,ok,,0.6037735849056604,0.16560509554140126,0.2893081761006289,0.0,0.22382671480144403,0.0,1385,11,0.0016821000000000197,0.0008894000000019275,"Theo RT , vào ngày 12/12 , nhóm máy_bay quân_sự và binh_lính đầu_tiên đã rời Syria để quay trở_về Nga theo mệnh_lệnh của Tổng_thống Vladimir_Putin . Bộ Quốc_phòng Nga trong một thông_báo cho_hay , tiểu_đoàn cảnh_sát quân_sự Nga sáng 12/12 đã lên phi cơ vận_tải từ Syria về đến Makhachkala , Cộng_hoà Dagestan .",True,1.0,0,1.0,0
7340,1385,file_docx,ok,,0.6037735849056604,0.16560509554140126,0.2893081761006289,0.0,0.22382671480144403,0.0,1385,11,0.02036509999999936,0.0007456999999995162,"Theo RT , vào ngày 12/12 , nhóm máy_bay quân_sự và binh_lính đầu_tiên đã rời Syria để quay trở_về Nga theo mệnh_lệnh của Tổng_thống Vladimir_Putin . Bộ Quốc_phòng Nga trong một thông_báo cho_hay , tiểu_đoàn cảnh_sát quân_sự Nga sáng 12/12 đã lên phi cơ vận_tải từ Syria về đến Makhachkala , Cộng_hoà Dagestan .",True,1.0,0,1.0,0
7340,1385,file_pdf,ok,,0.5344827586206896,0.15789473684210525,0.3448275862068966,0.05551941010626765,0.10685920577617329,0.0,1385,43,0.010927499999997536,0.005306899999997228,"Tr??c ?ó , hôm 11/12 , T?ng_th?ng Putin ?ã tuyên_b? L?c_l??ng này ?ã h?_t?ng h?n 1.700 ?oàn xe nhân_??o và gi?_gìn an_ninh cho các
ho?t_??ng c?u_tr?",False,1.0,32,1.0,0
19143,4521,text_baseline,ok,,0.4727272727272728,0.40293040293040294,0.43636363636363634,0.0,0.13979208139792082,0.017699115044247815,4521,26,0.0002646999999988964,0.0037038999999978728,"Ngày 21/2 , trao_đổi sau lễ ký biên_bản tiếp_nhận 21 ha đất từ Bộ Quốc_phòng để mở_rộng Tân_Sơn_Nhất , Cục_trưởng Hàng_không Lại Xuân_Thanh nhắc lại hiện_trạng sân_bay đang bị quá_tải từ trên không , khu bay vào đến nhà_ga và cả các tuyến đường bên ngoài . "" Tất_cả các phương_án , kể_cả phương_án thu_hồi đất quân_sự ở phía Bắc sân_bay , trong đó có 127 ha sân golf để phục_vụ cho hàng_không dân_dụng đều đang được đơn_vị tư_vấn tính_toán "" , ông Thanh nói và cho_biết tất_cả các phương_án đều được đặt ra để xem_xét , làm_sao vừa tăng năng_lực cho sân_bay Tân_Sơn_Nhất , vừa đảm_bảo đồng_bộ đến khi hoàn_thành sân_bay Long_Thành .",True,1.0,0,1.0,0
19143,4521,file_txt,ok,,0.4727272727272728,0.40293040293040294,0.43636363636363634,0.0,0.13979208139792082,0.017699115044247815,4521,26,0.003947399999997714,0.004038299999997719,"Ngày 21/2 , trao_đổi sau lễ ký biên_bản tiếp_nhận 21 ha đất từ Bộ Quốc_phòng để mở_rộng Tân_Sơn_Nhất , Cục_trưởng Hàng_không Lại Xuân_Thanh nhắc lại hiện_trạng sân_bay đang bị quá_tải từ trên không , khu bay vào đến nhà_ga và cả các tuyến đường bên ngoài . "" Tất_cả các phương_án , kể_cả phương_án thu_hồi đất quân_sự ở phía Bắc sân_bay , trong đó có 127 ha sân golf để phục_vụ cho hàng_không dân_dụng đều đang được đơn_vị tư_vấn tính_toán "" , ông Thanh nói và cho_biết tất_cả các phương_án đều được đặt ra để xem_xét , làm_sao vừa tăng năng_lực cho sân_bay Tân_Sơn_Nhất , vừa đảm_bảo đồng_bộ đến khi hoàn_thành sân_bay Long_Thành .",True,1.0,0,1.0,0
19143,4521,file_docx,ok,,0.4727272727272728,0.40293040293040294,0.43636363636363634,0.0,0.13979208139792082,0.017699115044247815,4521,26,0.02051299999999756,0.0037692000000006942,"Ngày 21/2 , trao_đổi sau lễ ký biên_bản tiếp_nhận 21 ha đất từ Bộ Quốc_phòng để mở_rộng Tân_Sơn_Nhất , Cục_trưởng Hàng_không Lại Xuân_Thanh nhắc lại hiện_trạng sân_bay đang bị quá_tải từ trên không , khu bay vào đến nhà_ga và cả các tuyến đường bên ngoài . "" Tất_cả các phương_án , kể_cả phương_án thu_hồi đất quân_sự ở phía Bắc sân_bay , trong đó có 127 ha sân golf để phục_vụ cho hàng_không dân_dụng đều đang được đơn_vị tư_vấn tính_toán "" , ông Thanh nói và cho_biết tất_cả các phương_án đều được đặt ra để xem_xét , làm_sao vừa tăng năng_lực cho sân_bay Tân_Sơn_Nhất , vừa đảm_bảo đồng_bộ đến khi hoàn_thành sân_bay Long_Thành .",True,1.0,0,1.0,0
19143,4521,file_pdf,ok,,0.6131386861313868,0.16296296296296295,0.3065693430656934,-0.12979429329794295,0.044228217602830605,0.0,4522,118,0.01604199999999878,0.03792820000000319,"k?_ho?ch s?_d?ng di?n_tích v?a ti?p_nh?n , ng??i ??ng ??u C?c hàng_không Vi?t_Nam cho bi?t , B? Hi?n , m?t trong nh?ng ?i?m ngh?n c?a sân_bay Tân_S?n_Nh?t chính là n?ng_l?c
thông_quan c?a khu bay , t?",False,1.000221190002212,92,1.0,0
6647,3835,text_baseline,ok,,0.6270270270270271,0.14207650273224043,0.32432432432432434,0.0,0.07744458930899609,0.0357142857142857,3835,33,0.0003012999999967292,0.004655599999999538,"Các đặc_vụ Mỹ nhận_định rằng bình_tĩnh , kiên_nhẫn theo_dõi nhân_vật này , họ sẽ biết được bằng cách nào Trung_Quốc có_thể phá vỡ mạng_lưới tình_báo của Mỹ năm 2010 cũng như sự liên_quan của ông Lee . Trong khoảng vài năm trở_lại đây , ông Lee về Mỹ nhưng FBI đã mặc_nhiên để nhân_vật này đi_lại .",True,1.0,0,1.0,0
6647,3835,file_txt,ok,,0.6270270270270271,0.14207650273224043,0.32432432432432434,0.0,0.07744458930899609,0.0357142857142857,3835,33,0.003629799999998795,0.004594499999999613,"Các đặc_vụ Mỹ nhận_định rằng bình_tĩnh , kiên_nhẫn theo_dõi nhân_vật này , họ sẽ biết được bằng cách nào Trung_Quốc có_thể phá vỡ mạng_lưới tình_báo của Mỹ năm 2010 cũng như sự liên_quan của ông Lee . Trong khoảng vài năm trở_lại đây , ông Lee về Mỹ nhưng FBI đã mặc_nhiên để nhân_vật này đi_lại .",True,1.0,0,1.0,0
6647,3835,file_docx,ok,,0.6270270270270271,0.14207650273224043,0.32432432432432434,0.0,0.07744458930899609,0.0357142857142857,3835,33,0.019683799999999252,0.004814700000000727,"Các đặc_vụ Mỹ nhận_định rằng bình_tĩnh , kiên_nhẫn theo_dõi nhân_vật này , họ sẽ biết được bằng cách nào Trung_Quốc có_thể phá vỡ mạng_lưới tình_báo của Mỹ năm 2010 cũng như sự liên_quan của ông Lee . Trong khoảng vài năm trở_lại đây , ông Lee về Mỹ nhưng FBI đã mặc_nhiên để nhân_vật này đi_lại .",True,1.0,0,1.0,0
6647,3835,file_pdf,ok,,0.5112781954887218,0.12213740458015267,0.28571428571428575,-0.03861003861003859,0.03441084462982273,0.0,3836,144,0.010940900000001363,0.05344930000000048,"bi?n_m?t bí_?n c?a
hàng_lo?t ?i?p_viên CIA khi kho?ng 20 ??u_m?i thông_tin c?a c?_quan này b? Nhân_v?t này c?ng ?ã nh?n b?ng th?c_s?",False,1.0002607561929595,111,1.0,0
8968,3428,text_baseline,ok,,0.22602739726027396,0.09655172413793103,0.1506849315068493,0.0,0.22841306884480747,0.052631578947368474,3428,27,0.00020759999999953038,0.003378899999997742,"Người_phát_ngôn Bộ Nội_vụ Campuchia , Keo_Vanthorn , cho_biết người Việt_Nam trưởng_thành có_thể nộp đơn xin nhập_tịch Campuchia nếu họ có đủ điều_kiện bao_gồm có chứng_nhận tư_cách đạo_đức tốt của chủ_tịch xã hoặc phường , có giấy chứng_nhận chưa bị kết_án tội hình_sự , có giấy xác_nhận sống ở Campuchia liên_tục trong thời_gian 7 năm kể từ ngày được cấp phép cư_trú , có nơi ở tại Campuchia vào thời_điểm nộp đơn xin nhập quốc_tịch , biết nói và viết tiếng Khmer , có hiểu_biết nhất_định về lịch_sử Khmer và có bằng_chứng rõ_ràng là bản_thân có_thể sống tốt trong xã_hội Campuchia . "" Với những người không có giấy_tờ hợp_lệ , chúng_tôi coi họ là người nước_ngoài sống và làm_việc bất_hợp_pháp ở Campuchia "" , Uk_Heisela , trưởng thanh_tra của cơ_quan xuất_nhập_cảnh , phát_biểu .",True,1.0,0,1.0,0
8968,3428,file_txt,ok,,0.22602739726027396,0.09655172413793103,0.1506849315068493,0.0,0.22841306884480747,0.052631578947368474,3428,27,0.0032510999999999513,0.0034373999999992577,"Người_phát_ngôn Bộ Nội_vụ Campuchia , Keo_Vanthorn , cho_biết người Việt_Nam trưởng_thành có_thể nộp đơn xin nhập_tịch Campuchia nếu họ có đủ điều_kiện bao_gồm có chứng_nhận tư_cách đạo_đức tốt của chủ_tịch xã hoặc phường , có giấy chứng_nhận chưa bị kết_án tội hình_sự , có giấy xác_nhận sống ở Campuchia liên_tục trong thời_gian 7 năm kể từ ngày được cấp phép cư_trú , có nơi ở tại Campuchia vào thời_điểm nộp đơn xin nhập quốc_tịch , biết nói và viết tiếng Khmer , có hiểu_biết nhất_định về lịch_sử Khmer và có bằng_chứng rõ_ràng là bản_thân có_thể sống tốt trong xã_hội Campuchia . "" Với những người không có giấy_tờ hợp_lệ , chúng_tôi coi họ là người nước_ngoài sống và làm_việc bất_hợp_pháp ở Campuchia "" , Uk_Heisela , trưởng thanh_tra của cơ_quan xuất_nhập_cảnh , phát_biểu .",True,1.0,0,1.0,0
8968,3428,file_docx,ok,,0.22602739726027396,0.09655172413793103,0.1506849315068493,0.0,0.22841306884480747,0.052631578947368474,3428,27,0.020977099999999638,0.0034132000000006713,"Người_phát_ngôn Bộ Nội_vụ Campuchia , Keo_Vanthorn , cho_biết người Việt_Nam trưởng_thành có_thể nộp đơn xin nhập_tịch Campuchia nếu họ có đủ điều_kiện bao_gồm có chứng_nhận tư_cách đạo_đức tốt của chủ_tịch xã hoặc phường , có giấy chứng_nhận chưa bị kết_án tội hình_sự , có giấy xác_nhận sống ở Campuchia liên_tục trong thời_gian 7 năm kể từ ngày được cấp phép cư_trú , có nơi ở tại Campuchia vào thời_điểm nộp đơn xin nhập quốc_tịch , biết nói và viết tiếng Khmer , có hiểu_biết nhất_định về lịch_sử Khmer và có bằng_chứng rõ_ràng là bản_thân có_thể sống tốt trong xã_hội Campuchia . "" Với những người không có giấy_tờ hợp_lệ , chúng_tôi coi họ là người nước_ngoài sống và làm_việc bất_hợp_pháp ở Campuchia "" , Uk_Heisela , trưởng thanh_tra của cơ_quan xuất_nhập_cảnh , phát_biểu .",True,1.0,0,1.0,0
8968,3428,file_pdf,ok,,0.56,0.12244897959183673,0.28,0.12931506849315072,0.04666083406240887,0.0,3429,126,0.010815099999998523,0.039451299999999634,"?i?u_ki?n bao_g?m có ch?ng_nh?n t?_cách ??o_??c t?t c?a
ch?_t?ch xã ho?c ph??ng , có gi?y ch?ng_nh?n ch?a b? là ng??i n??c_ngoài s?ng và làm_vi?c b?t_h?p_pháp ?",False,1.000291715285881,99,1.0,0
17743,1459,text_baseline,ok,,0.4878048780487804,0.25925925925925924,0.35365853658536583,0.0,0.24537354352296092,0.07936507936507942,1459,13,0.00011779999999816937,0.0008486000000011984,"Lễ_hội lồng đèn hữu_nghị Việt - Hàn 2017 có sự kết_hợp giữa ba loại_hình gồm : Lễ_hội , biểu_diễn và thương_mại được tổ_chức trong thời_gian 45 ngày . Lễ_hội đèn_lồng hữu_nghị Việt - Hàn 2017 được tổ_chức nhân kỷ_niệm 25 năm quan_hệ ngoại_giao Việt_Nam - Hàn_Quốc , sẽ diễn ra tại không_gian rộng_lớn , thoáng mát của khu_đô_thị Vạn_Phúc ( quận Thủ_Đức , TP.",True,1.0,0,1.0,0
17743,1459,file_txt,ok,,0.4878048780487804,0.25925925925925924,0.35365853658536583,0.0,0.24537354352296092,0.07936507936507942,1459,13,0.0016387000000008811,0.001164500000001567,"Lễ_hội lồng đèn hữu_nghị Việt - Hàn 2017 có sự kết_hợp giữa ba loại_hình gồm : Lễ_hội , biểu_diễn và thương_mại được tổ_chức trong thời_gian 45 ngày . Lễ_hội đèn_lồng hữu_nghị Việt - Hàn 2017 được tổ_chức nhân kỷ_niệm 25 năm quan_hệ ngoại_giao Việt_Nam - Hàn_Quốc , sẽ diễn ra tại không_gian rộng_lớn , thoáng mát của khu_đô_thị Vạn_Phúc ( quận Thủ_Đức , TP.",True,1.0,0,1.0,0
17743,1459,file_docx,ok,,0.4878048780487804,0.25925925925925924,0.35365853658536583,0.0,0.24537354352296092,0.07936507936507942,1459,13,0.019531199999999416,0.0008531000000004951,"Lễ_hội lồng đèn hữu_nghị Việt - Hàn 2017 có sự kết_hợp giữa ba loại_hình gồm : Lễ_hội , biểu_diễn và thương_mại được tổ_chức trong thời_gian 45 ngày . Lễ_hội đèn_lồng hữu_nghị Việt - Hàn 2017 được tổ_chức nhân kỷ_niệm 25 năm quan_hệ ngoại_giao Việt_Nam - Hàn_Quốc , sẽ diễn ra tại không_gian rộng_lớn , thoáng mát của khu_đô_thị Vạn_Phúc ( quận Thủ_Đức , TP.",True,1.0,0,1.0,0
17743,1459,file_pdf,ok,,0.5333333333333333,0.2135922330097087,0.30476190476190484,-0.04889663182346099,0.113776559287183,0.0,1459,37,0.01078950000000134,0.0042936999999980685,"Trong ?ó , các ti?t_m?c giao_l?u v?n_hoá gi?a Vi?t_Nam -
Hàn_Qu?c di?n ra h?ng_ngày . T?i l?_h?i có t?_ch?c tri?n_lãm tr?ng_bày các nét ??p v?n_hoá Vi?t_Nam và
m?t_s?",False,1.0,24,1.0,0
19795,4136,text_baseline,ok,,0.5263157894736842,0.25306122448979596,0.32388663967611336,0.0,0.12886847195357834,0.05555555555555558,4136,23,0.00024120000000138475,0.0029757000000003586,"Dự_án văn_phòng và nhà chung_cư cao_tầng bán và cho thuê ( Discovery_Complex 302 , Dịch_Vọng , Cầu_Giấy ) , do Công_ty_cổ_phần đầu_tư thương_mại và dịch_vụ Cầu_Giấy làm_chủ_đầu_tư được khởi_công từ năm 2009 . Lý_giải về sai_phạm xây quá 3 tầng khối đế , tăng hàng trăm căn_hộ so với giấy_phép ban_đầu , ông Lê_Văn_Hùng , Phó tổng_giám_đốc Công_ty_cổ_phần đầu_tư thương_mại và dịch_vụ Cầu_Giấy ( đại_diện chủ_đầu_tư dự_án ) cho_hay , "" xây_dựng thêm cho phù_hợp với công_năng cũng như để cân đối_với toà tháp phía trên của toà nhà "" .",True,1.0,0,1.0,0
19795,4136,file_txt,ok,,0.5263157894736842,0.25306122448979596,0.32388663967611336,0.0,0.12886847195357834,0.05555555555555558,4136,23,0.003444699999999301,0.002854700000000321,"Dự_án văn_phòng và nhà chung_cư cao_tầng bán và cho thuê ( Discovery_Complex 302 , Dịch_Vọng , Cầu_Giấy ) , do Công_ty_cổ_phần đầu_tư thương_mại và dịch_vụ Cầu_Giấy làm_chủ_đầu_tư được khởi_công từ năm 2009 . Lý_giải về sai_phạm xây quá 3 tầng khối đế , tăng hàng trăm căn_hộ so với giấy_phép ban_đầu , ông Lê_Văn_Hùng , Phó tổng_giám_đốc Công_ty_cổ_phần đầu_tư thương_mại và dịch_vụ Cầu_Giấy ( đại_diện chủ_đầu_tư dự_án ) cho_hay , "" xây_dựng thêm cho phù_hợp với công_năng cũng như để cân đối_với toà tháp phía trên của toà nhà "" .",True,1.0,0,1.0,0
19795,4136,file_docx,ok,,0.5263157894736842,0.25306122448979596,0.32388663967611336,0.0,0.12886847195357834,0.05555555555555558,4136,23,0.021481600000001322,0.0033786999999989575,"Dự_án văn_phòng và nhà chung_cư cao_tầng bán và cho thuê ( Discovery_Complex 302 , Dịch_Vọng , Cầu_Giấy ) , do Công_ty_cổ_phần đầu_tư thương_mại và dịch_vụ Cầu_Giấy làm_chủ_đầu_tư được khởi_công từ năm 2009 . Lý_giải về sai_phạm xây quá 3 tầng khối đế , tăng hàng trăm căn_hộ so với giấy_phép ban_đầu , ông Lê_Văn_Hùng , Phó tổng_giám_đốc Công_ty_cổ_phần đầu_tư thương_mại và dịch_vụ Cầu_Giấy ( đại_diện chủ_đầu_tư dự_án ) cho_hay , "" xây_dựng thêm cho phù_hợp với công_năng cũng như để cân đối_với toà tháp phía trên của toà nhà "" .",True,1.0,0,1.0,0
19795,4136,file_pdf,ok,,0.5714285714285714,0.18840579710144928,0.3,-0.023886639676113375,0.047124214596423394,0.02857142857142858,4138,113,0.012418900000000122,0.03614389999999901,"cao_c?p 50 t?ng , v?i t?ng di?n_tích m?t_b?ng 10.158 m2 , m?c ??u_t? v?_trí ??c_??a , cách UBND ph??ng D?ch_V?ng kho?ng 50 m , v?i 2 m?t_ti?n trên ???ng C?u_Gi?y
và Tr?n_??ng_Ninh , m?i m2 c?n_h?",False,1.0004835589941974,90,1.0,0
1553,3203,text_baseline,ok,,0.6463414634146342,0.24691358024691357,0.35365853658536595,0.0,0.07087105838276615,0.3783783783783784,3203,38,0.00020479999999878373,0.00706209999999885,Ngọc_Anh ( tổng_hợp ) Người_thân của hoa_hậu Tiểu_Vy cũng đã có_mặt ở sân_bay để chào_đón cô sau hành_trình dài tại Miss_World . Người_thân của hoa_hậu Tiểu_Vy có_mặt ở sân_bay để chào_đón cô sau hành_trình dài tại Miss_World .,True,1.0,0,1.0,0
1553,3203,file_txt,ok,,0.6463414634146342,0.24691358024691357,0.35365853658536595,0.0,0.07087105838276615,0.3783783783783784,3203,38,0.0029088000000001557,0.006646499999998667,Ngọc_Anh ( tổng_hợp ) Người_thân của hoa_hậu Tiểu_Vy cũng đã có_mặt ở sân_bay để chào_đón cô sau hành_trình dài tại Miss_World . Người_thân của hoa_hậu Tiểu_Vy có_mặt ở sân_bay để chào_đón cô sau hành_trình dài tại Miss_World .,True,1.0,0,1.0,0
1553,3203,file_docx,ok,,0.6463414634146342,0.24691358024691357,0.35365853658536595,0.0,0.07087105838276615,0.3783783783783784,3203,38,0.02073210000000003,0.006636799999998999,Ngọc_Anh ( tổng_hợp ) Người_thân của hoa_hậu Tiểu_Vy cũng đã có_mặt ở sân_bay để chào_đón cô sau hành_trình dài tại Miss_World . Người_thân của hoa_hậu Tiểu_Vy có_mặt ở sân_bay để chào_đón cô sau hành_trình dài tại Miss_World .,True,1.0,0,1.0,0
1553,3203,file_pdf,ok,,0.524822695035461,0.10071942446043167,0.3120567375886525,-0.04160179899671346,0.04804992199687987,0.0,3205,94,0.010493499999999045,0.022674699999999604,"tr??ng_thành h?n so v?i nh?ng ngày ??u m?i b??c ra t? sau chi?n_th?ng t?i ph?n thi
Ng??i ??p Nhân_ái c?a tôi hay Hoa_h?u ??_M?_Linh "" , Ti?u_Vi cho bi?t .",False,1.000624414611302,56,1.0,0
10768,4624,text_baseline,ok,,0.41830065359477125,0.10596026490066227,0.23529411764705885,0.0,0.08369377162629758,0.02777777777777779,4624,44,0.00025260000000315586,0.007029699999996808,"Để đáp trả vụ đánh bom , máy_bay Ấn_Độ sáng 26/2 vượt qua Đường Kiểm_soát , biên_giới thực_tế giữa Ấn_Độ và Pakistan tại Kashmir , để không_kích các địa_điểm được cho là trại huấn_luyện khủng_bố Jaish - e - Mohammed . Ngày 27/2 , Pakistan cho_biết họ đã bắn hạ hai máy_bay Ấn_Độ , một chiếc rơi xuống khu_vực Kashmir do Pakistan kiểm_soát trong khi máy_bay còn lại rơi xuống phía Ấn_Độ .",True,1.0,0,1.0,0
10768,4624,file_txt,ok,,0.41830065359477125,0.10596026490066227,0.23529411764705885,0.0,0.08369377162629758,0.02777777777777779,4624,44,0.004112899999999087,0.007339899999998067,"Để đáp trả vụ đánh bom , máy_bay Ấn_Độ sáng 26/2 vượt qua Đường Kiểm_soát , biên_giới thực_tế giữa Ấn_Độ và Pakistan tại Kashmir , để không_kích các địa_điểm được cho là trại huấn_luyện khủng_bố Jaish - e - Mohammed . Ngày 27/2 , Pakistan cho_biết họ đã bắn hạ hai máy_bay Ấn_Độ , một chiếc rơi xuống khu_vực Kashmir do Pakistan kiểm_soát trong khi máy_bay còn lại rơi xuống phía Ấn_Độ .",True,1.0,0,1.0,0
10768,4624,file_docx,ok,,0.41830065359477125,0.10596026490066227,0.23529411764705885,0.0,0.08369377162629758,0.02777777777777779,4624,44,0.031192499999999512,0.007374099999999828,"Để đáp trả vụ đánh bom , máy_bay Ấn_Độ sáng 26/2 vượt qua Đường Kiểm_soát , biên_giới thực_tế giữa Ấn_Độ và Pakistan tại Kashmir , để không_kích các địa_điểm được cho là trại huấn_luyện khủng_bố Jaish - e - Mohammed . Ngày 27/2 , Pakistan cho_biết họ đã bắn hạ hai máy_bay Ấn_Độ , một chiếc rơi xuống khu_vực Kashmir do Pakistan kiểm_soát trong khi máy_bay còn lại rơi xuống phía Ấn_Độ .",True,1.0,0,1.0,0
10768,4624,file_pdf,ok,,0.5405405405405405,0.07339449541284404,0.2882882882882883,0.05299417064122944,0.041936878512753996,0.0,4626,162,0.015719799999999395,0.06578430000000068,"s?_d?ng v?_khí_h?t_nhân trong tr??ng_h?p c?n m?t cu?c t?n_công tr?_??a
m?nh ??n m?c ??i_th? , tuy_nhiên ,
t??ng_lai phía tr??c v?n là ?i?u b?t_??nh vì gi?a hai n??c còn t?n_t?i nhi?u mâu_thu?n .",False,1.0004325259515572,118,1.0,0
16298,3112,text_baseline,ok,,0.5314009661835749,0.2634146341463415,0.29951690821256044,0.0,0.14010282776349614,0.0444444444444444,3112,25,0.00020320000000140226,0.002710199999999219,"HCM và thích học tiếng Anh , bạn_đọc Khôi_Anh chia_sẻ : "" Em không rõ ở một_số trường và thành_phố khác có_thể thế_nào , nhưng ở chỗ em học , em thấy phương_pháp dạy chưa thực_sự chú_trọng vào cái cốt_lõi của bất_kỳ ngôn_ngữ nào kể_cả tiếng Anh hay tiếng Việt , đó chính là giao_tiếp . Và điều này cũng đã được chứng_minh qua việc 100 % số học_sinh nói được tiếng Anh đều đi học ở ngoài chứ không có em nào học ở trường mà nói được cả .",True,1.0,0,1.0,0
16298,3112,file_txt,ok,,0.5314009661835749,0.2634146341463415,0.29951690821256044,0.0,0.14010282776349614,0.0444444444444444,3112,25,0.0031233999999997764,0.002905999999999409,"HCM và thích học tiếng Anh , bạn_đọc Khôi_Anh chia_sẻ : "" Em không rõ ở một_số trường và thành_phố khác có_thể thế_nào , nhưng ở chỗ em học , em thấy phương_pháp dạy chưa thực_sự chú_trọng vào cái cốt_lõi của bất_kỳ ngôn_ngữ nào kể_cả tiếng Anh hay tiếng Việt , đó chính là giao_tiếp . Và điều này cũng đã được chứng_minh qua việc 100 % số học_sinh nói được tiếng Anh đều đi học ở ngoài chứ không có em nào học ở trường mà nói được cả .",True,1.0,0,1.0,0
16298,3112,file_docx,ok,,0.5314009661835749,0.2634146341463415,0.29951690821256044,0.0,0.14010282776349614,0.0444444444444444,3112,25,0.020002099999999245,0.002885700000000213,"HCM và thích học tiếng Anh , bạn_đọc Khôi_Anh chia_sẻ : "" Em không rõ ở một_số trường và thành_phố khác có_thể thế_nào , nhưng ở chỗ em học , em thấy phương_pháp dạy chưa thực_sự chú_trọng vào cái cốt_lõi của bất_kỳ ngôn_ngữ nào kể_cả tiếng Anh hay tiếng Việt , đó chính là giao_tiếp . Và điều này cũng đã được chứng_minh qua việc 100 % số học_sinh nói được tiếng Anh đều đi học ở ngoài chứ không có em nào học ở trường mà nói được cả .",True,1.0,0,1.0,0
16298,3112,file_pdf,ok,,0.5106382978723404,0.13043478260869565,0.3191489361702128,0.019632027957652343,0.027296082209377008,0.05882352941176472,3114,102,0.015128000000000696,0.02693710000000138,H?c ti?ng Anh t? t?i Ngày h?i vui v?i ti?ng Anh do nhà_tr??ng t?_ch?c - ?nh : M?_DUNG,False,1.000642673521851,77,1.0,0
6918,1338,text_baseline,ok,,0.47368421052631576,0.2340425531914894,0.29473684210526313,0.0,0.3333333333333333,0.024390243902439046,1338,7,0.00011230000000139739,0.0003667999999983351,"Hôm_nay 4/7 , tờ Fars_News cho_hay , quân Chính_phủ Syria với sự hỗ_trợ của các đơn_vị pháo_binh và tên_lửa , đã giành được quyền kiểm_soát đối_với ngôi làng Kahil ở Đông_Syria sau khi chiếm được ngôi làng al - Moseirafeh vào hôm_qua . Các đơn_vị khác của quân_đội được triển_khai ở thị_trấn Busra al - Sham ở Đông_Daraa đã thu được ít_nhất 4 phương_tiện quân_sự , nhiều khẩu pháo và một lượng lớn vũ_khí và đạn_dược từ tay các tay súng nổi_dậy .",True,1.0,0,1.0,0
6918,1338,file_txt,ok,,0.47368421052631576,0.2340425531914894,0.29473684210526313,0.0,0.3333333333333333,0.024390243902439046,1338,7,0.00128480000000053,0.00040360000000205787,"Hôm_nay 4/7 , tờ Fars_News cho_hay , quân Chính_phủ Syria với sự hỗ_trợ của các đơn_vị pháo_binh và tên_lửa , đã giành được quyền kiểm_soát đối_với ngôi làng Kahil ở Đông_Syria sau khi chiếm được ngôi làng al - Moseirafeh vào hôm_qua . Các đơn_vị khác của quân_đội được triển_khai ở thị_trấn Busra al - Sham ở Đông_Daraa đã thu được ít_nhất 4 phương_tiện quân_sự , nhiều khẩu pháo và một lượng lớn vũ_khí và đạn_dược từ tay các tay súng nổi_dậy .",True,1.0,0,1.0,0
6918,1338,file_docx,ok,,0.47368421052631576,0.2340425531914894,0.29473684210526313,0.0,0.3333333333333333,0.024390243902439046,1338,7,0.019845199999998897,0.00041460000000270725,"Hôm_nay 4/7 , tờ Fars_News cho_hay , quân Chính_phủ Syria với sự hỗ_trợ của các đơn_vị pháo_binh và tên_lửa , đã giành được quyền kiểm_soát đối_với ngôi làng Kahil ở Đông_Syria sau khi chiếm được ngôi làng al - Moseirafeh vào hôm_qua . Các đơn_vị khác của quân_đội được triển_khai ở thị_trấn Busra al - Sham ở Đông_Daraa đã thu được ít_nhất 4 phương_tiện quân_sự , nhiều khẩu pháo và một lượng lớn vũ_khí và đạn_dược từ tay các tay súng nổi_dậy .",True,1.0,0,1.0,0
6918,1338,file_pdf,ok,,0.6041666666666667,0.23404255319148937,0.25,-0.04473684210526313,0.08893871449925261,0.0,1338,39,0.010429099999999636,0.0045658999999993455,"s?m k?t_thúc chi?n_d?ch t?i khu_v?c này
trong nh?ng ngày t?i . ?ã
thi?t_m?ng sau các tr?n giao_tranh v?i quân Chính_ph?",False,1.0,32,1.0,0
17452,5289,text_baseline,ok,,0.5,0.16049382716049385,0.28048780487804875,0.0,0.06579693703913783,0.014285714285714235,5289,34,0.00027770000000160167,0.005847499999998007,"Về câu_chuyện lạc đường hôm 24-3 của bạn trẻ trên núi Chứa_Chan ( Đồng_Nai ) - một cung phượt thuộc loại đơn_giản , anh Tuấn cho rằng nguy_cơ lạc đường có_thể xảy ra ở bất_cứ cung đường nào nếu lơ_là , chủ_quan và thiếu kỹ_năng . "" Các bạn thường chủ_quan , không chuẩn_bị cho các tình_huống có_thể bị lạc , rằng đi theo nhóm , có người dẫn đường …",True,1.0,0,1.0,0
17452,5289,file_txt,ok,,0.5,0.16049382716049385,0.28048780487804875,0.0,0.06579693703913783,0.014285714285714235,5289,34,0.005295199999999056,0.006359400000000903,"Về câu_chuyện lạc đường hôm 24-3 của bạn trẻ trên núi Chứa_Chan ( Đồng_Nai ) - một cung phượt thuộc loại đơn_giản , anh Tuấn cho rằng nguy_cơ lạc đường có_thể xảy ra ở bất_cứ cung đường nào nếu lơ_là , chủ_quan và thiếu kỹ_năng . "" Các bạn thường chủ_quan , không chuẩn_bị cho các tình_huống có_thể bị lạc , rằng đi theo nhóm , có người dẫn đường …",True,1.0,0,1.0,0
17452,5289,file_docx,ok,,0.5,0.16049382716049385,0.28048780487804875,0.0,0.06579693703913783,0.014285714285714235,5289,34,0.02064049999999895,0.006471300000001179,"Về câu_chuyện lạc đường hôm 24-3 của bạn trẻ trên núi Chứa_Chan ( Đồng_Nai ) - một cung phượt thuộc loại đơn_giản , anh Tuấn cho rằng nguy_cơ lạc đường có_thể xảy ra ở bất_cứ cung đường nào nếu lơ_là , chủ_quan và thiếu kỹ_năng . "" Các bạn thường chủ_quan , không chuẩn_bị cho các tình_huống có_thể bị lạc , rằng đi theo nhóm , có người dẫn đường …",True,1.0,0,1.0,0
17452,5289,file_pdf,ok,,0.4999999999999999,0.13114754098360656,0.25806451612903225,-0.0224232887490165,0.03816361231815606,0.0,5293,143,0.0128389999999996,0.06118350000000561,"Nhi?u ng??i ?i m?t_vài l?n cho_r?ng mình có kinh_nghi?m nên c?ng t?_ch?c d?n ?oàn , mà không
l??ng tr??c nh?ng tình_hu?ng phát_sinh . nh?ng cung ph??t t??ng_ch?ng
??n_gi?n v?i nh?ng ng??i thi?u chu?n_b?",False,1.0007562866326338,109,1.0,0
8494,1220,text_baseline,ok,,0.21686746987951808,0.024691358024691353,0.16867469879518074,0.0,0.12131147540983607,0.4642857142857143,1220,11,0.00010360000000275704,0.0005617999999998347,"Lực_lượng SDF tại quảng_trường Al - Naim ở Raqqa , Syria ngày 19/10 . Vũ_Phong Lực_lượng SDF tại quảng_trường Al - Naim ở Raqqa , Syria ngày 19/10 .",True,1.0,0,1.0,0
8494,1220,file_txt,ok,,0.21686746987951808,0.024691358024691353,0.16867469879518074,0.0,0.12131147540983607,0.4642857142857143,1220,11,0.001491100000002632,0.0006546999999983427,"Lực_lượng SDF tại quảng_trường Al - Naim ở Raqqa , Syria ngày 19/10 . Vũ_Phong Lực_lượng SDF tại quảng_trường Al - Naim ở Raqqa , Syria ngày 19/10 .",True,1.0,0,1.0,0
8494,1220,file_docx,ok,,0.21686746987951808,0.024691358024691353,0.16867469879518074,0.0,0.12131147540983607,0.4642857142857143,1220,11,0.020560999999993612,0.0005894000000026267,"Lực_lượng SDF tại quảng_trường Al - Naim ở Raqqa , Syria ngày 19/10 . Vũ_Phong Lực_lượng SDF tại quảng_trường Al - Naim ở Raqqa , Syria ngày 19/10 .",True,1.0,0,1.0,0
8494,1220,file_pdf,ok,,0.49056603773584895,0.15384615384615383,0.2641509433962264,0.09547624460104567,0.15245901639344261,0.0,1220,40,0.010621200000002773,0.005104699999996853,"Phát_bi?u t?i sân_v?n_??ng Raqqa , ng??i_phát_ngôn SDF Talal_Silo cho_bi?t quy?n
ki?m_soát Raqqa s? n?m 2014 , bi?n n?i ?ây
thành sào_huy?t và th??ng lên k?_ho?ch cho các cu?c t?n_công ?",False,1.0,29,1.0,0
21990,1710,text_baseline,ok,,0.5901639344262295,0.11666666666666667,0.31147540983606564,0.0,0.11228070175438597,0.4482758620689655,1710,10,0.0001259000000004562,0.0007013999999969656,Bộ Nội_vụ tiếp_tục lập đoàn thanh_tra Vinastas vụ công_bố chất_lượng nước_mắm nhiễm arsen . Anh Minh Bộ Nội_vụ tiếp_tục lập đoàn thanh_tra Vinastas vụ công_bố chất_lượng nước_mắm nhiễm arsen .,True,1.0,0,1.0,0
21990,1710,file_txt,ok,,0.5901639344262295,0.11666666666666667,0.31147540983606564,0.0,0.11228070175438597,0.4482758620689655,1710,10,0.001659499999995262,0.0006591999999940867,Bộ Nội_vụ tiếp_tục lập đoàn thanh_tra Vinastas vụ công_bố chất_lượng nước_mắm nhiễm arsen . Anh Minh Bộ Nội_vụ tiếp_tục lập đoàn thanh_tra Vinastas vụ công_bố chất_lượng nước_mắm nhiễm arsen .,True,1.0,0,1.0,0
21990,1710,file_docx,ok,,0.5901639344262295,0.11666666666666667,0.31147540983606564,0.0,0.11228070175438597,0.4482758620689655,1710,10,0.019457700000003797,0.000663600000002873,Bộ Nội_vụ tiếp_tục lập đoàn thanh_tra Vinastas vụ công_bố chất_lượng nước_mắm nhiễm arsen . Anh Minh Bộ Nội_vụ tiếp_tục lập đoàn thanh_tra Vinastas vụ công_bố chất_lượng nước_mắm nhiễm arsen .,True,1.0,0,1.0,0
21990,1710,file_pdf,ok,,0.688,0.45528455284552843,0.4960000000000001,0.18452459016393447,0.11345029239766082,0.0,1710,48,0.00905320000000387,0.00902200000000164,"vi?c thành_l?p ?oàn ki?m_tra ho?t_??ng c?a H?i
Tiêu_chu?n và B?o_v? Ngày 18/10 , trên website c?a Vinastas c?ng ??ng bài vi?t "" G?n 85 % m?u
n??c_m?m c?a 88 doanh_nghi?p không ??t tiêu_chu?n "" .",False,1.0,38,1.0,0
302,4515,text_baseline,ok,,0.38135593220338976,0.18803418803418803,0.24576271186440676,0.0,0.11074197120708748,0.11702127659574468,4515,41,0.00025020000000353093,0.007725100000001817,"Lộ diện người cùng Vũ "" nhôm "" tiếp_tục hầu_toà Ngày 10/6 , TAND cấp cao tại Hà_Nội sẽ mở lại phiên phúc_thẩm xét_xử bị_cáo Phan_Văn_Anh_Vũ ( tức Vũ "" nhôm "" , cựu Thượng_tá , Tổng_cục V , bộ Công_an ) cùng hai cựu Thứ_trưởng bộ Công_an trong vụ án liên_quan đến việc thâu_tóm hàng_loạt nhà , đất công . Hai bị_cáo Phan_Hữu_Tuấn ( cựu Phó Tổng_cục_trưởng Tổng_cục V , bộ Công_an ) và Nguyễn_Hữu_Bách ( cựu cán_bộ Tổng_cục V ) bị xét_xử về tội Lợi_dụng chức_vụ , quyền_hạn trong khi thi_hành công_vụ .",True,1.0,0,1.0,0
302,4515,file_txt,ok,,0.38135593220338976,0.18803418803418803,0.24576271186440676,0.0,0.11074197120708748,0.11702127659574468,4515,41,0.0038847000000004073,0.008148300000001996,"Lộ diện người cùng Vũ "" nhôm "" tiếp_tục hầu_toà Ngày 10/6 , TAND cấp cao tại Hà_Nội sẽ mở lại phiên phúc_thẩm xét_xử bị_cáo Phan_Văn_Anh_Vũ ( tức Vũ "" nhôm "" , cựu Thượng_tá , Tổng_cục V , bộ Công_an ) cùng hai cựu Thứ_trưởng bộ Công_an trong vụ án liên_quan đến việc thâu_tóm hàng_loạt nhà , đất công . Hai bị_cáo Phan_Hữu_Tuấn ( cựu Phó Tổng_cục_trưởng Tổng_cục V , bộ Công_an ) và Nguyễn_Hữu_Bách ( cựu cán_bộ Tổng_cục V ) bị xét_xử về tội Lợi_dụng chức_vụ , quyền_hạn trong khi thi_hành công_vụ .",True,1.0,0,1.0,0
302,4515,file_docx,ok,,0.38135593220338976,0.18803418803418803,0.24576271186440676,0.0,0.11074197120708748,0.11702127659574468,4515,41,0.02059810000000084,0.007843899999997461,"Lộ diện người cùng Vũ "" nhôm "" tiếp_tục hầu_toà Ngày 10/6 , TAND cấp cao tại Hà_Nội sẽ mở lại phiên phúc_thẩm xét_xử bị_cáo Phan_Văn_Anh_Vũ ( tức Vũ "" nhôm "" , cựu Thượng_tá , Tổng_cục V , bộ Công_an ) cùng hai cựu Thứ_trưởng bộ Công_an trong vụ án liên_quan đến việc thâu_tóm hàng_loạt nhà , đất công . Hai bị_cáo Phan_Hữu_Tuấn ( cựu Phó Tổng_cục_trưởng Tổng_cục V , bộ Công_an ) và Nguyễn_Hữu_Bách ( cựu cán_bộ Tổng_cục V ) bị xét_xử về tội Lợi_dụng chức_vụ , quyền_hạn trong khi thi_hành công_vụ .",True,1.0,0,1.0,0
302,4515,file_pdf,ok,,0.43537414965986393,0.08275862068965517,0.3401360544217687,0.09437334255736193,0.050254593756918306,0.0,4517,140,0.01144610000000057,0.055362199999997586,"C?a_hàng m?t nhi?u lo?i n?_trang g?m l?c , dây_chuy?n các
lo?i v?i t?ng tr?_giá g?n 2 t? l?i hi?n_tr??ng , c?_quan_ch?c_n?ng nh?n_th?y th?_?o?n , ph??ng_th?c ho?t_??ng
ph?m_t?i c?a Nguy?n_V?n_N?m có nhi?u ?i?m trùng kh?p v?i v?",False,1.0004429678848283,99,0.9989969909729188,0
13373,3066,text_baseline,ok,,0.5185185185185185,0.2245989304812834,0.31746031746031744,0.0,0.1415525114155251,0.012820512820512775,3066,25,0.0001852999999982785,0.0025541999999987297,"Chiều 9/3 , tại sở_giao_dịch Chứng_khoán TPHCM ( HoSE ) đã diễn ra phiên đấu_giá 24,1 triệu cổ_phần , tương_đương 29,51 % vốn của công_ty_Cổ_phần Nhựa_Bình_Minh ( HoSE : BMP ) do tổng_công_ty Đầu_tư và Kinh_doanh vốn Nhà_nước ( SCIC ) nắm giữ . Nếu_như nhà_đầu_tư vừa trúng giá vừa_rồi chính là Saraburi thì có nghĩa tỷ_lệ sở_hữu của Saraburi tại Nhựa_Bình_Minh đã được nâng lên 49,91 % và BMP từ nay đã chính_thức về tay người Thái .",True,1.0,0,1.0,0
13373,3066,file_txt,ok,,0.5185185185185185,0.2245989304812834,0.31746031746031744,0.0,0.1415525114155251,0.012820512820512775,3066,25,0.0027720000000002187,0.002799899999999411,"Chiều 9/3 , tại sở_giao_dịch Chứng_khoán TPHCM ( HoSE ) đã diễn ra phiên đấu_giá 24,1 triệu cổ_phần , tương_đương 29,51 % vốn của công_ty_Cổ_phần Nhựa_Bình_Minh ( HoSE : BMP ) do tổng_công_ty Đầu_tư và Kinh_doanh vốn Nhà_nước ( SCIC ) nắm giữ . Nếu_như nhà_đầu_tư vừa trúng giá vừa_rồi chính là Saraburi thì có nghĩa tỷ_lệ sở_hữu của Saraburi tại Nhựa_Bình_Minh đã được nâng lên 49,91 % và BMP từ nay đã chính_thức về tay người Thái .",True,1.0,0,1.0,0
13373,3066,file_docx,ok,,0.5185185185185185,0.2245989304812834,0.31746031746031744,0.0,0.1415525114155251,0.012820512820512775,3066,25,0.019612699999996153,0.002774699999996244,"Chiều 9/3 , tại sở_giao_dịch Chứng_khoán TPHCM ( HoSE ) đã diễn ra phiên đấu_giá 24,1 triệu cổ_phần , tương_đương 29,51 % vốn của công_ty_Cổ_phần Nhựa_Bình_Minh ( HoSE : BMP ) do tổng_công_ty Đầu_tư và Kinh_doanh vốn Nhà_nước ( SCIC ) nắm giữ . Nếu_như nhà_đầu_tư vừa trúng giá vừa_rồi chính là Saraburi thì có nghĩa tỷ_lệ sở_hữu của Saraburi tại Nhựa_Bình_Minh đã được nâng lên 49,91 % và BMP từ nay đã chính_thức về tay người Thái .",True,1.0,0,1.0,0
13373,3066,file_pdf,ok,,0.5454545454545454,0.19540229885057472,0.3068181818181818,-0.01064213564213562,0.11831812255541069,0.016393442622950838,3068,69,0.01030739999999497,0.012929399999997315,"Chi?u 9/3 , t?i s?_giao_d?ch Ch?ng_khoán TPHCM ( HoSE ) ?ã di?n ra phiên ??u_giá 24,1 tri?u c?_ph?n ,
t??ng_???ng 29,51 % v?n c?a công_ty_C?_ph?n Nh?a_Bình_Minh ( HoSE : BMP ) do t?ng_công_ty ??u_t? Ngoài_ra , các kho?n chi?t_kh?u t?ng m?nh khi?n cho chi_phí tài_chính 2017
t?ng h?n g?p ?ôi so v?i 2016 c?ng góp_ph?n làm l?i_nhu?n 2017 c?a doanh_nghi?p s?t_gi?m .",False,1.000652315720809,44,0.9984101748807631,0
7678,1250,text_baseline,ok,,0.6106870229007634,0.46511627906976744,0.5343511450381679,0.0,0.1976,0.046511627906976716,1250,11,0.00010230000000177597,0.0005907000000036078,"Một chiếc xe thiết_giáp của quân_đội Thuỵ_Điển . Quân_đội Thuỵ_Điển ngày 27/3 xác_nhận một binh_sĩ đã thiệt_mạng sau khi bị mắc_kẹt trong chiếc xe thiết_giáp bị chìm dưới sông băng trong một cuộc diễn_tập quân_sự ở miền bắc đất_nước , AP đưa tin .",True,1.0,0,1.0,0
7678,1250,file_txt,ok,,0.6106870229007634,0.46511627906976744,0.5343511450381679,0.0,0.1976,0.046511627906976716,1250,11,0.0014153000000050042,0.0006269000000003189,"Một chiếc xe thiết_giáp của quân_đội Thuỵ_Điển . Quân_đội Thuỵ_Điển ngày 27/3 xác_nhận một binh_sĩ đã thiệt_mạng sau khi bị mắc_kẹt trong chiếc xe thiết_giáp bị chìm dưới sông băng trong một cuộc diễn_tập quân_sự ở miền bắc đất_nước , AP đưa tin .",True,1.0,0,1.0,0
7678,1250,file_docx,ok,,0.6106870229007634,0.46511627906976744,0.5343511450381679,0.0,0.1976,0.046511627906976716,1250,11,0.01974270000000189,0.000644700000002274,"Một chiếc xe thiết_giáp của quân_đội Thuỵ_Điển . Quân_đội Thuỵ_Điển ngày 27/3 xác_nhận một binh_sĩ đã thiệt_mạng sau khi bị mắc_kẹt trong chiếc xe thiết_giáp bị chìm dưới sông băng trong một cuộc diễn_tập quân_sự ở miền bắc đất_nước , AP đưa tin .",True,1.0,0,1.0,0
7678,1250,file_pdf,ok,,0.5476190476190477,0.29268292682926833,0.40476190476190477,-0.12958924027626317,0.088,0.4375,1250,43,0.01116400000000084,0.00632030000000583,"M?t chi?c xe thi?t_giáp c?a quân_??i Thu?_?i?n . Nguy?n_Hoàng M?t chi?c xe thi?t_giáp
c?a quân_??i Thu?_?i?n .",False,1.0,32,1.0,0
10397,2057,text_baseline,ok,,0.28,0.061224489795918366,0.21999999999999997,0.0,0.0850753524550316,0.48571428571428577,2057,18,0.00013280000000293057,0.0016655000000014297,Một nữ cổ_động_viên Nga vẽ cờ lên_mặt để cổ_vũ đội nhà trong trận gặp Ai_Cập hôm 19/6 . Một nữ cổ_động_viên Nga vẽ cờ lên_mặt để cổ_vũ đội nhà trong trận gặp Ai_Cập hôm 19/6 .,True,1.0,0,1.0,0
10397,2057,file_txt,ok,,0.28,0.061224489795918366,0.21999999999999997,0.0,0.0850753524550316,0.48571428571428577,2057,18,0.0020833000000024526,0.001429000000001679,Một nữ cổ_động_viên Nga vẽ cờ lên_mặt để cổ_vũ đội nhà trong trận gặp Ai_Cập hôm 19/6 . Một nữ cổ_động_viên Nga vẽ cờ lên_mặt để cổ_vũ đội nhà trong trận gặp Ai_Cập hôm 19/6 .,True,1.0,0,1.0,0
10397,2057,file_docx,ok,,0.28,0.061224489795918366,0.21999999999999997,0.0,0.0850753524550316,0.48571428571428577,2057,18,0.02038859999999687,0.0014317999999988729,Một nữ cổ_động_viên Nga vẽ cờ lên_mặt để cổ_vũ đội nhà trong trận gặp Ai_Cập hôm 19/6 . Một nữ cổ_động_viên Nga vẽ cờ lên_mặt để cổ_vũ đội nhà trong trận gặp Ai_Cập hôm 19/6 .,True,1.0,0,1.0,0
10397,2057,file_pdf,ok,,0.45528455284552843,0.11570247933884299,0.26016260162601623,0.04016260162601626,0.1225085075352455,0.0,2057,66,0.008966000000000918,0.011258599999997898,"Ngoài ph?n_th??ng ti?n_m?t 3 tri?u
ruble ( 47.000 USD ) , nh?ng ng??i ?áp_?ng tiêu_chí còn ???c ?n hamburger mi?n_phí tr?n ??i . Hi?n lu?t_pháp Nga c?ng không có ?i?u_kho?n ??_c?p ??n vi?c qu?y_r?i tình_d?c , sau khi các
n?_l?c xây_d?ng d?_th?o lu?t v?",False,1.0,48,1.0,0
10754,1532,text_baseline,ok,,0.4719101123595506,0.2758620689655173,0.42696629213483145,0.0,0.08028720626631854,0.4736842105263158,1532,15,0.00012120000000237496,0.0010134999999991123,Joshua Trump ngủ_gật trong lúc Tổng_thống Mỹ đang phát_biểu . Joshua Trump ngủ_gật trong lúc Tổng_thống Mỹ đang phát_biểu .,True,1.0,0,1.0,0
10754,1532,file_txt,ok,,0.4719101123595506,0.2758620689655173,0.42696629213483145,0.0,0.08028720626631854,0.4736842105263158,1532,15,0.0015023000000056186,0.0011717000000004418,Joshua Trump ngủ_gật trong lúc Tổng_thống Mỹ đang phát_biểu . Joshua Trump ngủ_gật trong lúc Tổng_thống Mỹ đang phát_biểu .,True,1.0,0,1.0,0
10754,1532,file_docx,ok,,0.4719101123595506,0.2758620689655173,0.42696629213483145,0.0,0.08028720626631854,0.4736842105263158,1532,15,0.01968339999999813,0.001003000000004306,Joshua Trump ngủ_gật trong lúc Tổng_thống Mỹ đang phát_biểu . Joshua Trump ngủ_gật trong lúc Tổng_thống Mỹ đang phát_biểu .,True,1.0,0,1.0,0
10754,1532,file_pdf,ok,,0.430379746835443,0.2337662337662338,0.3544303797468354,-0.07253591238799606,0.058093994778067884,0.46153846153846156,1532,44,0.01147890000000018,0.004948399999996411,Joshua Trump ng?_g?t trong lúc T?ng_th?ng M? Joshua Trump ng?_g?t trong lúc T?ng_th?ng M?,False,1.0,29,1.0,0
19065,2095,text_baseline,ok,,0.5499999999999999,0.189873417721519,0.33749999999999997,0.0,0.15083532219570406,0.05084745762711862,2095,15,0.00013299999999816237,0.00109790000000487,"Theo báo The_Sun ( Anh ) , nhà_điêu_khắc người Nhật cho biết anh cảm_thấy mình "" có trách_nhiệm "" trong việc một mẫu_vật do anh tạo ra đã trở_thành công_cụ bị đem ra hù_doạ và gây ảnh_hưởng tiêu_cực tới trẻ_em trên mạng trong thời_gian qua . Nhà_điêu_khắc Keisuke_Aiso và mẫu_vật Momo do anh tạo ra - Ảnh : THE_SUN .",True,1.0,0,1.0,0
19065,2095,file_txt,ok,,0.5499999999999999,0.189873417721519,0.33749999999999997,0.0,0.15083532219570406,0.05084745762711862,2095,15,0.002000700000003519,0.0014180000000010295,"Theo báo The_Sun ( Anh ) , nhà_điêu_khắc người Nhật cho biết anh cảm_thấy mình "" có trách_nhiệm "" trong việc một mẫu_vật do anh tạo ra đã trở_thành công_cụ bị đem ra hù_doạ và gây ảnh_hưởng tiêu_cực tới trẻ_em trên mạng trong thời_gian qua . Nhà_điêu_khắc Keisuke_Aiso và mẫu_vật Momo do anh tạo ra - Ảnh : THE_SUN .",True,1.0,0,1.0,0
19065,2095,file_docx,ok,,0.5499999999999999,0.189873417721519,0.33749999999999997,0.0,0.15083532219570406,0.05084745762711862,2095,15,0.020423100000002137,0.0011104000000017322,"Theo báo The_Sun ( Anh ) , nhà_điêu_khắc người Nhật cho biết anh cảm_thấy mình "" có trách_nhiệm "" trong việc một mẫu_vật do anh tạo ra đã trở_thành công_cụ bị đem ra hù_doạ và gây ảnh_hưởng tiêu_cực tới trẻ_em trên mạng trong thời_gian qua . Nhà_điêu_khắc Keisuke_Aiso và mẫu_vật Momo do anh tạo ra - Ảnh : THE_SUN .",True,1.0,0,1.0,0
19065,2095,file_pdf,ok,,0.5423728813559321,0.05172413793103449,0.288135593220339,-0.049364406779660974,0.09307875894988067,0.0,2095,41,0.008297000000005994,0.005100800000001016,"Anh Aiso kh?ng_??nh : "" Nó
( Momo ) không t?n_t?i n?a "" , ??ng_th?i cho_bi?t "" M?i tr?_em có_th? chim ) ???c anh Aiso t?o ra n?m 2016 và tri?n_lãm t?i m?t
gallery ngh?_thu?t t?i th?_?ô Nh?t_B?n .",False,1.0,26,1.0,0
3451,1518,text_baseline,ok,,0.6292134831460674,0.4886363636363636,0.49438202247191004,0.0,0.2147562582345191,0.033333333333333326,1518,10,0.00011960000000499349,0.0005652000000040402,"Chiều 19-12 , các sĩ_quan quân_khí Bộ_tư_lệnh Vùng 4 hải_quân đã đến bãi biển xã An_Hải kiểm_tra vật_thể trôi_dạt vào vùng_biển xã này và được ngư_dân , lực_lượng chức_năng kéo lên bờ sáng cùng ngày . Chiều nay , vật_thể được cho là ngư_lôi tập của hải_quân nước_ngoài vẫn được bảo_vệ ở bờ biển xã An_Hải - Ảnh : LINH_NGUYỄN .",True,1.0,0,1.0,0
3451,1518,file_txt,ok,,0.6292134831460674,0.4886363636363636,0.49438202247191004,0.0,0.2147562582345191,0.033333333333333326,1518,10,0.001481600000005301,0.0006278999999977941,"Chiều 19-12 , các sĩ_quan quân_khí Bộ_tư_lệnh Vùng 4 hải_quân đã đến bãi biển xã An_Hải kiểm_tra vật_thể trôi_dạt vào vùng_biển xã này và được ngư_dân , lực_lượng chức_năng kéo lên bờ sáng cùng ngày . Chiều nay , vật_thể được cho là ngư_lôi tập của hải_quân nước_ngoài vẫn được bảo_vệ ở bờ biển xã An_Hải - Ảnh : LINH_NGUYỄN .",True,1.0,0,1.0,0
3451,1518,file_docx,ok,,0.6292134831460674,0.4886363636363636,0.49438202247191004,0.0,0.2147562582345191,0.033333333333333326,1518,10,0.01912360000000035,0.0006689000000008605,"Chiều 19-12 , các sĩ_quan quân_khí Bộ_tư_lệnh Vùng 4 hải_quân đã đến bãi biển xã An_Hải kiểm_tra vật_thể trôi_dạt vào vùng_biển xã này và được ngư_dân , lực_lượng chức_năng kéo lên bờ sáng cùng ngày . Chiều nay , vật_thể được cho là ngư_lôi tập của hải_quân nước_ngoài vẫn được bảo_vệ ở bờ biển xã An_Hải - Ảnh : LINH_NGUYỄN .",True,1.0,0,1.0,0
3451,1518,file_pdf,ok,,0.7194244604316548,0.39416058394160586,0.5179856115107914,0.023603589038881323,0.14163372859025034,0.0,1518,34,0.011594399999999894,0.00385779999999869,"Ông
Bùi_V?n_Thành - ch?_t?ch UBND huy?n Tuy_An - cho_bi?t theo báo_cáo c?a l?c_l??ng ch?c_n?ng huy?n ,
b??c_??u l?c_l??ng h?i_quân nh?n_??nh ?ây có_th? ???c cho là ng?_lôi t?p c?a h?i_quân n??c_ngoài v?n ???c b?o_v?",False,1.0,24,1.0,0
21313,1288,text_baseline,ok,,0.4090909090909091,0.13953488372093026,0.25,0.0,0.10326086956521739,0.4545454545454546,1288,8,0.0002995000000041159,0.0004514000000028773,Các trường mầm_non được yêu_cầu khử khuẩn sàn nhà_hàng tuần . Mạnh_Tùng Các trường mầm_non được yêu_cầu khử khuẩn sàn nhà_hàng tuần .,True,1.0,0,1.0,0
21313,1288,file_txt,ok,,0.4090909090909091,0.13953488372093026,0.25,0.0,0.10326086956521739,0.4545454545454546,1288,8,0.0014060999999969681,0.00043970000000115306,Các trường mầm_non được yêu_cầu khử khuẩn sàn nhà_hàng tuần . Mạnh_Tùng Các trường mầm_non được yêu_cầu khử khuẩn sàn nhà_hàng tuần .,True,1.0,0,1.0,0
21313,1288,file_docx,ok,,0.4090909090909091,0.13953488372093026,0.25,0.0,0.10326086956521739,0.4545454545454546,1288,8,0.019494899999997983,0.0004456000000061522,Các trường mầm_non được yêu_cầu khử khuẩn sàn nhà_hàng tuần . Mạnh_Tùng Các trường mầm_non được yêu_cầu khử khuẩn sàn nhà_hàng tuần .,True,1.0,0,1.0,0
21313,1288,file_pdf,ok,,0.492063492063492,0.29032258064516125,0.34920634920634924,0.09920634920634924,0.1793478260869565,0.0,1288,30,0.010481900000002042,0.0032094999999969787,"Giáo_d?c c?ng yêu_c?u các tr??ng ch?_??ng di?t l?ng_qu?ng ,
b?_g?y trong khuôn_viên tr??ng hàng tu?n và ph?i_h?p v?i ngành y_t? ??a_ph??ng t?_ch?c
ki?m_tra giám_sát vi?c th?c_hi?n công_tác phòng_ch?ng d?ch_b?nh t?i các tr??ng_h?c .",False,1.0,22,1.0,0
11696,2745,text_baseline,ok,,0.4489795918367347,0.17931034482758618,0.3129251700680272,0.0,0.12131147540983607,0.0,2745,32,0.00017780000000300333,0.0036063000000012835,"Cảnh_sát Austin , FBI và ATF xác_định hai quả bom ở FedEx "" có liên_quan "" đến 4 trường_hợp bưu_kiện phát_nổ xảy ra từ ngày 2 đến 18/3 ở Austin làm hai người chết , 4 người bị_thương . Ba bưu_kiện đầu_tiên đều phát_nổ ở đông Austin và dường_như có chủ_đích bởi chúng được đặt tại những ngôi nhà nhất_định , nạn_nhân là người da_màu .",True,1.0,0,1.0,0
11696,2745,file_txt,ok,,0.4489795918367347,0.17931034482758618,0.3129251700680272,0.0,0.12131147540983607,0.0,2745,32,0.0025588000000027478,0.003800600000005261,"Cảnh_sát Austin , FBI và ATF xác_định hai quả bom ở FedEx "" có liên_quan "" đến 4 trường_hợp bưu_kiện phát_nổ xảy ra từ ngày 2 đến 18/3 ở Austin làm hai người chết , 4 người bị_thương . Ba bưu_kiện đầu_tiên đều phát_nổ ở đông Austin và dường_như có chủ_đích bởi chúng được đặt tại những ngôi nhà nhất_định , nạn_nhân là người da_màu .",True,1.0,0,1.0,0
11696,2745,file_docx,ok,,0.4489795918367347,0.17931034482758618,0.3129251700680272,0.0,0.12131147540983607,0.0,2745,32,0.019648499999995295,0.0037336000000038894,"Cảnh_sát Austin , FBI và ATF xác_định hai quả bom ở FedEx "" có liên_quan "" đến 4 trường_hợp bưu_kiện phát_nổ xảy ra từ ngày 2 đến 18/3 ở Austin làm hai người chết , 4 người bị_thương . Ba bưu_kiện đầu_tiên đều phát_nổ ở đông Austin và dường_như có chủ_đích bởi chúng được đặt tại những ngôi nhà nhất_định , nạn_nhân là người da_màu .",True,1.0,0,1.0,0
11696,2745,file_pdf,ok,,0.47154471544715443,0.1487603305785124,0.24390243902439024,-0.06902273104363699,0.0815435020021842,0.0,2747,105,0.010483200000003023,0.027605099999995275,"ba x?y
ra t?i 20/3 t?i Austin , khi?n m?t thanh_niên h?n 20 tu?i b?_th??ng n?ng , ???c xác_??nh không ph?i là
b?u_ki?n ch?a bom . C?nh_sát
kêu_g?i ng??i_dân không ??n g?n các b?u_ki?n , thùng hay balo n?u c?m_th?y kh?_nghi .",False,1.000728597449909,73,0.9982342554443792,0
2662,5503,text_baseline,ok,,0.5381165919282511,0.334841628959276,0.304932735426009,0.0,0.08268217335998546,0.05747126436781613,5503,39,0.0002995000000041159,0.007452700000001755,"Ông Trần_Xuân_Phượng , phó chủ_tịch thường_trực Hội_đồng_nhân_dân thị_xã Kỳ_Anh cho biết , xã Kỳ_Lợi là một trong những xã vùng_biển chịu thiệt_hại nặng_nề do cơn bão số 10 gây ra khi có hơn 3.000 ngôi nhà bị tốc mái , hơn 20 nhà bị sập hoàn_toàn , nhiều tàu_thuyền tránh bão cũng bị va_đập , hư_hỏng . Trước khi có tiền hỗ_trợ của bạn_đọc báo Tuổi_Trẻ , ông Lê_Văn_Quốc , xã Kỳ_Lợi , thị_xã Kỳ_Anh phải chọn những tấm proximăng bị vỡ nát để lợp tạm nhà .",True,1.0,0,1.0,0
2662,5503,file_txt,ok,,0.5381165919282511,0.334841628959276,0.304932735426009,0.0,0.08268217335998546,0.05747126436781613,5503,39,0.0051410000000018385,0.00762969999999541,"Ông Trần_Xuân_Phượng , phó chủ_tịch thường_trực Hội_đồng_nhân_dân thị_xã Kỳ_Anh cho biết , xã Kỳ_Lợi là một trong những xã vùng_biển chịu thiệt_hại nặng_nề do cơn bão số 10 gây ra khi có hơn 3.000 ngôi nhà bị tốc mái , hơn 20 nhà bị sập hoàn_toàn , nhiều tàu_thuyền tránh bão cũng bị va_đập , hư_hỏng . Trước khi có tiền hỗ_trợ của bạn_đọc báo Tuổi_Trẻ , ông Lê_Văn_Quốc , xã Kỳ_Lợi , thị_xã Kỳ_Anh phải chọn những tấm proximăng bị vỡ nát để lợp tạm nhà .",True,1.0,0,1.0,0
2662,5503,file_docx,ok,,0.5381165919282511,0.334841628959276,0.304932735426009,0.0,0.08268217335998546,0.05747126436781613,5503,39,0.021487499999999216,0.007427499999998588,"Ông Trần_Xuân_Phượng , phó chủ_tịch thường_trực Hội_đồng_nhân_dân thị_xã Kỳ_Anh cho biết , xã Kỳ_Lợi là một trong những xã vùng_biển chịu thiệt_hại nặng_nề do cơn bão số 10 gây ra khi có hơn 3.000 ngôi nhà bị tốc mái , hơn 20 nhà bị sập hoàn_toàn , nhiều tàu_thuyền tránh bão cũng bị va_đập , hư_hỏng . Trước khi có tiền hỗ_trợ của bạn_đọc báo Tuổi_Trẻ , ông Lê_Văn_Quốc , xã Kỳ_Lợi , thị_xã Kỳ_Anh phải chọn những tấm proximăng bị vỡ nát để lợp tạm nhà .",True,1.0,0,1.0,0
2662,5503,file_pdf,ok,,0.6712328767123288,0.23611111111111116,0.34246575342465757,0.037533017998648555,0.03759535052669815,0.0,5506,167,0.017271800000003168,0.07375199999999893,"?ã n?m ngày sau khi c?n bão ?i qua nh?ng nh?p s?ng th??ng_nh?t v?n ch?a tr?_l?i
n?i ?ây b?i toàn xã ?ang m?t ?i?n , h?_th?ng vi?n_thông b? t?c mái còn ng??i_l?n l?i t?t_b?t d?n_d?p l?i nhà_c?a , v??n_t??c b?",False,1.000545157186989,128,0.9991950630533941,0
21291,2951,text_baseline,ok,,0.5821596244131455,0.3222748815165877,0.3661971830985915,0.0,0.14740765842087428,0.2857142857142857,2951,15,0.0001791999999980476,0.0012575000000012437,"Nghị_định 36/2014 quy_định , sản_phẩm cá_tra phi_lê khi xuất_khẩu phải có tỷ_lệ mạ băng không vượt quá 10 % và có hàm_lượng nước tối_đa không vượt quá 83 % so với khối_lượng tịnh của sản_phẩm . Sau khi tổng_hợp ý_kiến của các doanh_nghiệp thành_viên , cộng_đồng cá_tra Việt_Nam cũng đề_nghị Thủ_tướng chỉ_đạo bỏ quy_định về tỷ_lệ mạ băng không quá 10 % và hàm_lượng nước tối_đa không vượt quá 83 % so với khối_lượng tịnh của sản_phẩm .",True,1.0,0,1.0,0
21291,2951,file_txt,ok,,0.5821596244131455,0.3222748815165877,0.3661971830985915,0.0,0.14740765842087428,0.2857142857142857,2951,15,0.0026822999999964736,0.0013835000000028685,"Nghị_định 36/2014 quy_định , sản_phẩm cá_tra phi_lê khi xuất_khẩu phải có tỷ_lệ mạ băng không vượt quá 10 % và có hàm_lượng nước tối_đa không vượt quá 83 % so với khối_lượng tịnh của sản_phẩm . Sau khi tổng_hợp ý_kiến của các doanh_nghiệp thành_viên , cộng_đồng cá_tra Việt_Nam cũng đề_nghị Thủ_tướng chỉ_đạo bỏ quy_định về tỷ_lệ mạ băng không quá 10 % và hàm_lượng nước tối_đa không vượt quá 83 % so với khối_lượng tịnh của sản_phẩm .",True,1.0,0,1.0,0
21291,2951,file_docx,ok,,0.5821596244131455,0.3222748815165877,0.3661971830985915,0.0,0.14740765842087428,0.2857142857142857,2951,15,0.019544500000002074,0.001391999999995619,"Nghị_định 36/2014 quy_định , sản_phẩm cá_tra phi_lê khi xuất_khẩu phải có tỷ_lệ mạ băng không vượt quá 10 % và có hàm_lượng nước tối_đa không vượt quá 83 % so với khối_lượng tịnh của sản_phẩm . Sau khi tổng_hợp ý_kiến của các doanh_nghiệp thành_viên , cộng_đồng cá_tra Việt_Nam cũng đề_nghị Thủ_tướng chỉ_đạo bỏ quy_định về tỷ_lệ mạ băng không quá 10 % và hàm_lượng nước tối_đa không vượt quá 83 % so với khối_lượng tịnh của sản_phẩm .",True,1.0,0,1.0,0
21291,2951,file_pdf,ok,,0.6950354609929078,0.3597122302158273,0.48226950354609927,0.11607232044750776,0.073823230612936,0.0,2953,63,0.009810700000002726,0.011707299999997645,"Th?_t??ng cho_phép ??i_di?n c?ng_??ng doanh_nghi?p cá_tra ???c g?p_m?t Th?_t??ng , Phó
th?_t??ng Hoàng_Trung_H?i và ??i_di?n các b? t?ng b??c nâng_cao ch?t_l??ng , ??m_b?o phát_tri?n b?n_v?ng s?n_ph?m cá_tra Vi?t_Nam .",False,1.0006777363605557,48,1.0,0
21220,3547,text_baseline,ok,,0.6571428571428573,0.34782608695652173,0.4714285714285715,0.0,0.07471102340005639,0.4772727272727273,3547,27,0.00021970000000237633,0.003502599999997358,Anh Tịnh mang đồ tang cùng hàng chục người_dân mang theo quan_tài kéo lên đường_cao_tốc đang thi_công để phản_ứng tiền đền_bù . Tiến_Hùng Anh Tịnh mang đồ tang cùng hàng chục người_dân mang theo quan_tài kéo lên đường_cao_tốc đang thi_công để phản_ứng tiền đền_bù .,True,1.0,0,1.0,0
21220,3547,file_txt,ok,,0.6571428571428573,0.34782608695652173,0.4714285714285715,0.0,0.07471102340005639,0.4772727272727273,3547,27,0.0033114000000011856,0.003243799999999908,Anh Tịnh mang đồ tang cùng hàng chục người_dân mang theo quan_tài kéo lên đường_cao_tốc đang thi_công để phản_ứng tiền đền_bù . Tiến_Hùng Anh Tịnh mang đồ tang cùng hàng chục người_dân mang theo quan_tài kéo lên đường_cao_tốc đang thi_công để phản_ứng tiền đền_bù .,True,1.0,0,1.0,0
21220,3547,file_docx,ok,,0.6571428571428573,0.34782608695652173,0.4714285714285715,0.0,0.07471102340005639,0.4772727272727273,3547,27,0.020304299999999387,0.004169300000000931,Anh Tịnh mang đồ tang cùng hàng chục người_dân mang theo quan_tài kéo lên đường_cao_tốc đang thi_công để phản_ứng tiền đền_bù . Tiến_Hùng Anh Tịnh mang đồ tang cùng hàng chục người_dân mang theo quan_tài kéo lên đường_cao_tốc đang thi_công để phản_ứng tiền đền_bù .,True,1.0,0,1.0,0
21220,3547,file_pdf,ok,,0.4479166666666667,0.1789473684210526,0.2604166666666667,-0.2110119047619048,0.11242603550295859,0.013333333333333308,3549,93,0.010951200000000938,0.022972099999996942,"N?m 2012 ,
ng??i_dân ??u ???c nh?n ti?n , còn chúng_tôi thì không "" , anh T?nh nói và cho_hay do hàng tr?m l?n lên
c?_quan có th?m_quy?n h?i , nh?ng không có ???c câu tr?_l?i thích_?áng nên "" c?c_ch?ng_?ã ph?i ph?n_??i
b?ng cách này "" . vi?c áp_giá ??n_bù , ông ?i?p cho_bi?t ?ã làm ?úng và
??a ra nh?ng v?n_b?n làm b?ng_ch?ng , nh?ng vi?c gi?i_thích khá dài_dòng , khi?n ng??i_dân ph?n_?ng
d?_d?i .",False,1.0005638567803778,66,1.0,0
2407,3383,text_baseline,ok,,0.4836601307189542,0.13245033112582782,0.26143790849673204,0.0,0.09222583505764115,0.05660377358490565,3383,39,0.0002043999999941093,0.005583299999997848,"Chờ kết_luận của Thanh_tra Chính_phủ Trước các ý_kiến của nhiều cử_tri về dự_án này , Phó chủ_tịch UBND huyện Củ_Chi Nguyễn_Việt_Dũng cho_biết về những vấn_đề người_dân khiếu_nại , UBND huyện đã mời dân lên đối_thoại nhưng dân không đồng_ý , khiếu_nại lên cấp TP. HCM - đã trả_lời người_dân Củ_Chi về dự_án này .",True,1.0,0,1.0,0
2407,3383,file_txt,ok,,0.4836601307189542,0.13245033112582782,0.26143790849673204,0.0,0.09222583505764115,0.05660377358490565,3383,39,0.0031581000000002746,0.0056787999999983185,"Chờ kết_luận của Thanh_tra Chính_phủ Trước các ý_kiến của nhiều cử_tri về dự_án này , Phó chủ_tịch UBND huyện Củ_Chi Nguyễn_Việt_Dũng cho_biết về những vấn_đề người_dân khiếu_nại , UBND huyện đã mời dân lên đối_thoại nhưng dân không đồng_ý , khiếu_nại lên cấp TP. HCM - đã trả_lời người_dân Củ_Chi về dự_án này .",True,1.0,0,1.0,0
2407,3383,file_docx,ok,,0.4836601307189542,0.13245033112582782,0.26143790849673204,0.0,0.09222583505764115,0.05660377358490565,3383,39,0.02050339999999551,0.005590800000000229,"Chờ kết_luận của Thanh_tra Chính_phủ Trước các ý_kiến của nhiều cử_tri về dự_án này , Phó chủ_tịch UBND huyện Củ_Chi Nguyễn_Việt_Dũng cho_biết về những vấn_đề người_dân khiếu_nại , UBND huyện đã mời dân lên đối_thoại nhưng dân không đồng_ý , khiếu_nại lên cấp TP. HCM - đã trả_lời người_dân Củ_Chi về dự_án này .",True,1.0,0,1.0,0
2407,3383,file_pdf,ok,,0.5084745762711865,0.15517241379310345,0.2711864406779661,0.00974853218123406,0.06440177252584933,0.0,3385,90,0.010631500000002347,0.022101499999997998,"Sau ?ó TP ti?p_t?c gi?i_quy?t ??i_tho?i , nh?ng v?n không ???c dân ??ng_ý và khi?u_n?i lên ??n
Thanh_tra Chính_ph? Ông Vi?t_D?ng - phó ch?_t?ch UNBD huy?n C?_Chi , gi?i_?áp các th?c_m?c cho
ng??i_dân - ?nh : NAM_TR?N .",False,1.0005911912503695,51,1.0,0
11742,1732,text_baseline,ok,,0.41379310344827586,0.20979020979020976,0.23448275862068965,0.0,0.17782909930715934,0.07547169811320753,1732,12,0.00013500000000021828,0.0007558000000003062,"Hiện_trường vụ rơi trực_thăng Mi -17 V5 của Ấn_Độ ngày 27/2 . Các điều_tra_viên không_quân Ấn_Độ ngày 29/3 cho_biết một tên_lửa phòng_không của nước này đã được phóng lên ngay trước khi một trực_thăng Mi -17 V5 rơi xuống khu_vực Budgam ở Kashmir hôm 27/2 , khiến toàn_bộ 6 quân_nhân trên máy_bay thiệt_mạng .",True,1.0,0,1.0,0
11742,1732,file_txt,ok,,0.41379310344827586,0.20979020979020976,0.23448275862068965,0.0,0.17782909930715934,0.07547169811320753,1732,12,0.0018697000000003072,0.0008020000000001914,"Hiện_trường vụ rơi trực_thăng Mi -17 V5 của Ấn_Độ ngày 27/2 . Các điều_tra_viên không_quân Ấn_Độ ngày 29/3 cho_biết một tên_lửa phòng_không của nước này đã được phóng lên ngay trước khi một trực_thăng Mi -17 V5 rơi xuống khu_vực Budgam ở Kashmir hôm 27/2 , khiến toàn_bộ 6 quân_nhân trên máy_bay thiệt_mạng .",True,1.0,0,1.0,0
11742,1732,file_docx,ok,,0.41379310344827586,0.20979020979020976,0.23448275862068965,0.0,0.17782909930715934,0.07547169811320753,1732,12,0.020209299999997654,0.0008014000000002852,"Hiện_trường vụ rơi trực_thăng Mi -17 V5 của Ấn_Độ ngày 27/2 . Các điều_tra_viên không_quân Ấn_Độ ngày 29/3 cho_biết một tên_lửa phòng_không của nước này đã được phóng lên ngay trước khi một trực_thăng Mi -17 V5 rơi xuống khu_vực Budgam ở Kashmir hôm 27/2 , khiến toàn_bộ 6 quân_nhân trên máy_bay thiệt_mạng .",True,1.0,0,1.0,0
11742,1732,file_pdf,ok,,0.6666666666666666,0.36585365853658536,0.42857142857142855,0.1940886699507389,0.0710161662817552,0.0,1732,63,0.008438599999998075,0.013792299999998647,nh?m_l?n v?i m?t máy_bay_không_ng??i_lái ( UAV ) v?_trang ?ang ti?p_c?n c?n_c? ném bom tr?i hu?n_luy?n m?t t?_ch?c kh?ng_b?,False,1.0,51,1.0,0
6014,2292,text_baseline,ok,,0.4717948717948718,0.27979274611398963,0.25641025641025644,0.0,0.19284467713787085,0.048192771084337394,2292,16,0.0001661000000012791,0.0011733000000049287,"Trong lúc các nhà_khoa_học bắt_đầu "" săn_lùng "" rác nhựa trên biển từ trên máy_bay hoặc thậm_chí từ vũ_trụ , Anna_Du - nữ_sinh lớp 6 tại Andover , bang Massachusets , lại hi_vọng có_thể góp_sức bằng một thiết_bị do chính em làm ra : một robot có_thể di_chuyển xuyên qua đại_dương để tìm_kiếm rác nhựa , và sau_cùng có_thể thu_gom rác đó luôn . Em Anna_Du và con robot do em chế_tạo ra với chức_năng săn_lùng rác nhựa trên biển - Ảnh : ANNA_DU",True,1.0,0,1.0,0
6014,2292,file_txt,ok,,0.4717948717948718,0.27979274611398963,0.25641025641025644,0.0,0.19284467713787085,0.048192771084337394,2292,16,0.002146099999997375,0.0012406000000027007,"Trong lúc các nhà_khoa_học bắt_đầu "" săn_lùng "" rác nhựa trên biển từ trên máy_bay hoặc thậm_chí từ vũ_trụ , Anna_Du - nữ_sinh lớp 6 tại Andover , bang Massachusets , lại hi_vọng có_thể góp_sức bằng một thiết_bị do chính em làm ra : một robot có_thể di_chuyển xuyên qua đại_dương để tìm_kiếm rác nhựa , và sau_cùng có_thể thu_gom rác đó luôn . Em Anna_Du và con robot do em chế_tạo ra với chức_năng săn_lùng rác nhựa trên biển - Ảnh : ANNA_DU",True,1.0,0,1.0,0
6014,2292,file_docx,ok,,0.4717948717948718,0.27979274611398963,0.25641025641025644,0.0,0.19284467713787085,0.048192771084337394,2292,16,0.019795799999997143,0.001397399999994775,"Trong lúc các nhà_khoa_học bắt_đầu "" săn_lùng "" rác nhựa trên biển từ trên máy_bay hoặc thậm_chí từ vũ_trụ , Anna_Du - nữ_sinh lớp 6 tại Andover , bang Massachusets , lại hi_vọng có_thể góp_sức bằng một thiết_bị do chính em làm ra : một robot có_thể di_chuyển xuyên qua đại_dương để tìm_kiếm rác nhựa , và sau_cùng có_thể thu_gom rác đó luôn . Em Anna_Du và con robot do em chế_tạo ra với chức_năng săn_lùng rác nhựa trên biển - Ảnh : ANNA_DU",True,1.0,0,1.0,0
6014,2292,file_pdf,ok,,0.5178571428571428,0.21818181818181817,0.35714285714285715,0.10073260073260071,0.07068062827225131,0.0625,2292,58,0.00874750000000546,0.009436099999994951,"Trong lúc các nhà_khoa_h?c b?t_??u "" s?n_lùng "" rác nh?a trên bi?n t? rác nh?a
sau khi tìm ???c , h??ng t?i m?c_tiêu "" t?o ra ???c chi?c máy d?n rác nh?a hi?u_qu?",False,1.0,42,1.0,0
15246,3209,text_baseline,ok,,0.6013071895424835,0.2516556291390728,0.4052287581699347,0.0,0.09504518541601745,0.0980392156862745,3209,22,0.00018649999999809097,0.0021739999999965676,"Theo BBC , trong danh_sách quốc_gia được HSBC bình_chọn là tốt nhất đối_với người nước_ngoài vừa_mới công_bố , Singapore đã mất vị_trí hàng_đầu trước đối_thủ Thuỵ_Sĩ . H.Y ( theo BBC , Bloomberg ) Việt_Nam được bình_chọn là một trong những quốc_gia hấp_dẫn nhất đối_với người nước_ngoài ( ảnh minh_hoạ ) .",True,1.0,0,1.0,0
15246,3209,file_txt,ok,,0.6013071895424835,0.2516556291390728,0.4052287581699347,0.0,0.09504518541601745,0.0980392156862745,3209,22,0.002783700000001943,0.002575300000003722,"Theo BBC , trong danh_sách quốc_gia được HSBC bình_chọn là tốt nhất đối_với người nước_ngoài vừa_mới công_bố , Singapore đã mất vị_trí hàng_đầu trước đối_thủ Thuỵ_Sĩ . H.Y ( theo BBC , Bloomberg ) Việt_Nam được bình_chọn là một trong những quốc_gia hấp_dẫn nhất đối_với người nước_ngoài ( ảnh minh_hoạ ) .",True,1.0,0,1.0,0
15246,3209,file_docx,ok,,0.6013071895424835,0.2516556291390728,0.4052287581699347,0.0,0.09504518541601745,0.0980392156862745,3209,22,0.01998739999999799,0.0023742999999996073,"Theo BBC , trong danh_sách quốc_gia được HSBC bình_chọn là tốt nhất đối_với người nước_ngoài vừa_mới công_bố , Singapore đã mất vị_trí hàng_đầu trước đối_thủ Thuỵ_Sĩ . H.Y ( theo BBC , Bloomberg ) Việt_Nam được bình_chọn là một trong những quốc_gia hấp_dẫn nhất đối_với người nước_ngoài ( ảnh minh_hoạ ) .",True,1.0,0,1.0,0
15246,3209,file_pdf,ok,,0.7050359712230216,0.32116788321167883,0.4028776978417266,-0.0023510603282080877,0.07476635514018691,0.024390243902439046,3210,75,0.010953499999999394,0.01748020000000139,"hi?n là n?i t?t nh?t trên th?_gi?i cho ng??i n??c_ngoài s?ng
và làm_vi?c và ??y Singapore xu?ng v?_trí th? H.Y ( theo BBC , Bloomberg ) Vi?t_Nam ???c bình_ch?n là m?t trong
nh?ng qu?c_gia h?p_d?n nh?t ??i_v?i ng??i n??c_ngoài ( ?nh minh_ho?",False,1.000311623558741,53,1.0,0
3333,2257,text_baseline,ok,,0.5714285714285714,0.18421052631578944,0.3246753246753247,0.0,0.10589277802392556,0.023255813953488413,2257,17,0.00016289999999941074,0.001774199999999837,"Tại buổi làm_việc , ông Trương_Hữu_Hiệp - giám_đốc Sở GTVT tỉnh Lâm_Đồng - cho_biết nguyên_nhân ban_đầu khiến vụ tai_nạn kép xảy ra là do tài_xế chạy xe quá tốc_độ quy_định . Tại thời_điểm xảy ra tai_nạn , xe_tải đang chạy tốc_độ 97 km/h .",True,1.0,0,1.0,0
3333,2257,file_txt,ok,,0.5714285714285714,0.18421052631578944,0.3246753246753247,0.0,0.10589277802392556,0.023255813953488413,2257,17,0.0020723999999958664,0.0017266999999989707,"Tại buổi làm_việc , ông Trương_Hữu_Hiệp - giám_đốc Sở GTVT tỉnh Lâm_Đồng - cho_biết nguyên_nhân ban_đầu khiến vụ tai_nạn kép xảy ra là do tài_xế chạy xe quá tốc_độ quy_định . Tại thời_điểm xảy ra tai_nạn , xe_tải đang chạy tốc_độ 97 km/h .",True,1.0,0,1.0,0
3333,2257,file_docx,ok,,0.5714285714285714,0.18421052631578944,0.3246753246753247,0.0,0.10589277802392556,0.023255813953488413,2257,17,0.01970179999999999,0.0014641999999938093,"Tại buổi làm_việc , ông Trương_Hữu_Hiệp - giám_đốc Sở GTVT tỉnh Lâm_Đồng - cho_biết nguyên_nhân ban_đầu khiến vụ tai_nạn kép xảy ra là do tài_xế chạy xe quá tốc_độ quy_định . Tại thời_điểm xảy ra tai_nạn , xe_tải đang chạy tốc_độ 97 km/h .",True,1.0,0,1.0,0
3333,2257,file_pdf,ok,,0.3773584905660377,0.11538461538461539,0.2641509433962264,-0.06052438127909826,0.03943287549844927,0.0,2257,66,0.009036999999999296,0.011625799999997355,"tai_n?n khi?n 5 ng??i ch?t t?i_ch? T?i th?i_?i?m x?y ra tai_n?n , xe_t?i ?ang ch?y t?c_??",False,1.0,49,1.0,0
19441,2431,text_baseline,ok,,0.6616541353383459,0.36641221374045807,0.48120300751879697,0.0,0.0711641299876594,0.040000000000000036,2431,19,0.0001527000000010048,0.0015700000000009595,Phó thủ_tướng cho_rằng Việt_Nam còn nhiều điểm yếu khiến việc tận_dụng cuộc cách_mạng thứ_tư trở_nên khó_khăn . Phó thủ_tướng trăn_trở về cuộc cách_mạng_công_nghiệp lần ba .,True,1.0,0,1.0,0
19441,2431,file_txt,ok,,0.6616541353383459,0.36641221374045807,0.48120300751879697,0.0,0.0711641299876594,0.040000000000000036,2431,19,0.0026177999999958956,0.0017046000000036088,Phó thủ_tướng cho_rằng Việt_Nam còn nhiều điểm yếu khiến việc tận_dụng cuộc cách_mạng thứ_tư trở_nên khó_khăn . Phó thủ_tướng trăn_trở về cuộc cách_mạng_công_nghiệp lần ba .,True,1.0,0,1.0,0
19441,2431,file_docx,ok,,0.6616541353383459,0.36641221374045807,0.48120300751879697,0.0,0.0711641299876594,0.040000000000000036,2431,19,0.01952969999999965,0.0017327999999992016,Phó thủ_tướng cho_rằng Việt_Nam còn nhiều điểm yếu khiến việc tận_dụng cuộc cách_mạng thứ_tư trở_nên khó_khăn . Phó thủ_tướng trăn_trở về cuộc cách_mạng_công_nghiệp lần ba .,True,1.0,0,1.0,0
19441,2431,file_pdf,ok,,0.6419753086419753,0.3125,0.32098765432098764,-0.16021535319780933,0.10891903000411016,0.0,2433,72,0.00994529999999827,0.013026199999998767,"t?n_d?ng cu?c
cách_m?ng này khi th?_gi?i ?ã t?t 2G trong khi Vi?t_Nam m?i tri?n_khai 4G và ch?t_l??ng 3G còn ch?a
?n_??nh , khi chúng_ta không có quy?t_sách m?nh v? ??t m?c t?ng_tr??ng 10 % , theo Phó
th?_t??ng , ?i?u này cho th?y Vi?t_Nam ch?a t?n_d?ng h?t th?i_c?",False,1.0008227067050597,53,1.0,0
15704,2052,text_baseline,ok,,0.5050505050505051,0.28571428571428575,0.4343434343434343,0.0,0.20955165692007796,0.06944444444444442,2052,14,0.0001354999999989559,0.0010048999999980879,"Tại buổi họp_báo , Phòng GD-ĐT thành_phố Cao_Lãnh đã thông_tin các khoản thu của Trường tiểu_học Chu_Văn_An mà dư_luận đang quan_tâm hiện_nay . Trả_lời vấn_đề vì_sao Phòng GD-ĐT thành_phố Cao_Lãnh không tìm_hiểu rõ các loại quỹ , phí mà tại cuộc họp phụ_huynh đã đề ra , ông Nguyễn_Văn_Ngợi - trưởng_Phòng GD-ĐT thành_phố Cao_Lãnh , cho_biết các mức thu do ban đại_diện cha_mẹ học_sinh của lớp đưa ra đôi_khi chưa thống_nhất cao .",True,1.0,0,1.0,0
15704,2052,file_txt,ok,,0.5050505050505051,0.28571428571428575,0.4343434343434343,0.0,0.20955165692007796,0.06944444444444442,2052,14,0.001987700000000814,0.001320599999999672,"Tại buổi họp_báo , Phòng GD-ĐT thành_phố Cao_Lãnh đã thông_tin các khoản thu của Trường tiểu_học Chu_Văn_An mà dư_luận đang quan_tâm hiện_nay . Trả_lời vấn_đề vì_sao Phòng GD-ĐT thành_phố Cao_Lãnh không tìm_hiểu rõ các loại quỹ , phí mà tại cuộc họp phụ_huynh đã đề ra , ông Nguyễn_Văn_Ngợi - trưởng_Phòng GD-ĐT thành_phố Cao_Lãnh , cho_biết các mức thu do ban đại_diện cha_mẹ học_sinh của lớp đưa ra đôi_khi chưa thống_nhất cao .",True,1.0,0,1.0,0
15704,2052,file_docx,ok,,0.5050505050505051,0.28571428571428575,0.4343434343434343,0.0,0.20955165692007796,0.06944444444444442,2052,14,0.020106399999995972,0.0013828000000017937,"Tại buổi họp_báo , Phòng GD-ĐT thành_phố Cao_Lãnh đã thông_tin các khoản thu của Trường tiểu_học Chu_Văn_An mà dư_luận đang quan_tâm hiện_nay . Trả_lời vấn_đề vì_sao Phòng GD-ĐT thành_phố Cao_Lãnh không tìm_hiểu rõ các loại quỹ , phí mà tại cuộc họp phụ_huynh đã đề ra , ông Nguyễn_Văn_Ngợi - trưởng_Phòng GD-ĐT thành_phố Cao_Lãnh , cho_biết các mức thu do ban đại_diện cha_mẹ học_sinh của lớp đưa ra đôi_khi chưa thống_nhất cao .",True,1.0,0,1.0,0
15704,2052,file_pdf,ok,,0.4444444444444444,0.11363636363636363,0.28888888888888886,-0.14545454545454545,0.05263157894736842,0.0,2052,41,0.00863650000000149,0.0051582000000038875,"ra , ông Nguy?n_V?n_Ng?i - tr??ng_Phòng
GD-?T thành_ph? Ông Nguy?n_V?n_Ng?i , tr??ng_Phòng GD & ?T thành_ph?",False,1.0,27,1.0,0
7989,2602,text_baseline,ok,,0.3294117647058823,0.17857142857142858,0.24705882352941178,0.0,0.17986164488854728,0.05063291139240511,2602,14,0.0001661000000012791,0.0011651000000014733,"Theo báo_cáo của công_ty an_ninh mạng FireEye trụ_sở tại Mỹ , Trung_Quốc đang sử_dụng dự_án "" Vành_đai và Con_đường "" để thu_thập thông_tin từ các nước như Belarus , Maldives , Campuchia , các bộ ngoại_giao châu_Âu và tổ_chức phi_chính_phủ , Financial_Times hôm_qua đưa tin . FireEye tiết_lộ các tin_tặc Trung_Quốc hôm 15/8 có_thể đã nhắm vào các công_ty và cơ_quan nhà_nước tại Malaysia , bởi việc xem_xét lại các hợp_đồng sẽ ảnh_hưởng đến "" Vành_đai và Con_đường "" .",True,1.0,0,1.0,0
7989,2602,file_txt,ok,,0.3294117647058823,0.17857142857142858,0.24705882352941178,0.0,0.17986164488854728,0.05063291139240511,2602,14,0.002355300000004945,0.0011710000000064724,"Theo báo_cáo của công_ty an_ninh mạng FireEye trụ_sở tại Mỹ , Trung_Quốc đang sử_dụng dự_án "" Vành_đai và Con_đường "" để thu_thập thông_tin từ các nước như Belarus , Maldives , Campuchia , các bộ ngoại_giao châu_Âu và tổ_chức phi_chính_phủ , Financial_Times hôm_qua đưa tin . FireEye tiết_lộ các tin_tặc Trung_Quốc hôm 15/8 có_thể đã nhắm vào các công_ty và cơ_quan nhà_nước tại Malaysia , bởi việc xem_xét lại các hợp_đồng sẽ ảnh_hưởng đến "" Vành_đai và Con_đường "" .",True,1.0,0,1.0,0
7989,2602,file_docx,ok,,0.3294117647058823,0.17857142857142858,0.24705882352941178,0.0,0.17986164488854728,0.05063291139240511,2602,14,0.02098709999999926,0.001205899999995097,"Theo báo_cáo của công_ty an_ninh mạng FireEye trụ_sở tại Mỹ , Trung_Quốc đang sử_dụng dự_án "" Vành_đai và Con_đường "" để thu_thập thông_tin từ các nước như Belarus , Maldives , Campuchia , các bộ ngoại_giao châu_Âu và tổ_chức phi_chính_phủ , Financial_Times hôm_qua đưa tin . FireEye tiết_lộ các tin_tặc Trung_Quốc hôm 15/8 có_thể đã nhắm vào các công_ty và cơ_quan nhà_nước tại Malaysia , bởi việc xem_xét lại các hợp_đồng sẽ ảnh_hưởng đến "" Vành_đai và Con_đường "" .",True,1.0,0,1.0,0
7989,2602,file_pdf,ok,,0.35135135135135137,0.17808219178082194,0.24324324324324323,-0.003815580286168546,0.12903225806451613,0.0,2604,53,0.009804799999997726,0.008275099999998758,"?ã tìm th?y các d?u_hi?u ch?ng_minh ho?t_??ng gián_?i?p m?ng ?ang t?ng lên t?i
khu_v?c ?ông_Nam_Á trong b?i_c?nh các nhóm t?i Trung_Qu?c tìm cách l?y thông_tin v? "" Vành_?ai và Con_???ng "" là d?_án xây_d?ng ?ã
???c 71 n??c ký_k?t , d?a trên ý_t??ng h?i_sinh Con_???ng t?_l?a t?ng k?t_n?i Trung_Qu?c v?i Trung_Á ,
châu_Âu và xa h?n_n?a .",False,1.0007686395080708,39,1.0,0
16012,1572,text_baseline,ok,,0.4919786096256685,0.3459459459459459,0.29946524064171126,0.0,0.28944020356234096,0.06756756756756754,1572,12,0.00018850000000014688,0.000804500000000985,"HCM , ông Bùi_Đình_Tiền - chuyên_gia phụ_trách huấn_luyện nghề giải_pháp phần_mềm công_nghệ_thông_tin cho thí_sinh Trần_Văn_Phúc , cho_biết : "" Chuẩn_bị cho kỳ thi tay_nghề thế_giới , trường trang_bị hai bộ máy_tính theo đúng cấu_hình tại kỳ thi để huấn_luyện cho thí_sinh . Theo ông Nguyễn_Chí_Trường - vụ trưởng Vụ kỹ_năng nghề Tổng_cục Giáo_dục nghề_nghiệp - kỳ thi tay_nghề thế_giới năm nay đoàn Việt_Nam dự thi 19 nghề , nhiều nhất từ trước đến nay .",True,1.0,0,1.0,0
16012,1572,file_txt,ok,,0.4919786096256685,0.3459459459459459,0.29946524064171126,0.0,0.28944020356234096,0.06756756756756754,1572,12,0.0016871999999992227,0.0007791000000025861,"HCM , ông Bùi_Đình_Tiền - chuyên_gia phụ_trách huấn_luyện nghề giải_pháp phần_mềm công_nghệ_thông_tin cho thí_sinh Trần_Văn_Phúc , cho_biết : "" Chuẩn_bị cho kỳ thi tay_nghề thế_giới , trường trang_bị hai bộ máy_tính theo đúng cấu_hình tại kỳ thi để huấn_luyện cho thí_sinh . Theo ông Nguyễn_Chí_Trường - vụ trưởng Vụ kỹ_năng nghề Tổng_cục Giáo_dục nghề_nghiệp - kỳ thi tay_nghề thế_giới năm nay đoàn Việt_Nam dự thi 19 nghề , nhiều nhất từ trước đến nay .",True,1.0,0,1.0,0
16012,1572,file_docx,ok,,0.4919786096256685,0.3459459459459459,0.29946524064171126,0.0,0.28944020356234096,0.06756756756756754,1572,12,0.020197899999999436,0.0007900000000020668,"HCM , ông Bùi_Đình_Tiền - chuyên_gia phụ_trách huấn_luyện nghề giải_pháp phần_mềm công_nghệ_thông_tin cho thí_sinh Trần_Văn_Phúc , cho_biết : "" Chuẩn_bị cho kỳ thi tay_nghề thế_giới , trường trang_bị hai bộ máy_tính theo đúng cấu_hình tại kỳ thi để huấn_luyện cho thí_sinh . Theo ông Nguyễn_Chí_Trường - vụ trưởng Vụ kỹ_năng nghề Tổng_cục Giáo_dục nghề_nghiệp - kỳ thi tay_nghề thế_giới năm nay đoàn Việt_Nam dự thi 19 nghề , nhiều nhất từ trước đến nay .",True,1.0,0,1.0,0
16012,1572,file_pdf,ok,,0.5052631578947367,0.1290322580645161,0.3368421052631579,0.037376864621446626,0.0846055979643766,0.0,1572,52,0.011344600000001037,0.0068608999999995035,"k?_n?ng ngh? gi?i_pháp ph?n_m?m công_ngh?_thông_tin (
bìa trái ) - cho_bi?t vi?c ??t lá cà T?_qu?c th??ng_xuyên khi t?p_luy?n c?ng ??",False,1.0,40,1.0,0
17494,1226,text_baseline,ok,,0.5833333333333333,0.22891566265060243,0.2976190476190476,0.0,0.25856443719412725,0.052631578947368474,1226,9,0.00011759999999583215,0.00046830000000142036,"Toàn_bộ số tiền quyên_góp được , Trung_ương Đoàn sẽ tiến_hành đoàn thăm_hỏi , hỗ_trợ kịp_thời cho bà_con bị thiệt_hại sau bão . Trước đó , đoàn công_tác của Trung_ương Đoàn đã đến thăm_hỏi , động_viên nhân_dân , thanh_thiếu_nhi tại 3 tỉnh bị thiệt_hại bởi cơ bão số 10 vừa_qua , gồm : Quảng_Bình , Hà_Tĩnh , Nghệ_An .",True,1.0,0,1.0,0
17494,1226,file_txt,ok,,0.5833333333333333,0.22891566265060243,0.2976190476190476,0.0,0.25856443719412725,0.052631578947368474,1226,9,0.001177199999993661,0.0004907000000002881,"Toàn_bộ số tiền quyên_góp được , Trung_ương Đoàn sẽ tiến_hành đoàn thăm_hỏi , hỗ_trợ kịp_thời cho bà_con bị thiệt_hại sau bão . Trước đó , đoàn công_tác của Trung_ương Đoàn đã đến thăm_hỏi , động_viên nhân_dân , thanh_thiếu_nhi tại 3 tỉnh bị thiệt_hại bởi cơ bão số 10 vừa_qua , gồm : Quảng_Bình , Hà_Tĩnh , Nghệ_An .",True,1.0,0,1.0,0
17494,1226,file_docx,ok,,0.5833333333333333,0.22891566265060243,0.2976190476190476,0.0,0.25856443719412725,0.052631578947368474,1226,9,0.020102000000001397,0.0006152000000057001,"Toàn_bộ số tiền quyên_góp được , Trung_ương Đoàn sẽ tiến_hành đoàn thăm_hỏi , hỗ_trợ kịp_thời cho bà_con bị thiệt_hại sau bão . Trước đó , đoàn công_tác của Trung_ương Đoàn đã đến thăm_hỏi , động_viên nhân_dân , thanh_thiếu_nhi tại 3 tỉnh bị thiệt_hại bởi cơ bão số 10 vừa_qua , gồm : Quảng_Bình , Hà_Tĩnh , Nghệ_An .",True,1.0,0,1.0,0
17494,1226,file_pdf,ok,,0.6238532110091743,0.205607476635514,0.3853211009174312,0.0877020532983836,0.11011419249592169,0.0,1226,42,0.01048550000000148,0.005188300000000368,"l?i thi?t_h?i n?ng_n? Tr??c ?ó , ?oàn công_tác c?a Trung_??ng ?oàn
?ã ??n th?m_h?i , ??ng_viên nhân_dân , thanh_thi?u_nhi t?i 3 t?nh b?",False,1.0,33,1.0,0
19618,2861,text_baseline,ok,,0.5207100591715976,0.32335329341317365,0.3905325443786982,0.0,0.13561691716183152,0.08571428571428574,2861,19,0.00016459999999796082,0.0017594999999985816,"Cuối tháng 2 , Bộ Giao_thông Vận_tải trình Thủ_tướng phương_án đầu_tư cao_tốc Bắc - Nam , trong đó đề_xuất xây_dựng trước gần 600 km trong giai_đoạn đến 2022 và thông toàn tuyến đến năm 2025 . Trong kế_hoạch đầu_tư công trung_hạn , Bộ Giao_thông có_thể chỉ được phân_bổ khoảng 70.000 tỷ đồng vốn trái_phiếu Chính_phủ đến năm 2020 cho tất_cả dự_án , bao_gồm cả các đoạn cao_tốc Bắc - Nam .",True,1.0,0,1.0,0
19618,2861,file_txt,ok,,0.5207100591715976,0.32335329341317365,0.3905325443786982,0.0,0.13561691716183152,0.08571428571428574,2861,19,0.00277189999999905,0.0018033000000059474,"Cuối tháng 2 , Bộ Giao_thông Vận_tải trình Thủ_tướng phương_án đầu_tư cao_tốc Bắc - Nam , trong đó đề_xuất xây_dựng trước gần 600 km trong giai_đoạn đến 2022 và thông toàn tuyến đến năm 2025 . Trong kế_hoạch đầu_tư công trung_hạn , Bộ Giao_thông có_thể chỉ được phân_bổ khoảng 70.000 tỷ đồng vốn trái_phiếu Chính_phủ đến năm 2020 cho tất_cả dự_án , bao_gồm cả các đoạn cao_tốc Bắc - Nam .",True,1.0,0,1.0,0
19618,2861,file_docx,ok,,0.5207100591715976,0.32335329341317365,0.3905325443786982,0.0,0.13561691716183152,0.08571428571428574,2861,19,0.020579099999999073,0.0019958000000031006,"Cuối tháng 2 , Bộ Giao_thông Vận_tải trình Thủ_tướng phương_án đầu_tư cao_tốc Bắc - Nam , trong đó đề_xuất xây_dựng trước gần 600 km trong giai_đoạn đến 2022 và thông toàn tuyến đến năm 2025 . Trong kế_hoạch đầu_tư công trung_hạn , Bộ Giao_thông có_thể chỉ được phân_bổ khoảng 70.000 tỷ đồng vốn trái_phiếu Chính_phủ đến năm 2020 cho tất_cả dự_án , bao_gồm cả các đoạn cao_tốc Bắc - Nam .",True,1.0,0,1.0,0
19618,2861,file_pdf,ok,,0.6593406593406593,0.1348314606741573,0.3516483516483516,-0.0388841927303466,0.04435906391896612,0.05555555555555558,2863,89,0.010293000000004326,0.022925700000001825,"Giao_thông V?n_t?i ???c yêu_c?u kh?n_tr??ng chu?n_b? cao_t?c Vi?t_Nam ??n n?m 2020 và
??nh_h??ng ??n n?m 2030 theo h??ng ??u_t?",False,1.00069905627403,70,1.0,0
7408,3577,text_baseline,ok,,0.7115384615384616,0.49514563106796117,0.5673076923076924,0.0,0.10315907184791726,0.016129032258064502,3577,26,0.00021860000000373248,0.0029375000000015916,""" Đừng đùa_với_lửa "" Theo RT , Ngoại_trưởng Nga vừa cảnh_báo Mỹ về việc dàn_dựng vụ tấn_công vũ_khí_hoá_học nhằm tấn_công lực_lượng quân_đội Syria . Ngoại_trưởng Lavrov là quan_chức Nga gần đây nhất cảnh_báo việc Mỹ và các đồng_minh có_thể vin vào cớ quân_đội Syria dùng vũ_khí_hoá_học để hợp_thức_hoá cuộc tấn_công mới nhằm vào Syria như từng làm vào tháng 4 năm nay .",True,1.0,0,1.0,0
7408,3577,file_txt,ok,,0.7115384615384616,0.49514563106796117,0.5673076923076924,0.0,0.10315907184791726,0.016129032258064502,3577,26,0.0034452000000015914,0.0030321999999998184,""" Đừng đùa_với_lửa "" Theo RT , Ngoại_trưởng Nga vừa cảnh_báo Mỹ về việc dàn_dựng vụ tấn_công vũ_khí_hoá_học nhằm tấn_công lực_lượng quân_đội Syria . Ngoại_trưởng Lavrov là quan_chức Nga gần đây nhất cảnh_báo việc Mỹ và các đồng_minh có_thể vin vào cớ quân_đội Syria dùng vũ_khí_hoá_học để hợp_thức_hoá cuộc tấn_công mới nhằm vào Syria như từng làm vào tháng 4 năm nay .",True,1.0,0,1.0,0
7408,3577,file_docx,ok,,0.7115384615384616,0.49514563106796117,0.5673076923076924,0.0,0.10315907184791726,0.016129032258064502,3577,26,0.019349099999999453,0.0030624999999986358,""" Đừng đùa_với_lửa "" Theo RT , Ngoại_trưởng Nga vừa cảnh_báo Mỹ về việc dàn_dựng vụ tấn_công vũ_khí_hoá_học nhằm tấn_công lực_lượng quân_đội Syria . Ngoại_trưởng Lavrov là quan_chức Nga gần đây nhất cảnh_báo việc Mỹ và các đồng_minh có_thể vin vào cớ quân_đội Syria dùng vũ_khí_hoá_học để hợp_thức_hoá cuộc tấn_công mới nhằm vào Syria như từng làm vào tháng 4 năm nay .",True,1.0,0,1.0,0
7408,3577,file_pdf,ok,,0.723404255319149,0.5467625899280575,0.5390070921985816,-0.02830060010911084,0.04723309111235327,0.0,3578,118,0.01036020000000093,0.03396660000000651,"t?n_công
v?_khí_hoá_h?c nh?m t?n_công l?c_l??ng quân_??i Syria . Ngo?i_tr??ng Nga c?ng ???c ??a ra ngay tr??c th?m m?t cu?c_chi?n l?n c?ng là cu?c_chi?n cu?i_cùng
có_th?",False,1.0002795638803466,92,1.0,0
9297,1961,text_baseline,ok,,0.4456521739130435,0.3626373626373627,0.391304347826087,0.0,0.21621621621621623,0.014084507042253502,1961,11,0.00014209999999792444,0.0007592000000045118,"Nhà lập_pháp Hàn_Quốc cho_biết Triều_Tiên đã đánh_cắp được tài_liệu về kế_hoạch tác_chiến Mỹ - Hàn . Tuyên_bố của đại_diện Lầu_Năm_Góc được đưa ra sau khi ông Lee_Cheol - hee , nghị_sĩ đảng cầm_quyền Hàn_Quốc , cho_hay các tin_tặc Triều_Tiên năm_ngoái đánh_cắp được một lượng lớn tài_liệu quân_sự bí_mật , trong đó có kế_hoạch của Mỹ và Hàn_Quốc về việc tấn_công phủ_đầu Triều_Tiên , "" chặt đứt "" bộ_phận lãnh_đạo nước này .",True,1.0,0,1.0,0
9297,1961,file_txt,ok,,0.4456521739130435,0.3626373626373627,0.391304347826087,0.0,0.21621621621621623,0.014084507042253502,1961,11,0.0018102000000013163,0.0009275999999971418,"Nhà lập_pháp Hàn_Quốc cho_biết Triều_Tiên đã đánh_cắp được tài_liệu về kế_hoạch tác_chiến Mỹ - Hàn . Tuyên_bố của đại_diện Lầu_Năm_Góc được đưa ra sau khi ông Lee_Cheol - hee , nghị_sĩ đảng cầm_quyền Hàn_Quốc , cho_hay các tin_tặc Triều_Tiên năm_ngoái đánh_cắp được một lượng lớn tài_liệu quân_sự bí_mật , trong đó có kế_hoạch của Mỹ và Hàn_Quốc về việc tấn_công phủ_đầu Triều_Tiên , "" chặt đứt "" bộ_phận lãnh_đạo nước này .",True,1.0,0,1.0,0
9297,1961,file_docx,ok,,0.4456521739130435,0.3626373626373627,0.391304347826087,0.0,0.21621621621621623,0.014084507042253502,1961,11,0.019097999999999615,0.0007684000000054425,"Nhà lập_pháp Hàn_Quốc cho_biết Triều_Tiên đã đánh_cắp được tài_liệu về kế_hoạch tác_chiến Mỹ - Hàn . Tuyên_bố của đại_diện Lầu_Năm_Góc được đưa ra sau khi ông Lee_Cheol - hee , nghị_sĩ đảng cầm_quyền Hàn_Quốc , cho_hay các tin_tặc Triều_Tiên năm_ngoái đánh_cắp được một lượng lớn tài_liệu quân_sự bí_mật , trong đó có kế_hoạch của Mỹ và Hàn_Quốc về việc tấn_công phủ_đầu Triều_Tiên , "" chặt đứt "" bộ_phận lãnh_đạo nước này .",True,1.0,0,1.0,0
9297,1961,file_pdf,ok,,0.5714285714285715,0.43478260869565216,0.37142857142857144,-0.019875776397515532,0.14431412544620092,0.0,1961,44,0.008150899999996852,0.005846599999998148,"??ng c?m_quy?n
Hàn_Qu?c , cho_hay các tin_t?c Tri?u_Tiên n?m_ngoái ?ánh_c?p ???c m?t l??ng l?n tài_li?u quân_s? Phát_ngôn_viên L?u_N?m_Góc c?ng ph?_nh?n
vi?c Seoul và Washington có m?i b?t_hoà , cho_r?ng hai n??c v?n duy_trì cam_k?t b?o_??m thông_tin bí_m?t
???c an_toàn , b?o_??m s?",False,1.0,33,1.0,0
11577,1758,text_baseline,ok,,0.4966442953020134,0.326530612244898,0.37583892617449666,0.0,0.21444823663253698,0.01754385964912286,1758,11,0.00012269999999858783,0.0006922999999972035,"Huấn_luyện_viên đội_bóng Ekkapol , ngoài cùng bên trái , và các cầu_thủ nhí khi còn trong hang Tham_Luang . Ông Nopparat_Khanthavong , người thành_lập câu_lạc_bộ bóng_đá Lợn_Hoang ở tỉnh Chiang_Rai , cho_biết đã làm thủ_tục xin cấp quốc_tịch Thái_Lan cho huấn_luyện_viên Ekkapol_Chantawong và ba cầu_thủ thiếu_niên vừa được giải_cứu khỏi hang Tham_Luang , AFP đưa tin hôm_nay .",True,1.0,0,1.0,0
11577,1758,file_txt,ok,,0.4966442953020134,0.326530612244898,0.37583892617449666,0.0,0.21444823663253698,0.01754385964912286,1758,11,0.001592599999995059,0.0007315000000005512,"Huấn_luyện_viên đội_bóng Ekkapol , ngoài cùng bên trái , và các cầu_thủ nhí khi còn trong hang Tham_Luang . Ông Nopparat_Khanthavong , người thành_lập câu_lạc_bộ bóng_đá Lợn_Hoang ở tỉnh Chiang_Rai , cho_biết đã làm thủ_tục xin cấp quốc_tịch Thái_Lan cho huấn_luyện_viên Ekkapol_Chantawong và ba cầu_thủ thiếu_niên vừa được giải_cứu khỏi hang Tham_Luang , AFP đưa tin hôm_nay .",True,1.0,0,1.0,0
11577,1758,file_docx,ok,,0.4966442953020134,0.326530612244898,0.37583892617449666,0.0,0.21444823663253698,0.01754385964912286,1758,11,0.017988100000003726,0.0007380999999995197,"Huấn_luyện_viên đội_bóng Ekkapol , ngoài cùng bên trái , và các cầu_thủ nhí khi còn trong hang Tham_Luang . Ông Nopparat_Khanthavong , người thành_lập câu_lạc_bộ bóng_đá Lợn_Hoang ở tỉnh Chiang_Rai , cho_biết đã làm thủ_tục xin cấp quốc_tịch Thái_Lan cho huấn_luyện_viên Ekkapol_Chantawong và ba cầu_thủ thiếu_niên vừa được giải_cứu khỏi hang Tham_Luang , AFP đưa tin hôm_nay .",True,1.0,0,1.0,0
11577,1758,file_pdf,ok,,0.6168224299065419,0.3619047619047619,0.31775700934579443,-0.05808191682870223,0.12684869169510807,0.0,1758,43,0.008275399999995159,0.00526789999999977,"t?nh Chiang_Rai , cho_bi?t
?ã làm th?_t?c xin c?p qu?c_t?ch Thái_Lan cho hu?n_luy?n_viên Ekkapol_Chantawong và ba c?u_th? Ông hy_v?ng sau khi ???c
gi?i_thoát kh?i hang Tham_Luang sau 18 ngày m?c_k?t , Ekkapol và các c?u_th?",False,1.0,32,1.0,0
16686,2490,text_baseline,ok,,0.3983739837398374,0.18032786885245905,0.26016260162601623,0.0,0.2397590361445783,0.0,2490,12,0.00016440000000272903,0.0008946000000022991,"Bước_đầu , đa_số ý_kiến trong nhóm nghiên_cứu của Uỷ_ban Tư_pháp tán_thành với việc mở_rộng này : "" Trên thực_tế tình_hình tham_nhũng khu_vực ngoài nhà_nước đã và đang xuất_hiện , ảnh_hưởng bất_lợi đến các hoạt_động cạnh_tranh lành_mạnh , môi_trường đầu_tư , kinh_doanh , cản_trở hiệu_quả phòng_chống tham_nhũng trong khu_vực công "" . Bên cạnh đó , việc sửa_đổi luật Phòng_chống tham_nhũng cũng phải góp_phần giải_quyết được những hạn_chế trong công_tác này , theo Chính_phủ chỉ ra là : phát_hiện , xử_lý tham_nhũng còn ít và kéo_dài , chưa nghiêm ; thu_hồi tài_sản tham_nhũng đạt kết_quả thấp ...",True,1.0,0,1.0,0
16686,2490,file_txt,ok,,0.3983739837398374,0.18032786885245905,0.26016260162601623,0.0,0.2397590361445783,0.0,2490,12,0.0022425999999953206,0.0009294999999980291,"Bước_đầu , đa_số ý_kiến trong nhóm nghiên_cứu của Uỷ_ban Tư_pháp tán_thành với việc mở_rộng này : "" Trên thực_tế tình_hình tham_nhũng khu_vực ngoài nhà_nước đã và đang xuất_hiện , ảnh_hưởng bất_lợi đến các hoạt_động cạnh_tranh lành_mạnh , môi_trường đầu_tư , kinh_doanh , cản_trở hiệu_quả phòng_chống tham_nhũng trong khu_vực công "" . Bên cạnh đó , việc sửa_đổi luật Phòng_chống tham_nhũng cũng phải góp_phần giải_quyết được những hạn_chế trong công_tác này , theo Chính_phủ chỉ ra là : phát_hiện , xử_lý tham_nhũng còn ít và kéo_dài , chưa nghiêm ; thu_hồi tài_sản tham_nhũng đạt kết_quả thấp ...",True,1.0,0,1.0,0
16686,2490,file_docx,ok,,0.3983739837398374,0.18032786885245905,0.26016260162601623,0.0,0.2397590361445783,0.0,2490,12,0.01966019999999702,0.0009212000000005105,"Bước_đầu , đa_số ý_kiến trong nhóm nghiên_cứu của Uỷ_ban Tư_pháp tán_thành với việc mở_rộng này : "" Trên thực_tế tình_hình tham_nhũng khu_vực ngoài nhà_nước đã và đang xuất_hiện , ảnh_hưởng bất_lợi đến các hoạt_động cạnh_tranh lành_mạnh , môi_trường đầu_tư , kinh_doanh , cản_trở hiệu_quả phòng_chống tham_nhũng trong khu_vực công "" . Bên cạnh đó , việc sửa_đổi luật Phòng_chống tham_nhũng cũng phải góp_phần giải_quyết được những hạn_chế trong công_tác này , theo Chính_phủ chỉ ra là : phát_hiện , xử_lý tham_nhũng còn ít và kéo_dài , chưa nghiêm ; thu_hồi tài_sản tham_nhũng đạt kết_quả thấp ...",True,1.0,0,1.0,0
16686,2490,file_pdf,ok,,0.6212121212121211,0.276923076923077,0.3636363636363637,0.10347376201034747,0.09550561797752809,0.0,2492,63,0.010345000000000937,0.011332899999999313,""" Quy_??nh này th?_hi?n tinh_th?n t?ng b??c m?_r?ng ph?m_vi ?i?u_ch?nh c?a lu?t ??i_v?i
khu_v?c ngoài nhà_n??c "" , Thanh_tra Chính_ph? Bên c?nh ?ó ,
vi?c s?a_??i lu?t Phòng_ch?ng tham_nh?ng c?ng ph?i góp_ph?n gi?i_quy?t ???c nh?ng h?n_ch?",False,1.0008032128514057,51,1.0,0
17856,2763,text_baseline,ok,,0.391304347826087,0.19298245614035087,0.23478260869565218,0.0,0.19833514296055013,0.1235955056179775,2763,15,0.00018370000000089703,0.001278700000000299,"Trong phiên_toà xét_xử bà Hứa_Thị_Phấn và đồng_phạm vào chiều 27-5 , phía công_ty Phương_Trang cho_rằng bản rã băng ghi_âm mà luật_sư của bà Phấn cung_cấp không đúng trình_tự , thủ_tục của Bộ luật_tố_tụng_hình_sự nên không được coi là chứng_cứ . "" Cần phải khẳng_định , những thông_tin , tài_liệu mặc_dù có thật nhưng không được thu_thập theo trình_tự , thủ_tục của của Bộ luật_tố_tụng_hình_sự thì không được coi là chứng_cứ "" , luật_sư Phan_Trung_Hoài , người bảo_vệ quyền và lợi_ích hợp_pháp cho công_ty Phương_Trang , nói trong phần tranh_luận .",True,1.0,0,1.0,0
17856,2763,file_txt,ok,,0.391304347826087,0.19298245614035087,0.23478260869565218,0.0,0.19833514296055013,0.1235955056179775,2763,15,0.0027913999999995553,0.0013222999999982221,"Trong phiên_toà xét_xử bà Hứa_Thị_Phấn và đồng_phạm vào chiều 27-5 , phía công_ty Phương_Trang cho_rằng bản rã băng ghi_âm mà luật_sư của bà Phấn cung_cấp không đúng trình_tự , thủ_tục của Bộ luật_tố_tụng_hình_sự nên không được coi là chứng_cứ . "" Cần phải khẳng_định , những thông_tin , tài_liệu mặc_dù có thật nhưng không được thu_thập theo trình_tự , thủ_tục của của Bộ luật_tố_tụng_hình_sự thì không được coi là chứng_cứ "" , luật_sư Phan_Trung_Hoài , người bảo_vệ quyền và lợi_ích hợp_pháp cho công_ty Phương_Trang , nói trong phần tranh_luận .",True,1.0,0,1.0,0
17856,2763,file_docx,ok,,0.391304347826087,0.19298245614035087,0.23478260869565218,0.0,0.19833514296055013,0.1235955056179775,2763,15,0.018611199999995165,0.0015021000000032814,"Trong phiên_toà xét_xử bà Hứa_Thị_Phấn và đồng_phạm vào chiều 27-5 , phía công_ty Phương_Trang cho_rằng bản rã băng ghi_âm mà luật_sư của bà Phấn cung_cấp không đúng trình_tự , thủ_tục của Bộ luật_tố_tụng_hình_sự nên không được coi là chứng_cứ . "" Cần phải khẳng_định , những thông_tin , tài_liệu mặc_dù có thật nhưng không được thu_thập theo trình_tự , thủ_tục của của Bộ luật_tố_tụng_hình_sự thì không được coi là chứng_cứ "" , luật_sư Phan_Trung_Hoài , người bảo_vệ quyền và lợi_ích hợp_pháp cho công_ty Phương_Trang , nói trong phần tranh_luận .",True,1.0,0,1.0,0
17856,2763,file_pdf,ok,,0.6717557251908397,0.31007751937984496,0.39694656488549623,0.16216395618984406,0.09077757685352622,0.0,2765,73,0.009187000000004275,0.015006500000005474,"Chi?c xe Maybach này là m?t trong nh?ng n?i_dung trong cu?n b?ng ghi_âm mà lu?t_s? Hoài c?ng cho_r?ng ông
Nguy?n_H?u_Lu?n mua thông_qua Công_ty Ph??ng_Trang , và vi?c mua_bán này ?úng quy_??nh pháp_lu?t ,
không có chuy?n bà H?a_Th?_Ph?n t?ng , cho nh?",False,1.0007238508867173,58,1.0,0
1486,4457,text_baseline,ok,,0.5641025641025642,0.2631578947368421,0.46153846153846156,0.0,0.029391967691272156,0.0,4457,41,0.0003602999999969825,0.006942700000003299,"Cuối năm 2017 , tin_vui đến với người hâm_mộ cặp đôi_khi Lâm_Chí_Linh thừa_nhận đang gặp_gỡ Ngôn_Thừa_Húc trở_lại . Ngôn_Thừa_Húc .",True,1.0,0,1.0,0
1486,4457,file_txt,ok,,0.5641025641025642,0.2631578947368421,0.46153846153846156,0.0,0.029391967691272156,0.0,4457,41,0.0041861000000054105,0.007672499999998195,"Cuối năm 2017 , tin_vui đến với người hâm_mộ cặp đôi_khi Lâm_Chí_Linh thừa_nhận đang gặp_gỡ Ngôn_Thừa_Húc trở_lại . Ngôn_Thừa_Húc .",True,1.0,0,1.0,0
1486,4457,file_docx,ok,,0.5641025641025642,0.2631578947368421,0.46153846153846156,0.0,0.029391967691272156,0.0,4457,41,0.019544799999998475,0.006886700000002577,"Cuối năm 2017 , tin_vui đến với người hâm_mộ cặp đôi_khi Lâm_Chí_Linh thừa_nhận đang gặp_gỡ Ngôn_Thừa_Húc trở_lại . Ngôn_Thừa_Húc .",True,1.0,0,1.0,0
1486,4457,file_pdf,ok,,0.36363636363636365,0.1692307692307692,0.25757575757575757,-0.203962703962704,0.06840098676833371,0.0,4459,112,0.015948299999998028,0.03804730000000234,"th?c_ch?t là b?n cùng
phòng v?i nhau khi s?ng t?i B?c_Kinh "" , ngoài_ra cho bi?t , th?c_ch?t nh?ng gì báo_chí ghi l?i là sai s?_th?t ,
c? ?i?n_tho?i c?a
Ngôn_Th?a_Húc , khi ?ó l?i nh?n ???c 1 tin nh?n r?_rê ?i ch?i th?_thao , tuy_nhiên Gia_??t không bi?t ?ó là ai
, bèn nh?n l?i r?ng : "" Không c?n ?âu "" .",False,1.0004487323311644,71,0.9989963198394112,0
18826,3344,text_baseline,ok,,0.18543046357615892,0.07333333333333333,0.13907284768211922,0.0,0.24132775119617225,0.02857142857142858,3344,17,0.0001930999999970595,0.0015414000000006922,"Nghệ_thuật và tầm nhìn của ông trong thế_giới công_nghệ được trình_bày như những câu_chuyện gần_gũi , có_thể phù_hợp với "" khẩu_vị "" nhiều người , miễn_là có quan_tâm đến sự phát_triển của công_nghệ đang làm thay_đổi thế_giới như_thế_nào Tâm_đắc với tác_phẩm , Nguyễn_Bá_Quỳnh - nguyên Giám_đốc khối khách_hàng Chính_phủ và doanh_nghiệp Nhà_nước của Microsoft - cho_rằng nhà_xuất_bản Trẻ ấn_hành quyển sách này thật đúng lúc , nhất_là khi mọi người đang nhắc nhiều đến cuộc cách_mạng công_nghệ 4.0 . Cho_nên , ông Bá_Quỳnh nhấn_mạnh , ' nhấn nút tái_tạo ' là việc có_thể áp_dụng cho nhiều nơi nhiều người , và công_nghệ đang có những bước_tiến dài , nếu ta không tái_tạo kịp_thời , cứ liên_tục chạy theo công_nghệ mới đến khi tiếp_cận được thì cái mới đã thành cũ và ta lại vứt bỏ cái ta vừa tiếp_cận được .",True,1.0,0,1.0,0
18826,3344,file_txt,ok,,0.18543046357615892,0.07333333333333333,0.13907284768211922,0.0,0.24132775119617225,0.02857142857142858,3344,17,0.003143700000002525,0.0017480999999932578,"Nghệ_thuật và tầm nhìn của ông trong thế_giới công_nghệ được trình_bày như những câu_chuyện gần_gũi , có_thể phù_hợp với "" khẩu_vị "" nhiều người , miễn_là có quan_tâm đến sự phát_triển của công_nghệ đang làm thay_đổi thế_giới như_thế_nào Tâm_đắc với tác_phẩm , Nguyễn_Bá_Quỳnh - nguyên Giám_đốc khối khách_hàng Chính_phủ và doanh_nghiệp Nhà_nước của Microsoft - cho_rằng nhà_xuất_bản Trẻ ấn_hành quyển sách này thật đúng lúc , nhất_là khi mọi người đang nhắc nhiều đến cuộc cách_mạng công_nghệ 4.0 . Cho_nên , ông Bá_Quỳnh nhấn_mạnh , ' nhấn nút tái_tạo ' là việc có_thể áp_dụng cho nhiều nơi nhiều người , và công_nghệ đang có những bước_tiến dài , nếu ta không tái_tạo kịp_thời , cứ liên_tục chạy theo công_nghệ mới đến khi tiếp_cận được thì cái mới đã thành cũ và ta lại vứt bỏ cái ta vừa tiếp_cận được .",True,1.0,0,1.0,0
18826,3344,file_docx,ok,,0.18543046357615892,0.07333333333333333,0.13907284768211922,0.0,0.24132775119617225,0.02857142857142858,3344,17,0.020667799999998238,0.0016175000000018258,"Nghệ_thuật và tầm nhìn của ông trong thế_giới công_nghệ được trình_bày như những câu_chuyện gần_gũi , có_thể phù_hợp với "" khẩu_vị "" nhiều người , miễn_là có quan_tâm đến sự phát_triển của công_nghệ đang làm thay_đổi thế_giới như_thế_nào Tâm_đắc với tác_phẩm , Nguyễn_Bá_Quỳnh - nguyên Giám_đốc khối khách_hàng Chính_phủ và doanh_nghiệp Nhà_nước của Microsoft - cho_rằng nhà_xuất_bản Trẻ ấn_hành quyển sách này thật đúng lúc , nhất_là khi mọi người đang nhắc nhiều đến cuộc cách_mạng công_nghệ 4.0 . Cho_nên , ông Bá_Quỳnh nhấn_mạnh , ' nhấn nút tái_tạo ' là việc có_thể áp_dụng cho nhiều nơi nhiều người , và công_nghệ đang có những bước_tiến dài , nếu ta không tái_tạo kịp_thời , cứ liên_tục chạy theo công_nghệ mới đến khi tiếp_cận được thì cái mới đã thành cũ và ta lại vứt bỏ cái ta vừa tiếp_cận được .",True,1.0,0,1.0,0
18826,3344,file_pdf,ok,,0.45360824742268047,0.10526315789473685,0.24742268041237114,0.10834983273025192,0.05977286312014345,0.0,3346,84,0.010904899999999884,0.018018499999996607,"Satya ?ã góp_ph?n quan_tr?ng trong vi?c ng?n_ch?n b??c t?t lùi ?ang nhìn th?y c?a
Microsoft t? ?n_hành quy?n sách này th?t ?úng lúc , nh?t_là khi m?i ng??i ?ang
nh?c nhi?u ??n cu?c cách_m?ng công_ngh?",False,1.000598086124402,67,0.9986168741355465,0
9142,2575,text_baseline,ok,,0.5354330708661418,0.128,0.3464566929133859,0.0,0.0970873786407767,0.07843137254901966,2575,24,0.00017220000000151003,0.002402799999998706,"Cậu bé Ấn_Độ cúi đầu khóc bên thi_thể của người cha là công_nhân thoát nước vừa thiệt_mạng hôm 14/9 . Anh Anil , 27 tuổi , công_nhân thoát nước ở thủ_đô New_Delhi , thiệt_mạng hôm 14/9 do bị ngã khi dây thừng đưa anh xuống cống bị đứt , BBC cho_hay .",True,1.0,0,1.0,0
9142,2575,file_txt,ok,,0.5354330708661418,0.128,0.3464566929133859,0.0,0.0970873786407767,0.07843137254901966,2575,24,0.0023450999999994337,0.002725900000001502,"Cậu bé Ấn_Độ cúi đầu khóc bên thi_thể của người cha là công_nhân thoát nước vừa thiệt_mạng hôm 14/9 . Anh Anil , 27 tuổi , công_nhân thoát nước ở thủ_đô New_Delhi , thiệt_mạng hôm 14/9 do bị ngã khi dây thừng đưa anh xuống cống bị đứt , BBC cho_hay .",True,1.0,0,1.0,0
9142,2575,file_docx,ok,,0.5354330708661418,0.128,0.3464566929133859,0.0,0.0970873786407767,0.07843137254901966,2575,24,0.018964900000000284,0.002972599999999659,"Cậu bé Ấn_Độ cúi đầu khóc bên thi_thể của người cha là công_nhân thoát nước vừa thiệt_mạng hôm 14/9 . Anh Anil , 27 tuổi , công_nhân thoát nước ở thủ_đô New_Delhi , thiệt_mạng hôm 14/9 do bị ngã khi dây thừng đưa anh xuống cống bị đứt , BBC cho_hay .",True,1.0,0,1.0,0
9142,2575,file_pdf,ok,,0.536082474226804,0.12631578947368421,0.30927835051546393,-0.03717834239792195,0.053938688397361274,0.0,2577,84,0.010752799999998786,0.017009000000001606,"m?t tu?n ,
c?u con_trai m?i 4 tháng tu?i c?a Anil c?ng qua_??i vì b? Hoàn_c?nh khó_kh?n c?a ng??i công_nhân này khi?n t?_ch?c
phi_chính_ph?",False,1.0007766990291262,60,1.0,0
17476,1337,text_baseline,ok,,0.358974358974359,0.15789473684210528,0.20512820512820512,0.0,0.0456245325355273,0.0,1337,14,0.00010639999999995098,0.0010733999999956723,HÀ . Chị Điệp cùng con_gái xem triển_lãm ảnh - Ảnh : B._N._HÀ,True,1.0,0,1.0,0
17476,1337,file_txt,ok,,0.358974358974359,0.15789473684210528,0.20512820512820512,0.0,0.0456245325355273,0.0,1337,14,0.0013220000000018217,0.0011243000000007441,HÀ . Chị Điệp cùng con_gái xem triển_lãm ảnh - Ảnh : B._N._HÀ,True,1.0,0,1.0,0
17476,1337,file_docx,ok,,0.358974358974359,0.15789473684210528,0.20512820512820512,0.0,0.0456245325355273,0.0,1337,14,0.018970600000002946,0.0013330999999965343,HÀ . Chị Điệp cùng con_gái xem triển_lãm ảnh - Ảnh : B._N._HÀ,True,1.0,0,1.0,0
17476,1337,file_pdf,ok,,0.673076923076923,0.19607843137254902,0.3269230769230769,0.1217948717948718,0.08825729244577413,0.0,1337,45,0.010024699999995335,0.007567999999999131,nh?a nh?m ??a ra các thông_tin và truy?n c?m_h?ng cho m?i ng??i th?c_hi?n m?t_s? môi_tr??ng và s?_d?ng các s?n_ph?m t?,False,1.0,31,1.0,0
16307,1902,text_baseline,ok,,0.5442176870748299,0.17931034482758618,0.2993197278911564,0.0,0.13301787592008413,0.019230769230769273,1902,14,0.00012730000000260588,0.0009148000000038792,"Thầy_Trọng cho biết thầy cũng luôn nhắn_nhủ với các học_trò một câu như nói đùa : "" Đây có_thể là lần đầu_tiên và cũng là lần duy_nhất các em có cơ_hội đọc tác_phẩm này . Món quà ý_nghĩa của thầy Trọng dành cho học_trò vào mỗi cuối năm_học - Ảnh : C.T .",True,1.0,0,1.0,0
16307,1902,file_txt,ok,,0.5442176870748299,0.17931034482758618,0.2993197278911564,0.0,0.13301787592008413,0.019230769230769273,1902,14,0.0017352999999999952,0.0012360999999998512,"Thầy_Trọng cho biết thầy cũng luôn nhắn_nhủ với các học_trò một câu như nói đùa : "" Đây có_thể là lần đầu_tiên và cũng là lần duy_nhất các em có cơ_hội đọc tác_phẩm này . Món quà ý_nghĩa của thầy Trọng dành cho học_trò vào mỗi cuối năm_học - Ảnh : C.T .",True,1.0,0,1.0,0
16307,1902,file_docx,ok,,0.5442176870748299,0.17931034482758618,0.2993197278911564,0.0,0.13301787592008413,0.019230769230769273,1902,14,0.020709599999996442,0.001135200000000225,"Thầy_Trọng cho biết thầy cũng luôn nhắn_nhủ với các học_trò một câu như nói đùa : "" Đây có_thể là lần đầu_tiên và cũng là lần duy_nhất các em có cơ_hội đọc tác_phẩm này . Món quà ý_nghĩa của thầy Trọng dành cho học_trò vào mỗi cuối năm_học - Ảnh : C.T .",True,1.0,0,1.0,0
16307,1902,file_pdf,ok,,0.5840707964601771,0.16216216216216214,0.37168141592920356,0.07236168803804716,0.08307045215562565,0.030303030303030276,1902,42,0.008763800000004096,0.0051413999999994076,"là l?n ??u_tiên và c?ng là l?n duy_nh?t các em có c?_h?i ??c tác_ph?m này . Món quà ý_ngh?a c?a th?y Tr?ng dành cho h?c_trò vào m?i
cu?i n?m_h?c - ?nh : C.T .",False,1.0,28,1.0,0
10212,2212,text_baseline,ok,,0.5174825174825174,0.1702127659574468,0.2517482517482518,0.0,0.13291139240506328,0.0,2212,18,0.00014579999999853044,0.0014770000000012828,"Tuy_nhiên , chiến_hạm Nhật đã bắn rơi một cường_kích A -6 E thuộc hải_quân Mỹ đang tham_gia diễn_tập , thay_vì diệt mục_tiêu bay cách đó gần 5 km . Dù vậy , nó lại bị hệ_thống phòng_thủ cực gần ( CIWS ) Phalanx trên tàu Yuugiri khoá mục_tiêu và bắn hạ , trong khi mục_tiêu thực_sự vẫn an_toàn .",True,1.0,0,1.0,0
10212,2212,file_txt,ok,,0.5174825174825174,0.1702127659574468,0.2517482517482518,0.0,0.13291139240506328,0.0,2212,18,0.0022517999999962512,0.0015488000000019042,"Tuy_nhiên , chiến_hạm Nhật đã bắn rơi một cường_kích A -6 E thuộc hải_quân Mỹ đang tham_gia diễn_tập , thay_vì diệt mục_tiêu bay cách đó gần 5 km . Dù vậy , nó lại bị hệ_thống phòng_thủ cực gần ( CIWS ) Phalanx trên tàu Yuugiri khoá mục_tiêu và bắn hạ , trong khi mục_tiêu thực_sự vẫn an_toàn .",True,1.0,0,1.0,0
10212,2212,file_docx,ok,,0.5174825174825174,0.1702127659574468,0.2517482517482518,0.0,0.13291139240506328,0.0,2212,18,0.021802399999998556,0.0017190000000013583,"Tuy_nhiên , chiến_hạm Nhật đã bắn rơi một cường_kích A -6 E thuộc hải_quân Mỹ đang tham_gia diễn_tập , thay_vì diệt mục_tiêu bay cách đó gần 5 km . Dù vậy , nó lại bị hệ_thống phòng_thủ cực gần ( CIWS ) Phalanx trên tàu Yuugiri khoá mục_tiêu và bắn hạ , trong khi mục_tiêu thực_sự vẫn an_toàn .",True,1.0,0,1.0,0
10212,2212,file_pdf,ok,,0.6,0.18518518518518515,0.30909090909090914,0.057342657342657366,0.07956600361663653,0.0,2212,58,0.008949600000001112,0.009321700000000988,"Tuy_nhiên , chi?n_h?m Nh?t ?ã b?n r?i m?t c??ng_kích A -6 E thu?c h?i_quân M? b?n nh?m này khi?n hai n??c th?ng_nh?t ng?ng
s?_d?ng ??n th?t trên tàu Yuugiri và các chi?n_h?m M?",False,1.0,40,1.0,0
5436,1269,text_baseline,ok,,0.3703703703703704,0.07594936708860758,0.29629629629629634,0.0,0.07328605200945626,0.368421052631579,1269,12,0.00010739999999742622,0.000736299999999801,Cảnh cứu nạn tại hiện_trường - Ảnh : PTI . Cảnh cứu nạn tại hiện_trường - Ảnh : India_Times .,True,1.0,0,1.0,0
5436,1269,file_txt,ok,,0.3703703703703704,0.07594936708860758,0.29629629629629634,0.0,0.07328605200945626,0.368421052631579,1269,12,0.0013314000000050896,0.0007360000000034006,Cảnh cứu nạn tại hiện_trường - Ảnh : PTI . Cảnh cứu nạn tại hiện_trường - Ảnh : India_Times .,True,1.0,0,1.0,0
5436,1269,file_docx,ok,,0.3703703703703704,0.07594936708860758,0.29629629629629634,0.0,0.07328605200945626,0.368421052631579,1269,12,0.018483400000000927,0.0007570000000001187,Cảnh cứu nạn tại hiện_trường - Ảnh : PTI . Cảnh cứu nạn tại hiện_trường - Ảnh : India_Times .,True,1.0,0,1.0,0
5436,1269,file_pdf,ok,,0.3703703703703704,0.07594936708860758,0.29629629629629634,0.0,0.07328605200945626,0.368421052631579,1269,37,0.011739800000000855,0.0030668000000062534,C?nh c?u n?n t?i hi?n_tr??ng - ?nh : PTI . C?nh c?u n?n t?i hi?n_tr??ng - ?nh : India_Times .,False,1.0,25,1.0,0
511,6725,text_baseline,ok,,0.3292181069958848,0.1825726141078838,0.23868312757201643,0.0,0.0866914498141264,0.03191489361702127,6725,40,0.0003535999999968453,0.007885500000000434,"Vào ngày 20/11 – ngày quốc_tế về quyền trẻ_em , đại_sứ_quán Pháp tại Hà_Nội đã tổ_chức hội_thảo bàn_luận vấn_đề biện_pháp tư_pháp thay_thế cho chế_tài phạt tù giam_giữ người chưa thành_niên phạm_tội . Đối_tượng người chưa thành_niên từ 14 đến dưới 16 tuổi , căn_cứ các điều_kiện áp_dụng sẽ có 3 loại chế_tài : Hình_phạt cải_tạo không giam_giữ ( quy_định mới được bổ_sung trong điều luật_Hình_sự 2015 ) ; Biện_pháp tư_pháp đưa vào trường_giáo_dưỡng do toà_án quyết_định trong trường_hợp đối_tượng cần phải cách_ly với cộng_đồng để phòng_ngừa tái_phạm ; Hình_phạt cao nhất là phạt tù .",True,1.0,0,1.0,0
511,6725,file_txt,ok,,0.3292181069958848,0.1825726141078838,0.23868312757201643,0.0,0.0866914498141264,0.03191489361702127,6725,40,0.0058348999999964235,0.008665300000004095,"Vào ngày 20/11 – ngày quốc_tế về quyền trẻ_em , đại_sứ_quán Pháp tại Hà_Nội đã tổ_chức hội_thảo bàn_luận vấn_đề biện_pháp tư_pháp thay_thế cho chế_tài phạt tù giam_giữ người chưa thành_niên phạm_tội . Đối_tượng người chưa thành_niên từ 14 đến dưới 16 tuổi , căn_cứ các điều_kiện áp_dụng sẽ có 3 loại chế_tài : Hình_phạt cải_tạo không giam_giữ ( quy_định mới được bổ_sung trong điều luật_Hình_sự 2015 ) ; Biện_pháp tư_pháp đưa vào trường_giáo_dưỡng do toà_án quyết_định trong trường_hợp đối_tượng cần phải cách_ly với cộng_đồng để phòng_ngừa tái_phạm ; Hình_phạt cao nhất là phạt tù .",True,1.0,0,1.0,0
511,6725,file_docx,ok,,0.3292181069958848,0.1825726141078838,0.23868312757201643,0.0,0.0866914498141264,0.03191489361702127,6725,40,0.02225570000000232,0.007749799999999141,"Vào ngày 20/11 – ngày quốc_tế về quyền trẻ_em , đại_sứ_quán Pháp tại Hà_Nội đã tổ_chức hội_thảo bàn_luận vấn_đề biện_pháp tư_pháp thay_thế cho chế_tài phạt tù giam_giữ người chưa thành_niên phạm_tội . Đối_tượng người chưa thành_niên từ 14 đến dưới 16 tuổi , căn_cứ các điều_kiện áp_dụng sẽ có 3 loại chế_tài : Hình_phạt cải_tạo không giam_giữ ( quy_định mới được bổ_sung trong điều luật_Hình_sự 2015 ) ; Biện_pháp tư_pháp đưa vào trường_giáo_dưỡng do toà_án quyết_định trong trường_hợp đối_tượng cần phải cách_ly với cộng_đồng để phòng_ngừa tái_phạm ; Hình_phạt cao nhất là phạt tù .",True,1.0,0,1.0,0
511,6725,file_pdf,ok,,0.5467625899280576,0.2773722627737226,0.34532374100719415,0.10664061343517772,0.0395303908455937,0.04761904761904767,6729,192,0.015243800000000363,0.11433720000000136,"nh?t , ??i_v?i ng??i ch?a
thành_niên vi_ph?m pháp lu?t_hành_chính , pháp_lu?t Vi?t_Nam s?_d?ng hình_th?c ph?t ti?n , c?nh_cáo ,
giáo_d?c t?i xã ph??ng th?_tr?n , ??a vào tr??ng_giáo_d??ng . T?i Pháp , v?i
??i_t??ng ng??i ch?a thành_niên , n?u ph?m_t?i , ??i_t??ng s?",False,1.0005947955390335,152,1.0,0
17585,4389,text_baseline,ok,,0.6373626373626373,0.24719101123595505,0.3516483516483516,0.0,0.03144224196855776,0.11538461538461542,4389,39,0.00027409999999861157,0.006359200000005671,Tổ cất nhà_tình_thương chở vật_liệu đi xây nhà cho một người nghèo ở vùng_xa - Ảnh : T.N . Tổ cất nhà_tình_thương dựng nhà cho người_dân .,True,1.0,0,1.0,0
17585,4389,file_txt,ok,,0.6373626373626373,0.24719101123595505,0.3516483516483516,0.0,0.03144224196855776,0.11538461538461542,4389,39,0.006208999999998355,0.0060823000000027605,Tổ cất nhà_tình_thương chở vật_liệu đi xây nhà cho một người nghèo ở vùng_xa - Ảnh : T.N . Tổ cất nhà_tình_thương dựng nhà cho người_dân .,True,1.0,0,1.0,0
17585,4389,file_docx,ok,,0.6373626373626373,0.24719101123595505,0.3516483516483516,0.0,0.03144224196855776,0.11538461538461542,4389,39,0.021124100000001533,0.006429400000001806,Tổ cất nhà_tình_thương chở vật_liệu đi xây nhà cho một người nghèo ở vùng_xa - Ảnh : T.N . Tổ cất nhà_tình_thương dựng nhà cho người_dân .,True,1.0,0,1.0,0
17585,4389,file_pdf,ok,,0.5436893203883495,0.2376237623762376,0.3883495145631068,0.03670116291475517,0.04373576309794989,0.0,4390,135,0.011231999999999687,0.04549860000000194,"( huy?n Lai_Vung , t?nh ??ng_Tháp ) , m?t trong
nh?ng tr??ng_h?p ???c c?t nhà_tình_th??ng , cho_bi?t anh ph?i ch?y_?n t?ng b?a , ch?a bao_gi? t?t , anh là tr?_c?t chính trong gia_?ình nh?ng t?",False,1.0002278423331055,96,1.0,0
19311,1704,text_baseline,ok,,0.3809523809523809,0.11650485436893203,0.2857142857142857,0.0,0.12323943661971831,0.48,1704,13,0.0001221999999998502,0.0008590999999995574,"Ngay sau khi con gấu chó được đưa ra khỏi lồng nuôi , các bác_sĩ đã khám , thử mẫu máu cho con vật . Hải_Ninh Ngay sau khi con gấu chó được đưa ra khỏi lồng nuôi , các bác_sĩ đã khám , thử mẫu máu cho con vật .",True,1.0,0,1.0,0
19311,1704,file_txt,ok,,0.3809523809523809,0.11650485436893203,0.2857142857142857,0.0,0.12323943661971831,0.48,1704,13,0.0017275000000012142,0.0009465000000048462,"Ngay sau khi con gấu chó được đưa ra khỏi lồng nuôi , các bác_sĩ đã khám , thử mẫu máu cho con vật . Hải_Ninh Ngay sau khi con gấu chó được đưa ra khỏi lồng nuôi , các bác_sĩ đã khám , thử mẫu máu cho con vật .",True,1.0,0,1.0,0
19311,1704,file_docx,ok,,0.3809523809523809,0.11650485436893203,0.2857142857142857,0.0,0.12323943661971831,0.48,1704,13,0.0210420999999954,0.0014226000000050476,"Ngay sau khi con gấu chó được đưa ra khỏi lồng nuôi , các bác_sĩ đã khám , thử mẫu máu cho con vật . Hải_Ninh Ngay sau khi con gấu chó được đưa ra khỏi lồng nuôi , các bác_sĩ đã khám , thử mẫu máu cho con vật .",True,1.0,0,1.0,0
19311,1704,file_pdf,ok,,0.5833333333333334,0.14893617021276595,0.2916666666666667,0.005952380952380987,0.09213615023474178,0.0,1704,42,0.008916000000006363,0.006347400000002779,"nuôi nh?t quá lâu , ch?u_??ng th??ng_t?n nh?t_??nh và ?i?u_ki?n
ch?m_sóc chu?ng_tr?i h?n_ch? L?ng nuôi t??ng_??i h?p nên g?u chó có bi?u_hi?n m?c b?nh kh?p .",False,1.0,29,1.0,0
18170,2307,text_baseline,ok,,0.46153846153846156,0.13471502590673576,0.2871794871794872,0.0,0.17685305591677503,0.013513513513513487,2307,14,0.0001463000000043735,0.0010252000000008366,"Còn những nhà_nhập_khẩu nhiều nguyên_liệu , theo tổng_giám_đốc một công_ty nội_thất , thì bị ảnh_hưởng lớn , cứ một đồng tỉ_giá tăng thì mất thêm một đồng khoản lãi . "" Việc phá_giá đồng nhân_dân tệ ( NDT ) để đảm_bảo sức cạnh_tranh hàng_hoá của họ , nhưng sẽ ảnh_hưởng tới Việt_Nam , vì quan_hệ tỉ_giá đồng VND và NDT tương_đối đặc_biệt , nhất_là ta có quy_định đồng NDT có_thể được thanh_toán ở biên_giới .",True,1.0,0,1.0,0
18170,2307,file_txt,ok,,0.46153846153846156,0.13471502590673576,0.2871794871794872,0.0,0.17685305591677503,0.013513513513513487,2307,14,0.0021330000000006066,0.0013221999999970535,"Còn những nhà_nhập_khẩu nhiều nguyên_liệu , theo tổng_giám_đốc một công_ty nội_thất , thì bị ảnh_hưởng lớn , cứ một đồng tỉ_giá tăng thì mất thêm một đồng khoản lãi . "" Việc phá_giá đồng nhân_dân tệ ( NDT ) để đảm_bảo sức cạnh_tranh hàng_hoá của họ , nhưng sẽ ảnh_hưởng tới Việt_Nam , vì quan_hệ tỉ_giá đồng VND và NDT tương_đối đặc_biệt , nhất_là ta có quy_định đồng NDT có_thể được thanh_toán ở biên_giới .",True,1.0,0,1.0,0
18170,2307,file_docx,ok,,0.46153846153846156,0.13471502590673576,0.2871794871794872,0.0,0.17685305591677503,0.013513513513513487,2307,14,0.019005899999996245,0.0011769000000043661,"Còn những nhà_nhập_khẩu nhiều nguyên_liệu , theo tổng_giám_đốc một công_ty nội_thất , thì bị ảnh_hưởng lớn , cứ một đồng tỉ_giá tăng thì mất thêm một đồng khoản lãi . "" Việc phá_giá đồng nhân_dân tệ ( NDT ) để đảm_bảo sức cạnh_tranh hàng_hoá của họ , nhưng sẽ ảnh_hưởng tới Việt_Nam , vì quan_hệ tỉ_giá đồng VND và NDT tương_đối đặc_biệt , nhất_là ta có quy_định đồng NDT có_thể được thanh_toán ở biên_giới .",True,1.0,0,1.0,0
18170,2307,file_pdf,ok,,0.46601941747572817,0.1188118811881188,0.33009708737864074,0.04291760019915353,0.0494148244473342,0.0,2307,66,0.009259499999998866,0.011095799999999656,"t?_giá ""
nh?ng l?i ???c kho?n "" l?i "" t? ?ó là ch?a nói ??n chuy?n t?_giá t?ng , ??ng nào ng??i Trung_Qu?c c?ng s?",False,1.0,52,1.0,0
13764,6259,text_baseline,ok,,0.641025641025641,0.2931034482758621,0.3247863247863248,0.0,0.057517175267614636,0.0,6259,35,0.0003276000000056456,0.0063066000000020495,"Việc quy_định mức vốn chủ_sở_hữu của nhà_đầu_tư 15 % hoặc ít hơn với dự_án trên 1.500 tỷ là quá thấp và có phần bất_hợp_lý bởi một nhà_đầu_tư bỏ tiền làm đường , thu phí lấy lãi mà phải đi vay ngân_hàng tới 85 % . Ngoài_ra , theo quy_định về tín_dụng , các ngân_hàng chỉ cho_phép nhà_đầu_tư , doanh_nghiệp vay vốn cho các dự_án khi dự_án có khả_năng hoàn vốn .",True,1.0,0,1.0,0
13764,6259,file_txt,ok,,0.641025641025641,0.2931034482758621,0.3247863247863248,0.0,0.057517175267614636,0.0,6259,35,0.005990000000004159,0.006377900000003933,"Việc quy_định mức vốn chủ_sở_hữu của nhà_đầu_tư 15 % hoặc ít hơn với dự_án trên 1.500 tỷ là quá thấp và có phần bất_hợp_lý bởi một nhà_đầu_tư bỏ tiền làm đường , thu phí lấy lãi mà phải đi vay ngân_hàng tới 85 % . Ngoài_ra , theo quy_định về tín_dụng , các ngân_hàng chỉ cho_phép nhà_đầu_tư , doanh_nghiệp vay vốn cho các dự_án khi dự_án có khả_năng hoàn vốn .",True,1.0,0,1.0,0
13764,6259,file_docx,ok,,0.641025641025641,0.2931034482758621,0.3247863247863248,0.0,0.057517175267614636,0.0,6259,35,0.020981599999998934,0.00654790000000105,"Việc quy_định mức vốn chủ_sở_hữu của nhà_đầu_tư 15 % hoặc ít hơn với dự_án trên 1.500 tỷ là quá thấp và có phần bất_hợp_lý bởi một nhà_đầu_tư bỏ tiền làm đường , thu phí lấy lãi mà phải đi vay ngân_hàng tới 85 % . Ngoài_ra , theo quy_định về tín_dụng , các ngân_hàng chỉ cho_phép nhà_đầu_tư , doanh_nghiệp vay vốn cho các dự_án khi dự_án có khả_năng hoàn vốn .",True,1.0,0,1.0,0
13764,6259,file_pdf,ok,,0.586046511627907,0.20657276995305165,0.31627906976744186,-0.008507255018882942,0.047269243053337594,0.12727272727272732,6262,180,0.014166500000001747,0.08322879999999344,"n?i_dung này , tính ??n ngày 31/12/2016 , ?ã có
20 t?_ch?c tín_d?ng c?p tín_d?ng cho các d?_án BOT , BT giao_thông v?i t?ng h?n_m?c 163.097 t? S?_li?u tr??c ?ó cho th?y , t?i th?i_?i?m
31/12/2015 , t?ng h?n_m?c c?p tín_d?ng c?a các t?_ch?c tín_d?ng ??i_v?i các d?_án BOT , BT , BTO ??t
155.480 t?",False,1.0004793097938969,145,1.0,0
6681,2255,text_baseline,ok,,0.4540540540540541,0.29508196721311475,0.3135135135135135,0.0,0.19068736141906872,0.05405405405405406,2255,21,0.0001546000000018921,0.001955500000001109,"Tổng_thống Mỹ phát thông_điệp liên_bang Vào_khoảng 9h ngày 31/1 ( giờ Hà_Nội , tức ngày 30/1 giờ Mỹ ) , dự_kiến Tổng_thống Donald_Trump sẽ phát đi thông_điệp liên_bang hé lộ chính_sách của chính_quyền Mỹ năm 2018 . Thổ_Nhĩ_Kỳ phá_huỷ ngôi đền 3.000 năm_tuổi tại Syria Theo TTXVN , hôm_qua , các cuộc không_kích của Thổ_Nhĩ_Kỳ nhằm vào người Kurd tại Syria đã phá_huỷ một phần ngôi đền cổ 3.000 năm_tuổi Ain_Dara ở miền Bắc_Syria .",True,1.0,0,1.0,0
6681,2255,file_txt,ok,,0.4540540540540541,0.29508196721311475,0.3135135135135135,0.0,0.19068736141906872,0.05405405405405406,2255,21,0.0020701000000045156,0.002319300000003466,"Tổng_thống Mỹ phát thông_điệp liên_bang Vào_khoảng 9h ngày 31/1 ( giờ Hà_Nội , tức ngày 30/1 giờ Mỹ ) , dự_kiến Tổng_thống Donald_Trump sẽ phát đi thông_điệp liên_bang hé lộ chính_sách của chính_quyền Mỹ năm 2018 . Thổ_Nhĩ_Kỳ phá_huỷ ngôi đền 3.000 năm_tuổi tại Syria Theo TTXVN , hôm_qua , các cuộc không_kích của Thổ_Nhĩ_Kỳ nhằm vào người Kurd tại Syria đã phá_huỷ một phần ngôi đền cổ 3.000 năm_tuổi Ain_Dara ở miền Bắc_Syria .",True,1.0,0,1.0,0
6681,2255,file_docx,ok,,0.4540540540540541,0.29508196721311475,0.3135135135135135,0.0,0.19068736141906872,0.05405405405405406,2255,21,0.019197900000001766,0.0020032000000043126,"Tổng_thống Mỹ phát thông_điệp liên_bang Vào_khoảng 9h ngày 31/1 ( giờ Hà_Nội , tức ngày 30/1 giờ Mỹ ) , dự_kiến Tổng_thống Donald_Trump sẽ phát đi thông_điệp liên_bang hé lộ chính_sách của chính_quyền Mỹ năm 2018 . Thổ_Nhĩ_Kỳ phá_huỷ ngôi đền 3.000 năm_tuổi tại Syria Theo TTXVN , hôm_qua , các cuộc không_kích của Thổ_Nhĩ_Kỳ nhằm vào người Kurd tại Syria đã phá_huỷ một phần ngôi đền cổ 3.000 năm_tuổi Ain_Dara ở miền Bắc_Syria .",True,1.0,0,1.0,0
6681,2255,file_pdf,ok,,0.48936170212765956,0.08695652173913045,0.3191489361702128,0.005635422656699307,0.06075388026607539,0.0,2255,67,0.008474200000001986,0.013192899999999952,"th?p rào_c?n th??ng_m?i trên th?_gi?i vì
ho?t_??ng xu?t_kh?u c?a M? ?ã ???c tìm th?y , 9 hành_khách b?_th??ng ???c chuy?n t?i
b?nh_vi?n .",False,1.0,46,1.0,0
17789,4806,text_baseline,ok,,0.37267080745341613,0.2125,0.2484472049689441,0.0,0.15126924677486475,0.023255813953488413,4806,22,0.0002589999999997872,0.0028531000000029394,"Nhìn tổng_thể , khu_vực nhà dân tự xây_dựng hiện_nay vẫn còn chiếm tỷ_lệ lớn nhất , với hơn 80 % tổng diện_tích nhà ở xây_dựng mới , điều này minh_chứng cho việc tăng_trưởng mạnh_mẽ của thị_trường sơn trang_trí & vật_liệu xây_dựng trong thời_gian qua là điều tất_yếu , đặc_biệt với sản_phẩm sơn tường , người tiêu_dùng thường sẽ chọn nhãn_hiệu thông_qua quảng_cáo trước khi đến cửa_hàng hoặc được tư_vấn bởi nhà_thầu & thợ sơn để chọn được loại sơn có giá_cả phù_hợp , chất_lượng cho ngôi nhà của mình . Bên cạnh đó , việc bảo_vệ sức_khoẻ luôn được đặt lên hàng_đầu nên những loại sơn có thêm tính_năng kháng khuẩn , chống bám bụi ngày_càng được ưa_chuộng trong các công_trình xây_dựng dân_dụng , đặc_biệt là các dự_án căn_hộ .",True,1.0,0,1.0,0
17789,4806,file_txt,ok,,0.37267080745341613,0.2125,0.2484472049689441,0.0,0.15126924677486475,0.023255813953488413,4806,22,0.004139799999997251,0.0030055000000004384,"Nhìn tổng_thể , khu_vực nhà dân tự xây_dựng hiện_nay vẫn còn chiếm tỷ_lệ lớn nhất , với hơn 80 % tổng diện_tích nhà ở xây_dựng mới , điều này minh_chứng cho việc tăng_trưởng mạnh_mẽ của thị_trường sơn trang_trí & vật_liệu xây_dựng trong thời_gian qua là điều tất_yếu , đặc_biệt với sản_phẩm sơn tường , người tiêu_dùng thường sẽ chọn nhãn_hiệu thông_qua quảng_cáo trước khi đến cửa_hàng hoặc được tư_vấn bởi nhà_thầu & thợ sơn để chọn được loại sơn có giá_cả phù_hợp , chất_lượng cho ngôi nhà của mình . Bên cạnh đó , việc bảo_vệ sức_khoẻ luôn được đặt lên hàng_đầu nên những loại sơn có thêm tính_năng kháng khuẩn , chống bám bụi ngày_càng được ưa_chuộng trong các công_trình xây_dựng dân_dụng , đặc_biệt là các dự_án căn_hộ .",True,1.0,0,1.0,0
17789,4806,file_docx,ok,,0.37267080745341613,0.2125,0.2484472049689441,0.0,0.15126924677486475,0.023255813953488413,4806,22,0.01987410000000267,0.0031903999999940424,"Nhìn tổng_thể , khu_vực nhà dân tự xây_dựng hiện_nay vẫn còn chiếm tỷ_lệ lớn nhất , với hơn 80 % tổng diện_tích nhà ở xây_dựng mới , điều này minh_chứng cho việc tăng_trưởng mạnh_mẽ của thị_trường sơn trang_trí & vật_liệu xây_dựng trong thời_gian qua là điều tất_yếu , đặc_biệt với sản_phẩm sơn tường , người tiêu_dùng thường sẽ chọn nhãn_hiệu thông_qua quảng_cáo trước khi đến cửa_hàng hoặc được tư_vấn bởi nhà_thầu & thợ sơn để chọn được loại sơn có giá_cả phù_hợp , chất_lượng cho ngôi nhà của mình . Bên cạnh đó , việc bảo_vệ sức_khoẻ luôn được đặt lên hàng_đầu nên những loại sơn có thêm tính_năng kháng khuẩn , chống bám bụi ngày_càng được ưa_chuộng trong các công_trình xây_dựng dân_dụng , đặc_biệt là các dự_án căn_hộ .",True,1.0,0,1.0,0
17789,4806,file_pdf,ok,,0.5299999999999999,0.25252525252525254,0.29,0.041552795031055884,0.07506758161779996,0.03389830508474578,4809,116,0.01723870000000005,0.03984149999999431,"luôn ???c ??t lên hàng_??u nên nh?ng lo?i s?n có thêm tính_n?ng kháng
khu?n , ch?ng bám b?i ngày_càng ???c ?a_chu?ng trong các công_trình xây_d?ng dân_d?ng , ??c_bi?t là các
d?_án c?n_h? Trên th?_tr??ng hàng_lo?t các th??ng_hi?u s?n v?i r?t nhi?u tính_n?ng ???c gi?i_thi?u nên vi?c
ch?n_l?a lo?i s?n phù_h?p nh?t c?ng là ?i?u mà r?t nhi?u khách_hàng b?n_kho?n .",False,1.0006242197253432,94,1.0,0
17033,1544,text_baseline,ok,,0.6388888888888888,0.15492957746478872,0.3055555555555555,0.0,0.133419689119171,0.02631578947368418,1544,13,0.00011980000000022528,0.0012287000000057446,Sau khi nhắc_nhở nhưng nhóm người này không hợp_tác nên thiếu_uý Huy đến tắt loa nhạc thì bị Trần_Văn_Hải - trú phường Nại_Hiên_Đông - dùng ghế đánh vào đầu . dùng chân đá liên_tiếp vào người thiếu_uý Huy .,True,1.0,0,1.0,0
17033,1544,file_txt,ok,,0.6388888888888888,0.15492957746478872,0.3055555555555555,0.0,0.133419689119171,0.02631578947368418,1544,13,0.001609399999999539,0.0008532000000016637,Sau khi nhắc_nhở nhưng nhóm người này không hợp_tác nên thiếu_uý Huy đến tắt loa nhạc thì bị Trần_Văn_Hải - trú phường Nại_Hiên_Đông - dùng ghế đánh vào đầu . dùng chân đá liên_tiếp vào người thiếu_uý Huy .,True,1.0,0,1.0,0
17033,1544,file_docx,ok,,0.6388888888888888,0.15492957746478872,0.3055555555555555,0.0,0.133419689119171,0.02631578947368418,1544,13,0.019428600000004792,0.0008455999999981145,Sau khi nhắc_nhở nhưng nhóm người này không hợp_tác nên thiếu_uý Huy đến tắt loa nhạc thì bị Trần_Văn_Hải - trú phường Nại_Hiên_Đông - dùng ghế đánh vào đầu . dùng chân đá liên_tiếp vào người thiếu_uý Huy .,True,1.0,0,1.0,0
17033,1544,file_pdf,ok,,0.5454545454545454,0.18487394957983191,0.31404958677685946,0.008494031221303933,0.08419689119170984,0.0,1544,35,0.010561500000001445,0.004407300000004,"T?i hi?n_tr??ng có kho?ng 20 ng??i ?ang t?_ch?c ?n_u?ng và
dùng loa ?? tu?n_tra cùng ng??i_dân vào c?n ng?n nh?ng L?c v?n dùng gh?",False,1.0,22,1.0,0
1744,2092,text_baseline,ok,,0.5625,0.3191489361702128,0.37499999999999994,0.0,0.0788718929254302,0.09090909090909094,2092,18,0.0001411000000004492,0.001469299999996565,"Vượt qua nhiều ứng_cử_viên sáng_giá , Duy_Cường trở_thành Quán quân mùa 3 chương_trình Thần_tượng Bolero . Duy_Cường đăng_quang chương_trình Thần_tượng Bolero 2018 .",True,1.0,0,1.0,0
1744,2092,file_txt,ok,,0.5625,0.3191489361702128,0.37499999999999994,0.0,0.0788718929254302,0.09090909090909094,2092,18,0.0020351000000005115,0.0015929999999997335,"Vượt qua nhiều ứng_cử_viên sáng_giá , Duy_Cường trở_thành Quán quân mùa 3 chương_trình Thần_tượng Bolero . Duy_Cường đăng_quang chương_trình Thần_tượng Bolero 2018 .",True,1.0,0,1.0,0
1744,2092,file_docx,ok,,0.5625,0.3191489361702128,0.37499999999999994,0.0,0.0788718929254302,0.09090909090909094,2092,18,0.018674999999994668,0.0014529999999979282,"Vượt qua nhiều ứng_cử_viên sáng_giá , Duy_Cường trở_thành Quán quân mùa 3 chương_trình Thần_tượng Bolero . Duy_Cường đăng_quang chương_trình Thần_tượng Bolero 2018 .",True,1.0,0,1.0,0
1744,2092,file_pdf,ok,,0.6055045871559632,0.3177570093457944,0.3669724770642202,-0.00802752293577974,0.09321223709369025,0.0714285714285714,2092,41,0.008547899999996389,0.00520490000000251,"V??t qua nhi?u ?ng_c?_viên sáng_giá ,
Duy_C??ng tr?_thành Quán quân mùa 3 ch??ng_trình Th?n_t??ng Bolero . Top 4 thí_sinh xu?t_s?c c?a ch??ng_trình Th?n_t??ng Bolero có_m?t trong vòng Chung_k?t .",False,1.0,23,1.0,0
15297,2162,text_baseline,ok,,0.5970149253731343,0.21804511278195488,0.3358208955223881,0.0,0.24699352451433856,0.0714285714285714,2162,11,0.0001448000000010552,0.0007665999999986184,"Trước sự_việc việc nghiêm_trọng này , văn_phòng UBND huyện Phú_Xuyên đã có báo_cáo xin ý_kiến lãnh_đạo uỷ_ban huyện đồng_thời , bàn_giao hiện_trường cho công_an Thị_trấn Phú_Xuyên bảo_vệ nguyên hiện_trạng . Thông_tin tới PV báo Người Đưa_Tin , ông Trương_Đại_Dương - Chánh_văn_phòng UBND huyện Phú_Xuyên cho_biết : "" Ngay sau khi nhận được thông_tin phản_ánh , thực_hiện ý_kiến chỉ_đạo của lãnh_đạo UBND huyện , văn_phòng UBND huyện đã cùng với tổ bảo_vệ và cơ_quan công_an lập tổ kiểm_tra , lập biên_bản làm_việc báo_cáo lãnh_đạo "" .",True,1.0,0,1.0,0
15297,2162,file_txt,ok,,0.5970149253731343,0.21804511278195488,0.3358208955223881,0.0,0.24699352451433856,0.0714285714285714,2162,11,0.0021454000000034057,0.0008897000000018807,"Trước sự_việc việc nghiêm_trọng này , văn_phòng UBND huyện Phú_Xuyên đã có báo_cáo xin ý_kiến lãnh_đạo uỷ_ban huyện đồng_thời , bàn_giao hiện_trường cho công_an Thị_trấn Phú_Xuyên bảo_vệ nguyên hiện_trạng . Thông_tin tới PV báo Người Đưa_Tin , ông Trương_Đại_Dương - Chánh_văn_phòng UBND huyện Phú_Xuyên cho_biết : "" Ngay sau khi nhận được thông_tin phản_ánh , thực_hiện ý_kiến chỉ_đạo của lãnh_đạo UBND huyện , văn_phòng UBND huyện đã cùng với tổ bảo_vệ và cơ_quan công_an lập tổ kiểm_tra , lập biên_bản làm_việc báo_cáo lãnh_đạo "" .",True,1.0,0,1.0,0
15297,2162,file_docx,ok,,0.5970149253731343,0.21804511278195488,0.3358208955223881,0.0,0.24699352451433856,0.0714285714285714,2162,11,0.019164600000003418,0.0008820999999983314,"Trước sự_việc việc nghiêm_trọng này , văn_phòng UBND huyện Phú_Xuyên đã có báo_cáo xin ý_kiến lãnh_đạo uỷ_ban huyện đồng_thời , bàn_giao hiện_trường cho công_an Thị_trấn Phú_Xuyên bảo_vệ nguyên hiện_trạng . Thông_tin tới PV báo Người Đưa_Tin , ông Trương_Đại_Dương - Chánh_văn_phòng UBND huyện Phú_Xuyên cho_biết : "" Ngay sau khi nhận được thông_tin phản_ánh , thực_hiện ý_kiến chỉ_đạo của lãnh_đạo UBND huyện , văn_phòng UBND huyện đã cùng với tổ bảo_vệ và cơ_quan công_an lập tổ kiểm_tra , lập biên_bản làm_việc báo_cáo lãnh_đạo "" .",True,1.0,0,1.0,0
15297,2162,file_pdf,ok,,0.6434782608695653,0.24561403508771923,0.3739130434782609,0.03809214795587279,0.1975023126734505,0.09090909090909094,2162,43,0.008740799999998217,0.005302300000003868,"Tr??c s?_vi?c vi?c
nghiêm_tr?ng này , v?n_phòng UBND huy?n Phú_Xuyên ?ã có báo_cáo xin ý_ki?n lãnh_??o u?_ban huy?n
??ng_th?i , bàn_giao hi?n_tr??ng cho công_an Th?_tr?n Phú_Xuyên b?o_v? Thông_tin t?i PV báo Ng??i ??a_Tin , ông Tr??ng_??i_D??ng -
Chánh_v?n_phòng UBND huy?n Phú_Xuyên cho_bi?t : "" Ngay sau khi nh?n ???c thông_tin ph?n_ánh ,
th?c_hi?n ý_ki?n ch?_??o c?a lãnh_??o UBND huy?n , v?n_phòng UBND huy?n ?ã cùng v?i t?",False,1.0,32,1.0,0
20805,3756,text_baseline,ok,,0.3295019157088123,0.1776061776061776,0.2528735632183908,0.0,0.1679978700745474,0.07777777777777772,3756,27,0.00023219999999923857,0.0035095999999938954,"Ông Hoàng_Gia_Khánh , Giám_đốc Công_ty_cổ_phần Đường_sắt Thanh_Hoá bị cảnh_cáo và ông Lê_Minh_Tuấn , Chủ_tịch Hội_đồng_quản_trị Công_ty_cổ_phần Đường_sắt Thanh_Hoá bị khiển_trách . Với vụ tai_nạn đầu_máy D 18 E -602 kéo 27 xe bị trật bánh tại ga Yên_Xuân ( Nghệ_An ) ngày 26/5 , Công_ty_cổ_phần Vận_tải đường_sắt Hà_Nội kỷ_luật khiển_trách , kéo_dài thời_hạn nâng lương đối_với hàng_loạt cán_bộ công_nhân_viên đồng_thời phê_bình và hạ chất_lượng công_tác đối_với các ông Trần_Quốc_Toản , Phó Giám_đốc Phụ_trách khối sửa_chữa cơ_khí Chi_nhánh Toa_xe Vinh , Đỗ_Văn_Quang , Phó giám_đốc Phụ_trách khối vận_dụng Chi_nhánh Toa_xe Vinh .",True,1.0,0,1.0,0
20805,3756,file_txt,ok,,0.3295019157088123,0.1776061776061776,0.2528735632183908,0.0,0.1679978700745474,0.07777777777777772,3756,27,0.0035205000000004816,0.003395099999998763,"Ông Hoàng_Gia_Khánh , Giám_đốc Công_ty_cổ_phần Đường_sắt Thanh_Hoá bị cảnh_cáo và ông Lê_Minh_Tuấn , Chủ_tịch Hội_đồng_quản_trị Công_ty_cổ_phần Đường_sắt Thanh_Hoá bị khiển_trách . Với vụ tai_nạn đầu_máy D 18 E -602 kéo 27 xe bị trật bánh tại ga Yên_Xuân ( Nghệ_An ) ngày 26/5 , Công_ty_cổ_phần Vận_tải đường_sắt Hà_Nội kỷ_luật khiển_trách , kéo_dài thời_hạn nâng lương đối_với hàng_loạt cán_bộ công_nhân_viên đồng_thời phê_bình và hạ chất_lượng công_tác đối_với các ông Trần_Quốc_Toản , Phó Giám_đốc Phụ_trách khối sửa_chữa cơ_khí Chi_nhánh Toa_xe Vinh , Đỗ_Văn_Quang , Phó giám_đốc Phụ_trách khối vận_dụng Chi_nhánh Toa_xe Vinh .",True,1.0,0,1.0,0
20805,3756,file_docx,ok,,0.3295019157088123,0.1776061776061776,0.2528735632183908,0.0,0.1679978700745474,0.07777777777777772,3756,27,0.019449399999999173,0.0035668000000015354,"Ông Hoàng_Gia_Khánh , Giám_đốc Công_ty_cổ_phần Đường_sắt Thanh_Hoá bị cảnh_cáo và ông Lê_Minh_Tuấn , Chủ_tịch Hội_đồng_quản_trị Công_ty_cổ_phần Đường_sắt Thanh_Hoá bị khiển_trách . Với vụ tai_nạn đầu_máy D 18 E -602 kéo 27 xe bị trật bánh tại ga Yên_Xuân ( Nghệ_An ) ngày 26/5 , Công_ty_cổ_phần Vận_tải đường_sắt Hà_Nội kỷ_luật khiển_trách , kéo_dài thời_hạn nâng lương đối_với hàng_loạt cán_bộ công_nhân_viên đồng_thời phê_bình và hạ chất_lượng công_tác đối_với các ông Trần_Quốc_Toản , Phó Giám_đốc Phụ_trách khối sửa_chữa cơ_khí Chi_nhánh Toa_xe Vinh , Đỗ_Văn_Quang , Phó giám_đốc Phụ_trách khối vận_dụng Chi_nhánh Toa_xe Vinh .",True,1.0,0,1.0,0
20805,3756,file_pdf,ok,,0.4102564102564103,0.17616580310880828,0.26666666666666666,0.01379310344827589,0.1146886641830761,0.015873015873015928,3758,74,0.011849300000001506,0.016725400000005664,"tai_n?n gi?a tàu SE19 và ôtô t?i
ngày 24/5 t?i Thanh_Hoá , Công_ty_c?_ph?n ???ng_s?t Thanh_Hoá ?ã khi?n_trách ông Nguy?n_V?n_Minh ,
Phó giám_??c công_ty và cách_ch?c Cung_tr??ng cung ch?n Hoàng_Mai v?i ông Lê_Nhân_B?o , cách_ch?c
??i_tr??ng ??i qu?n_lý ???ng_s?t s? tr?t bánh t?i ga Yên_Xuân
( Ngh?_An ) ngày 26/5 , Công_ty_c?_ph?n V?n_t?i ???ng_s?t Hà_N?i k?_lu?t khi?n_trách , kéo_dài th?i_h?n
nâng l??ng ??i_v?i hàng_lo?t cán_b?",False,1.0005324813631522,47,1.0,0
2439,1395,text_baseline,ok,,0.6363636363636364,0.28735632183908044,0.4090909090909091,0.0,0.24014336917562723,0.07407407407407407,1395,13,0.00014540000000096143,0.0008932000000001494,"Ông Huỳnh_Vĩnh_Lạc , Chánh_văn_phòng UBND tỉnh kiêm Giám_đốc TTHCC cho biết , từ ngày 15-7 trung_tâm đã vận_hành thử_nghiệm , tiếp_nhận xử_lý các thủ_tục hành_chính . Qua hơn 2 tuần hoạt_động thử_nghiệm , trung_tâm đã giải_quyết kịp_thời , không để ùn_tắc các hồ_sơ , hỗ_trợ tốt cho tổ_chức , cá_nhân đến thực_hiện thủ_tục hành_chính .",True,1.0,0,1.0,0
2439,1395,file_txt,ok,,0.6363636363636364,0.28735632183908044,0.4090909090909091,0.0,0.24014336917562723,0.07407407407407407,1395,13,0.0016323000000042498,0.0007653999999988059,"Ông Huỳnh_Vĩnh_Lạc , Chánh_văn_phòng UBND tỉnh kiêm Giám_đốc TTHCC cho biết , từ ngày 15-7 trung_tâm đã vận_hành thử_nghiệm , tiếp_nhận xử_lý các thủ_tục hành_chính . Qua hơn 2 tuần hoạt_động thử_nghiệm , trung_tâm đã giải_quyết kịp_thời , không để ùn_tắc các hồ_sơ , hỗ_trợ tốt cho tổ_chức , cá_nhân đến thực_hiện thủ_tục hành_chính .",True,1.0,0,1.0,0
2439,1395,file_docx,ok,,0.6363636363636364,0.28735632183908044,0.4090909090909091,0.0,0.24014336917562723,0.07407407407407407,1395,13,0.018688699999998448,0.0007748000000020738,"Ông Huỳnh_Vĩnh_Lạc , Chánh_văn_phòng UBND tỉnh kiêm Giám_đốc TTHCC cho biết , từ ngày 15-7 trung_tâm đã vận_hành thử_nghiệm , tiếp_nhận xử_lý các thủ_tục hành_chính . Qua hơn 2 tuần hoạt_động thử_nghiệm , trung_tâm đã giải_quyết kịp_thời , không để ùn_tắc các hồ_sơ , hỗ_trợ tốt cho tổ_chức , cá_nhân đến thực_hiện thủ_tục hành_chính .",True,1.0,0,1.0,0
2439,1395,file_pdf,ok,,0.6605504587155963,0.29906542056074764,0.4036697247706422,-0.005421184320266892,0.0939068100358423,0.0,1395,35,0.010342099999995469,0.0037707000000040125,"t?t cho t?_ch?c , cá_nhân
??n th?c_hi?n th?_t?c hành_chính . C?t b?ng chính_th?c
khai_tr??ng TTHCC t?nh Kiên_Giang - ?nh : T H.H?NH",False,1.0,22,1.0,0
16537,4686,text_baseline,ok,,0.5889570552147239,0.13664596273291926,0.33128834355828224,0.0,0.06017925736235595,0.0,4686,39,0.0003162000000003218,0.006989400000001922,"Quyết_định nhìn_nhận nhà của bà đã được lập văn khế đoạn mãi cho ông Lê_Tuyên và từ khi ông Tuyên chết , vợ_chồng bà Cháu tiếp_tục ở đến khi Nhà_nước có quản_lý . Bà Cháu là con liệt_sĩ và cháu nội bà mẹ VN anh_hùng , hiện không có nhà ở nên cần có chính_sách hỗ_trợ theo quy_định .",True,1.0,0,1.0,0
16537,4686,file_txt,ok,,0.5889570552147239,0.13664596273291926,0.33128834355828224,0.0,0.06017925736235595,0.0,4686,39,0.004067299999995555,0.006395300000001214,"Quyết_định nhìn_nhận nhà của bà đã được lập văn khế đoạn mãi cho ông Lê_Tuyên và từ khi ông Tuyên chết , vợ_chồng bà Cháu tiếp_tục ở đến khi Nhà_nước có quản_lý . Bà Cháu là con liệt_sĩ và cháu nội bà mẹ VN anh_hùng , hiện không có nhà ở nên cần có chính_sách hỗ_trợ theo quy_định .",True,1.0,0,1.0,0
16537,4686,file_docx,ok,,0.5889570552147239,0.13664596273291926,0.33128834355828224,0.0,0.06017925736235595,0.0,4686,39,0.019905299999997794,0.006253900000004364,"Quyết_định nhìn_nhận nhà của bà đã được lập văn khế đoạn mãi cho ông Lê_Tuyên và từ khi ông Tuyên chết , vợ_chồng bà Cháu tiếp_tục ở đến khi Nhà_nước có quản_lý . Bà Cháu là con liệt_sĩ và cháu nội bà mẹ VN anh_hùng , hiện không có nhà ở nên cần có chính_sách hỗ_trợ theo quy_định .",True,1.0,0,1.0,0
16537,4686,file_pdf,ok,,0.5827814569536425,0.12080536912751677,0.29139072847682124,-0.039897615081461,0.05162116040955631,0.0,4688,133,0.011108100000001286,0.043977200000000494,"??n n?m 1972 , v?_ch?ng ông Tuyên ch?t vì tai_n?n giao_thông , bà Cháu
ti?p_t?c sinh_s?ng t?i c?n nhà này . th?c_hi?n d?_án ???c c?p có th?m_quy?n phê_duy?t thì xem_xét , b?_trí cho bà thuê , mua ngôi nhà khác
thu?c s?_h?u nhà_n??c t?i TP Hu?",False,1.0004268032437047,94,0.9990121830754034,0
3330,1989,text_baseline,ok,,0.5229357798165137,0.2037037037037037,0.3211009174311927,0.0,0.2197083961789844,0.014084507042253502,1989,11,0.00014000000000180535,0.0008590999999995574,"Đang tạm dừng dự_án để xem_xét toàn_diện Trao_đổi với Tuổi_Trẻ Online , ông Hồ_Quốc_Dũng - chủ_tịch UBND tỉnh Bình_Định - cho_biết cụm công_nghiệp làng_nghề thuỷ_sản Mỹ_An đã được tỉnh phê_duyệt quy_hoạch từ lâu , nằm cách xa các khu dân_cư và việc cho_phép doanh_nghiệp chế_biến thuỷ_sản vào cụm này là phù_hợp . Người_dân ngồi dàn ngang trên quốc_lộ 1 để phản_đối dự_án chế_biến thuỷ_sản vì lo_ngại ô_nhiễm môi_trường - Ảnh : NGUYỄN_AN",True,1.0,0,1.0,0
3330,1989,file_txt,ok,,0.5229357798165137,0.2037037037037037,0.3211009174311927,0.0,0.2197083961789844,0.014084507042253502,1989,11,0.00184279999999859,0.0008337000000011585,"Đang tạm dừng dự_án để xem_xét toàn_diện Trao_đổi với Tuổi_Trẻ Online , ông Hồ_Quốc_Dũng - chủ_tịch UBND tỉnh Bình_Định - cho_biết cụm công_nghiệp làng_nghề thuỷ_sản Mỹ_An đã được tỉnh phê_duyệt quy_hoạch từ lâu , nằm cách xa các khu dân_cư và việc cho_phép doanh_nghiệp chế_biến thuỷ_sản vào cụm này là phù_hợp . Người_dân ngồi dàn ngang trên quốc_lộ 1 để phản_đối dự_án chế_biến thuỷ_sản vì lo_ngại ô_nhiễm môi_trường - Ảnh : NGUYỄN_AN",True,1.0,0,1.0,0
3330,1989,file_docx,ok,,0.5229357798165137,0.2037037037037037,0.3211009174311927,0.0,0.2197083961789844,0.014084507042253502,1989,11,0.01987039999999496,0.000990600000001507,"Đang tạm dừng dự_án để xem_xét toàn_diện Trao_đổi với Tuổi_Trẻ Online , ông Hồ_Quốc_Dũng - chủ_tịch UBND tỉnh Bình_Định - cho_biết cụm công_nghiệp làng_nghề thuỷ_sản Mỹ_An đã được tỉnh phê_duyệt quy_hoạch từ lâu , nằm cách xa các khu dân_cư và việc cho_phép doanh_nghiệp chế_biến thuỷ_sản vào cụm này là phù_hợp . Người_dân ngồi dàn ngang trên quốc_lộ 1 để phản_đối dự_án chế_biến thuỷ_sản vì lo_ngại ô_nhiễm môi_trường - Ảnh : NGUYỄN_AN",True,1.0,0,1.0,0
3330,1989,file_pdf,ok,,0.596026490066225,0.22818791946308725,0.304635761589404,-0.016465155841788703,0.1111111111111111,0.0,1989,47,0.008857499999997742,0.006964299999999923,"huy?n ph?i ký cam_?oan d?ng d?_án ch?_bi?n thu?_s?n c?a m?t
doanh_nghi?p v?a ???c cho thuê ??t ?? san m?t_b?ng , d?_án ch?a tri?n_khai gì , nh?ng ng??i_dân v?n ti?p_t?c ph?n_?ng
quy?t_li?t và yêu_c?u ph?i d?ng h?n d?_án .",False,1.0,36,1.0,0
12095,1579,text_baseline,ok,,0.46616541353383456,0.25954198473282447,0.39097744360902253,0.0,0.16402786573780875,0.26530612244897955,1579,13,0.0001238999999984003,0.000804899999998554,Tiêm_kích hạm MiG -29 K bốc_cháy ở ngoài đường_băng Một tiêm kích hạm MiG -29 K của hải_quân Ấn_Độ hôm 3/1 lao khỏi đường_băng trong lúc cất_cánh và bốc_cháy . Tử_Quỳnh Tiêm_kích hạm MiG -29 K bốc_cháy ở ngoài đường_băng Chiếc MiG -29 K sau khi được dập lửa .,True,1.0,0,1.0,0
12095,1579,file_txt,ok,,0.46616541353383456,0.25954198473282447,0.39097744360902253,0.0,0.16402786573780875,0.26530612244897955,1579,13,0.001681699999998898,0.0008775000000014188,Tiêm_kích hạm MiG -29 K bốc_cháy ở ngoài đường_băng Một tiêm kích hạm MiG -29 K của hải_quân Ấn_Độ hôm 3/1 lao khỏi đường_băng trong lúc cất_cánh và bốc_cháy . Tử_Quỳnh Tiêm_kích hạm MiG -29 K bốc_cháy ở ngoài đường_băng Chiếc MiG -29 K sau khi được dập lửa .,True,1.0,0,1.0,0
12095,1579,file_docx,ok,,0.46616541353383456,0.25954198473282447,0.39097744360902253,0.0,0.16402786573780875,0.26530612244897955,1579,13,0.019418900000005124,0.001173099999995486,Tiêm_kích hạm MiG -29 K bốc_cháy ở ngoài đường_băng Một tiêm kích hạm MiG -29 K của hải_quân Ấn_Độ hôm 3/1 lao khỏi đường_băng trong lúc cất_cánh và bốc_cháy . Tử_Quỳnh Tiêm_kích hạm MiG -29 K bốc_cháy ở ngoài đường_băng Chiếc MiG -29 K sau khi được dập lửa .,True,1.0,0,1.0,0
12095,1579,file_pdf,ok,,0.5116279069767442,0.2857142857142857,0.4418604651162791,0.05088302150725654,0.0785307156428119,0.0,1579,41,0.011170800000002146,0.004901099999997882,ngoài ???ng_b?ng M?t tiêm kích h?m MiG -29 K c?a h?i_quân ?n_?? phát_hi?n trên radar và c?m_bi?n h?ng_ngo?i c?a ??i_ph??ng .,False,1.0,28,1.0,0
18544,2169,text_baseline,ok,,0.40191387559808617,0.2608695652173913,0.28708133971291866,0.0,0.2157676348547718,0.013333333333333308,2169,12,0.00022260000000073887,0.001237700000004338,"Ông Nguyễn_Văn_Lưu , cựu vụ trưởng Vụ Tổ_chức cán_bộ thuộc Tổng_cục Du_lịch , cũng cho_rằng để du_lịch thực_sự trở_thành ngành kinh_tế mũi_nhọn , Tổng_cục Du_lịch cần cơ_cấu thành Bộ Du_lịch với các vụ chức_năng chuyên_sâu hơn . Để tăng tính cạnh_tranh của du_lịch Việt_Nam , nhiều chuyên_gia đề_xuất cần mở_rộng chính_sách miễn visa du_lịch cho công_dân các nước , thành_lập Quỹ phát_triển du_lịch theo mô_hình hợp_tác công - tư , tăng chi_tiêu cho quảng_bá du_lịch .",True,1.0,0,1.0,0
18544,2169,file_txt,ok,,0.40191387559808617,0.2608695652173913,0.28708133971291866,0.0,0.2157676348547718,0.013333333333333308,2169,12,0.0019401999999999475,0.0009014000000036049,"Ông Nguyễn_Văn_Lưu , cựu vụ trưởng Vụ Tổ_chức cán_bộ thuộc Tổng_cục Du_lịch , cũng cho_rằng để du_lịch thực_sự trở_thành ngành kinh_tế mũi_nhọn , Tổng_cục Du_lịch cần cơ_cấu thành Bộ Du_lịch với các vụ chức_năng chuyên_sâu hơn . Để tăng tính cạnh_tranh của du_lịch Việt_Nam , nhiều chuyên_gia đề_xuất cần mở_rộng chính_sách miễn visa du_lịch cho công_dân các nước , thành_lập Quỹ phát_triển du_lịch theo mô_hình hợp_tác công - tư , tăng chi_tiêu cho quảng_bá du_lịch .",True,1.0,0,1.0,0
18544,2169,file_docx,ok,,0.40191387559808617,0.2608695652173913,0.28708133971291866,0.0,0.2157676348547718,0.013333333333333308,2169,12,0.019660100000002956,0.0009265999999996666,"Ông Nguyễn_Văn_Lưu , cựu vụ trưởng Vụ Tổ_chức cán_bộ thuộc Tổng_cục Du_lịch , cũng cho_rằng để du_lịch thực_sự trở_thành ngành kinh_tế mũi_nhọn , Tổng_cục Du_lịch cần cơ_cấu thành Bộ Du_lịch với các vụ chức_năng chuyên_sâu hơn . Để tăng tính cạnh_tranh của du_lịch Việt_Nam , nhiều chuyên_gia đề_xuất cần mở_rộng chính_sách miễn visa du_lịch cho công_dân các nước , thành_lập Quỹ phát_triển du_lịch theo mô_hình hợp_tác công - tư , tăng chi_tiêu cho quảng_bá du_lịch .",True,1.0,0,1.0,0
18544,2169,file_pdf,ok,,0.6434782608695652,0.3185840707964602,0.33043478260869563,0.04335344289577697,0.08990318118948824,0.0,2169,65,0.008534399999994946,0.011385799999999335,"m?i_nh?n , T?ng_c?c Du_l?ch c?n c?_c?u thành B? t?ng tính c?nh_tranh c?a du_l?ch Vi?t_Nam
, nhi?u chuyên_gia ??_xu?t c?n m?_r?ng chính_sách mi?n visa du_l?ch cho công_dân các n??c , thành_l?p
Qu?",False,1.0,53,1.0,0
10814,1289,text_baseline,ok,,0.4528301886792453,0.17834394904458598,0.289308176100629,0.0,0.3118696664080683,0.0,1289,12,0.00010029999999972006,0.0008294000000006463,"Tác_phẩm "" Gương_mặt của Tiền "" thể_hiện chân_dung Tổng_thống Mỹ Donald_Trump với khả_năng biểu_đạt những sắc_thái tự_hào , ngây_thơ , giận_dữ hay vui_nhộn dưới những điều_kiện ánh_sáng khác nhau được hai nghệ_sĩ người Ukraine_Daria_Marchenko và Daniel_D._Green giới_thiệu tại một trường công ở New_York ngày 31/1 , theo Reuters . Đó có_thể là các tổng_thống hay những người có thanh_danh và phẩm_giá .",True,1.0,0,1.0,0
10814,1289,file_txt,ok,,0.4528301886792453,0.17834394904458598,0.289308176100629,0.0,0.3118696664080683,0.0,1289,12,0.0014167000000000485,0.0007517000000021312,"Tác_phẩm "" Gương_mặt của Tiền "" thể_hiện chân_dung Tổng_thống Mỹ Donald_Trump với khả_năng biểu_đạt những sắc_thái tự_hào , ngây_thơ , giận_dữ hay vui_nhộn dưới những điều_kiện ánh_sáng khác nhau được hai nghệ_sĩ người Ukraine_Daria_Marchenko và Daniel_D._Green giới_thiệu tại một trường công ở New_York ngày 31/1 , theo Reuters . Đó có_thể là các tổng_thống hay những người có thanh_danh và phẩm_giá .",True,1.0,0,1.0,0
10814,1289,file_docx,ok,,0.4528301886792453,0.17834394904458598,0.289308176100629,0.0,0.3118696664080683,0.0,1289,12,0.01976319999999987,0.0007258000000049947,"Tác_phẩm "" Gương_mặt của Tiền "" thể_hiện chân_dung Tổng_thống Mỹ Donald_Trump với khả_năng biểu_đạt những sắc_thái tự_hào , ngây_thơ , giận_dữ hay vui_nhộn dưới những điều_kiện ánh_sáng khác nhau được hai nghệ_sĩ người Ukraine_Daria_Marchenko và Daniel_D._Green giới_thiệu tại một trường công ở New_York ngày 31/1 , theo Reuters . Đó có_thể là các tổng_thống hay những người có thanh_danh và phẩm_giá .",True,1.0,0,1.0,0
10814,1289,file_pdf,ok,,0.7142857142857142,0.21951219512195122,0.3571428571428571,0.06783468104222812,0.10240496508921644,0.0,1289,39,0.0108299000000045,0.005857699999999966,"Tác_ph?m "" G??ng_m?t c?a Ti?n
"" th?_hi?n chân_dung T?ng_th?ng M? Donald_Trump v?i kh?_n?ng bi?u_??t nh?ng s?c_thái t?_hào ,
ngây_th?",False,1.0,27,1.0,0
17255,4956,text_baseline,ok,,0.6666666666666667,0.32340425531914896,0.3881856540084388,0.0,0.08716707021791767,0.04109589041095896,4956,31,0.0002687000000065609,0.004782499999997469,"Nhưng ngoài việc phát_triển năng_lượng hạt_nhân , một vấn_đề nghiêm_trọng khác cũng làm "" đau_đầu "" nước Mỹ và các đồng_minh đó chính là khả_năng thực_hiện những vụ tấn_công mạng từ phía Triều_Tiên . Bên cạnh chương_trình hạt_nhân , những cuộc tấn_công mạng cũng chính là một thứ vũ_khí hữu_dụng mà Triều_Tiên đã sử_dụng một_cách hiệu_quả để đối_phó với phương Tây trong những năm gần đây và có_thể vẫn sẽ tiếp_tục trong tương_lai .",True,1.0,0,1.0,0
17255,4956,file_txt,ok,,0.6666666666666667,0.32340425531914896,0.3881856540084388,0.0,0.08716707021791767,0.04109589041095896,4956,31,0.0046165999999985274,0.004514199999995583,"Nhưng ngoài việc phát_triển năng_lượng hạt_nhân , một vấn_đề nghiêm_trọng khác cũng làm "" đau_đầu "" nước Mỹ và các đồng_minh đó chính là khả_năng thực_hiện những vụ tấn_công mạng từ phía Triều_Tiên . Bên cạnh chương_trình hạt_nhân , những cuộc tấn_công mạng cũng chính là một thứ vũ_khí hữu_dụng mà Triều_Tiên đã sử_dụng một_cách hiệu_quả để đối_phó với phương Tây trong những năm gần đây và có_thể vẫn sẽ tiếp_tục trong tương_lai .",True,1.0,0,1.0,0
17255,4956,file_docx,ok,,0.6666666666666667,0.32340425531914896,0.3881856540084388,0.0,0.08716707021791767,0.04109589041095896,4956,31,0.020060900000004267,0.004434400000000949,"Nhưng ngoài việc phát_triển năng_lượng hạt_nhân , một vấn_đề nghiêm_trọng khác cũng làm "" đau_đầu "" nước Mỹ và các đồng_minh đó chính là khả_năng thực_hiện những vụ tấn_công mạng từ phía Triều_Tiên . Bên cạnh chương_trình hạt_nhân , những cuộc tấn_công mạng cũng chính là một thứ vũ_khí hữu_dụng mà Triều_Tiên đã sử_dụng một_cách hiệu_quả để đối_phó với phương Tây trong những năm gần đây và có_thể vẫn sẽ tiếp_tục trong tương_lai .",True,1.0,0,1.0,0
17255,4956,file_pdf,ok,,0.6408839779005524,0.1787709497206704,0.2983425414364641,-0.08984311257197469,0.04858870967741936,0.0,4960,121,0.012946100000000627,0.03985850000000113,"t?n_công m?ng trên kh?p th?_gi?i v?i m?c_tiêu làm gián_?o?n h?_th?ng m?ng
c?a ph??ng Tây và hack ti?n ?i?n_t? M?c_dù tình_tr?ng th?t_nghi?p tr?m_tr?ng và
?i?u_ki?n s?ng c?a nhân_dân còn nhi?u khó_kh?n , Tri?u_Tiên v?n h?t_s?c quan_tâm ??u_t?",False,1.0008071025020178,90,0.9991158267020336,0
20839,2940,text_baseline,ok,,0.3880597014925373,0.33834586466165417,0.35820895522388063,0.0,0.22346938775510203,0.07843137254901966,2940,20,0.0001849000000007095,0.0019433000000006473,"Uỷ_ban Trung_ương MTTQ Việt_Nam có cuộc họp với các bộ , ngành , tổ_chức chính_trị - xã_hội về tiến_độ triển_khai thực_hiện chương_trình phối_hợp ( số 90 ) về an_toàn thực_phẩm . Để bảo_đảm cuộc vận_động an_toàn vệ_sinh thực_phẩm thành_công , từ nay đến cuối tháng 12/2016 , Uỷ_ban Trung_ương MTTQ Việt_Nam sẽ bàn , phối_hợp với Bộ Nông_nghiệp và Phát_triển nông_thôn , Liên_minh Hợp_tác_xã Việt_Nam xây_dựng cơ_sở_dữ_liệu , danh_sách những cơ_sở bảo_đảm an_toàn vệ_sinh thực_phẩm , có chứng_nhận an_toàn của Bộ Y_tế , Bộ Nông_nghiệp để cung_cấp cho người_dân , đồng_thời phải công_khai các cơ_sở vi_phạm về an_toàn thực_phẩm trên phương_tiện truyền_thông .",True,1.0,0,1.0,0
20839,2940,file_txt,ok,,0.3880597014925373,0.33834586466165417,0.35820895522388063,0.0,0.22346938775510203,0.07843137254901966,2940,20,0.0027541999999982636,0.002128400000003694,"Uỷ_ban Trung_ương MTTQ Việt_Nam có cuộc họp với các bộ , ngành , tổ_chức chính_trị - xã_hội về tiến_độ triển_khai thực_hiện chương_trình phối_hợp ( số 90 ) về an_toàn thực_phẩm . Để bảo_đảm cuộc vận_động an_toàn vệ_sinh thực_phẩm thành_công , từ nay đến cuối tháng 12/2016 , Uỷ_ban Trung_ương MTTQ Việt_Nam sẽ bàn , phối_hợp với Bộ Nông_nghiệp và Phát_triển nông_thôn , Liên_minh Hợp_tác_xã Việt_Nam xây_dựng cơ_sở_dữ_liệu , danh_sách những cơ_sở bảo_đảm an_toàn vệ_sinh thực_phẩm , có chứng_nhận an_toàn của Bộ Y_tế , Bộ Nông_nghiệp để cung_cấp cho người_dân , đồng_thời phải công_khai các cơ_sở vi_phạm về an_toàn thực_phẩm trên phương_tiện truyền_thông .",True,1.0,0,1.0,0
20839,2940,file_docx,ok,,0.3880597014925373,0.33834586466165417,0.35820895522388063,0.0,0.22346938775510203,0.07843137254901966,2940,20,0.022545599999993726,0.0022905000000008613,"Uỷ_ban Trung_ương MTTQ Việt_Nam có cuộc họp với các bộ , ngành , tổ_chức chính_trị - xã_hội về tiến_độ triển_khai thực_hiện chương_trình phối_hợp ( số 90 ) về an_toàn thực_phẩm . Để bảo_đảm cuộc vận_động an_toàn vệ_sinh thực_phẩm thành_công , từ nay đến cuối tháng 12/2016 , Uỷ_ban Trung_ương MTTQ Việt_Nam sẽ bàn , phối_hợp với Bộ Nông_nghiệp và Phát_triển nông_thôn , Liên_minh Hợp_tác_xã Việt_Nam xây_dựng cơ_sở_dữ_liệu , danh_sách những cơ_sở bảo_đảm an_toàn vệ_sinh thực_phẩm , có chứng_nhận an_toàn của Bộ Y_tế , Bộ Nông_nghiệp để cung_cấp cho người_dân , đồng_thời phải công_khai các cơ_sở vi_phạm về an_toàn thực_phẩm trên phương_tiện truyền_thông .",True,1.0,0,1.0,0
20839,2940,file_pdf,ok,,0.512,0.19512195121951217,0.272,-0.08620895522388061,0.07104010876954453,0.0,2942,73,0.009838000000002012,0.015805200000002628,"b?o_??m cu?c v?n_??ng an_toàn v?_sinh th?c_ph?m
thành_công , t? M?t trong nh?ng m?c_?ích c?a ch??ng_trình này là t?_ch?c v?n_??ng toàn
xã_h?i , nâng_cao nh?n_th?c , ý_th?c trách_nhi?m c?a m?i cá_nhân , t?ng h?",False,1.0006802721088435,53,0.9984480082772893,0
564,1281,text_baseline,ok,,0.40935672514619886,0.15384615384615385,0.2807017543859649,0.0,0.2685402029664325,0.1785714285714286,1281,14,0.00010179999999593292,0.0008420999999998457,"Ngày 1/9 , Công_an huyện Quỳ_Hợp đang phối_hợp với Công_an tỉnh Nghệ_An khám_nghiệm tử_thi , điều_tra nguyên_nhân một người đàn_ông tử_vong tại quốc_lộ 48D ( đoạn qua thị_trấn Quỳ_Hợp , huyện Quỳ_Hợp ) . Nhận được tin báo , Công_an huyện Quỳ_Hợp phối_hợp với Công_an tỉnh Nghệ_An đến khám_nghiệm tử_thi , phát thông_tin tìm danh_tính nạn_nhân .",True,1.0,0,1.0,0
564,1281,file_txt,ok,,0.40935672514619886,0.15384615384615385,0.2807017543859649,0.0,0.2685402029664325,0.1785714285714286,1281,14,0.0013071999999993977,0.0008171000000061213,"Ngày 1/9 , Công_an huyện Quỳ_Hợp đang phối_hợp với Công_an tỉnh Nghệ_An khám_nghiệm tử_thi , điều_tra nguyên_nhân một người đàn_ông tử_vong tại quốc_lộ 48D ( đoạn qua thị_trấn Quỳ_Hợp , huyện Quỳ_Hợp ) . Nhận được tin báo , Công_an huyện Quỳ_Hợp phối_hợp với Công_an tỉnh Nghệ_An đến khám_nghiệm tử_thi , phát thông_tin tìm danh_tính nạn_nhân .",True,1.0,0,1.0,0
564,1281,file_docx,ok,,0.40935672514619886,0.15384615384615385,0.2807017543859649,0.0,0.2685402029664325,0.1785714285714286,1281,14,0.019903899999995645,0.000851400000001945,"Ngày 1/9 , Công_an huyện Quỳ_Hợp đang phối_hợp với Công_an tỉnh Nghệ_An khám_nghiệm tử_thi , điều_tra nguyên_nhân một người đàn_ông tử_vong tại quốc_lộ 48D ( đoạn qua thị_trấn Quỳ_Hợp , huyện Quỳ_Hợp ) . Nhận được tin báo , Công_an huyện Quỳ_Hợp phối_hợp với Công_an tỉnh Nghệ_An đến khám_nghiệm tử_thi , phát thông_tin tìm danh_tính nạn_nhân .",True,1.0,0,1.0,0
564,1281,file_pdf,ok,,0.5147058823529411,0.208955223880597,0.3088235294117648,0.028121775025799878,0.1865729898516784,0.02631578947368418,1281,23,0.010244199999995374,0.0017982999999972549,"Tr??c ?ó , vào_kho?ng 14h ngày 31/8 , ng??i_dân th?_tr?n Qu?_H?p , huy?n Qu?_H?p phát_hi?n
thi_th? Nh?n ???c tin báo , Công_an huy?n Qu?_H?p ph?i_h?p v?i
Công_an t?nh Ngh?_An ??n khám_nghi?m t?_thi , phát thông_tin tìm danh_tính n?n_nhân .",False,1.0,9,1.0,0
9455,1394,text_baseline,ok,,0.4054054054054054,0.027777777777777776,0.29729729729729726,0.0,0.10329985652797705,0.33333333333333337,1394,10,0.00010249999999700776,0.0005172999999984995,Madeleine_Westerhout trong thời_gian làm_việc tại Nhà_Trắng . Mai_Lâm ( Theo AFP ) Madeleine_Westerhout trong thời_gian làm_việc tại Nhà_Trắng .,True,1.0,0,1.0,0
9455,1394,file_txt,ok,,0.4054054054054054,0.027777777777777776,0.29729729729729726,0.0,0.10329985652797705,0.33333333333333337,1394,10,0.0013278999999997154,0.0005372999999977424,Madeleine_Westerhout trong thời_gian làm_việc tại Nhà_Trắng . Mai_Lâm ( Theo AFP ) Madeleine_Westerhout trong thời_gian làm_việc tại Nhà_Trắng .,True,1.0,0,1.0,0
9455,1394,file_docx,ok,,0.4054054054054054,0.027777777777777776,0.29729729729729726,0.0,0.10329985652797705,0.33333333333333337,1394,10,0.02025059999999712,0.0006118000000014945,Madeleine_Westerhout trong thời_gian làm_việc tại Nhà_Trắng . Mai_Lâm ( Theo AFP ) Madeleine_Westerhout trong thời_gian làm_việc tại Nhà_Trắng .,True,1.0,0,1.0,0
9455,1394,file_pdf,ok,,0.38181818181818183,0.07407407407407407,0.23636363636363636,-0.0609336609336609,0.15208034433285508,0.0,1394,30,0.01090690000000194,0.0027480000000039695,"Nhà_Tr?ng v?i các phóng_viên trong m?t cu?c trao_??i thân_m?t khi ông
t?i bang New_Jersey công_tác g?n ?ây , các ngu?n_tin gi?u tên cho_bi?t . n?m 2017 ??n nay và ???c b?_nhi?m làm ng??i ?i?u_hành
các ho?t_??ng ?",False,1.0,20,1.0,0
5584,1369,text_baseline,ok,,0.660377358490566,0.09615384615384615,0.3584905660377358,0.0,0.11614317019722425,0.033333333333333326,1369,16,0.00011190000000027567,0.0010120000000028995,Tôi ước gì ông ta làm tốt . Tuy_nhiên những nhận_xét của ông Trump dành cho ông Mattis rất đáng lưu_tâm vì Tổng_thống trước đây thường hay ca_ngợi ông Mattis .,True,1.0,0,1.0,0
5584,1369,file_txt,ok,,0.660377358490566,0.09615384615384615,0.3584905660377358,0.0,0.11614317019722425,0.033333333333333326,1369,16,0.0013944000000023493,0.0011697999999995545,Tôi ước gì ông ta làm tốt . Tuy_nhiên những nhận_xét của ông Trump dành cho ông Mattis rất đáng lưu_tâm vì Tổng_thống trước đây thường hay ca_ngợi ông Mattis .,True,1.0,0,1.0,0
5584,1369,file_docx,ok,,0.660377358490566,0.09615384615384615,0.3584905660377358,0.0,0.11614317019722425,0.033333333333333326,1369,16,0.018577700000001585,0.0010489000000006854,Tôi ước gì ông ta làm tốt . Tuy_nhiên những nhận_xét của ông Trump dành cho ông Mattis rất đáng lưu_tâm vì Tổng_thống trước đây thường hay ca_ngợi ông Mattis .,True,1.0,0,1.0,0
5584,1369,file_pdf,ok,,0.6029411764705882,0.13432835820895522,0.338235294117647,-0.020255271920088802,0.1789627465303141,0.06818181818181823,1369,37,0.01142420000000044,0.0035079000000024507,"Thông_th??ng ông Trump hay ch?a m?i dùi vào các nhân_viên mà ông ?ã sa_th?i và ??a ra nh?ng
nh?n_xét không t?t v? Tuy_nhiên nh?ng nh?n_xét c?a ông Trump dành cho ông Mattis r?t ?áng l?u_tâm vì
T?ng_th?ng tr??c ?ây th??ng hay ca_ng?i ông Mattis .",False,1.0,21,1.0,0
21243,2132,text_baseline,ok,,0.5714285714285714,0.2718446601941748,0.380952380952381,0.0,0.0877110694183865,0.4814814814814815,2132,16,0.0001375000000010118,0.0011822000000023536,Hướng_dẫn_viên Việt_Nam và Trung_Quốc chụp ảnh tại đại_hội bị xác_định là tổ_chức trái_phép . Hướng_dẫn_viên Việt_Nam và Trung_Quốc chụp ảnh tại đại_hội bị xác_định là tổ_chức trái_phép .,True,1.0,0,1.0,0
21243,2132,file_txt,ok,,0.5714285714285714,0.2718446601941748,0.380952380952381,0.0,0.0877110694183865,0.4814814814814815,2132,16,0.0018874000000010938,0.0013311000000015838,Hướng_dẫn_viên Việt_Nam và Trung_Quốc chụp ảnh tại đại_hội bị xác_định là tổ_chức trái_phép . Hướng_dẫn_viên Việt_Nam và Trung_Quốc chụp ảnh tại đại_hội bị xác_định là tổ_chức trái_phép .,True,1.0,0,1.0,0
21243,2132,file_docx,ok,,0.5714285714285714,0.2718446601941748,0.380952380952381,0.0,0.0877110694183865,0.4814814814814815,2132,16,0.019577800000000423,0.0012211999999962586,Hướng_dẫn_viên Việt_Nam và Trung_Quốc chụp ảnh tại đại_hội bị xác_định là tổ_chức trái_phép . Hướng_dẫn_viên Việt_Nam và Trung_Quốc chụp ảnh tại đại_hội bị xác_định là tổ_chức trái_phép .,True,1.0,0,1.0,0
21243,2132,file_pdf,ok,,0.6545454545454545,0.38888888888888895,0.4727272727272727,0.09177489177489173,0.09380863039399624,0.0,2132,49,0.008845800000003123,0.010580900000000781,"vi?c hàng tr?m h??ng_d?n_viên Trung_Qu?c , Vi?t_Nam t?_ch?c ??i_h?i trái_phép
trên ??a_bàn . B?c_H?i ( Trung_Qu?c ) và h?n 50 ng??i Vi?t_Nam là h??ng_d?n_viên làm_vi?c cho Công_ty TNHH l?_hành
qu?c_t?",False,1.0,33,1.0,0
18822,3444,text_baseline,ok,,0.5671641791044776,0.16666666666666669,0.2835820895522388,0.0,0.08246225319396051,0.020408163265306145,3444,31,0.00021519999999952688,0.004240799999998046,"Trong quá_trình khôi_phục chế bức_tranh , người_ta đã phát_hiện một chữ_ký là Vincent mờ_nhạt trên bức_tranh , nhưng các chuyên_gia cho_rằng nó có_thể đã được một người khác không phải Van_Gogh thêm vào . Góc tranh được phục_chế trong bức tranh Cảnh biển tại Scheveningen - Ảnh : AP .",True,1.0,0,1.0,0
18822,3444,file_txt,ok,,0.5671641791044776,0.16666666666666669,0.2835820895522388,0.0,0.08246225319396051,0.020408163265306145,3444,31,0.003806600000004323,0.0038261000000048284,"Trong quá_trình khôi_phục chế bức_tranh , người_ta đã phát_hiện một chữ_ký là Vincent mờ_nhạt trên bức_tranh , nhưng các chuyên_gia cho_rằng nó có_thể đã được một người khác không phải Van_Gogh thêm vào . Góc tranh được phục_chế trong bức tranh Cảnh biển tại Scheveningen - Ảnh : AP .",True,1.0,0,1.0,0
18822,3444,file_docx,ok,,0.5671641791044776,0.16666666666666669,0.2835820895522388,0.0,0.08246225319396051,0.020408163265306145,3444,31,0.020044300000002124,0.004064299999996024,"Trong quá_trình khôi_phục chế bức_tranh , người_ta đã phát_hiện một chữ_ký là Vincent mờ_nhạt trên bức_tranh , nhưng các chuyên_gia cho_rằng nó có_thể đã được một người khác không phải Van_Gogh thêm vào . Góc tranh được phục_chế trong bức tranh Cảnh biển tại Scheveningen - Ảnh : AP .",True,1.0,0,1.0,0
18822,3444,file_pdf,ok,,0.6346153846153846,0.13725490196078433,0.2884615384615385,0.0048794489092996995,0.0481717933836332,0.0,3446,101,0.010884599999997135,0.028260600000002967,"Sau ?ó , h?n ??ng_ý bán b?c_tranh cho
m?t nhân_v?t quy?n_l?c trong th?_gi?i ng?m là Cor van Hout , ng??i b? Chúng
???c b?c trong v?i và gi?u trong m?t b?c t??ng kín .",False,1.0005807200929153,70,0.9985652797704447,0
16323,1343,text_baseline,ok,,0.6166666666666667,0.23728813559322032,0.3333333333333333,0.0,0.12583767684288905,0.0,1343,14,0.00011489999999980682,0.001002100000000894,"Sáng 22-3 , phòng giáo_dục TP Vũng_Tàu đã đến làm_việc với trường mầm_non H.H , nơi clip được ghi lại để xác_minh sự_việc . T.Q ( mẹ cháu bé bị hai cô_giáo gạt , đẩy ) .",True,1.0,0,1.0,0
16323,1343,file_txt,ok,,0.6166666666666667,0.23728813559322032,0.3333333333333333,0.0,0.12583767684288905,0.0,1343,14,0.0013176000000001409,0.0009255000000010227,"Sáng 22-3 , phòng giáo_dục TP Vũng_Tàu đã đến làm_việc với trường mầm_non H.H , nơi clip được ghi lại để xác_minh sự_việc . T.Q ( mẹ cháu bé bị hai cô_giáo gạt , đẩy ) .",True,1.0,0,1.0,0
16323,1343,file_docx,ok,,0.6166666666666667,0.23728813559322032,0.3333333333333333,0.0,0.12583767684288905,0.0,1343,14,0.01932730000000049,0.0010104999999995812,"Sáng 22-3 , phòng giáo_dục TP Vũng_Tàu đã đến làm_việc với trường mầm_non H.H , nơi clip được ghi lại để xác_minh sự_việc . T.Q ( mẹ cháu bé bị hai cô_giáo gạt , đẩy ) .",True,1.0,0,1.0,0
16323,1343,file_pdf,ok,,0.5660377358490566,0.2038216560509554,0.2893081761006289,-0.04402515723270439,0.21072226358897989,0.09433962264150941,1343,31,0.01054539999999804,0.003181900000001292,"Chi?u 22-3 , ông Ph?m_V?n_Ng?c - tr??ng_phòng Giáo_d?c TP V?ng_Tàu ( Bà_R?a - V?ng_Tàu ) cho bi?t
tr??ng m?m_non t?_th?c H.H ( ???ng Lê_L?i , TP V?ng_Tàu ) ?ã bu?c hai cô_giáo ?. Sáng 22-3 , phòng
giáo_d?c TP V?ng_Tàu ?ã ??n làm_vi?c v?i tr??ng m?m_non H.H , n?i clip ???c ghi l?i ??",False,1.0,17,1.0,0
14310,1789,text_baseline,ok,,0.5029239766081871,0.21301775147928995,0.304093567251462,0.0,0.19005030743432086,0.03508771929824561,1789,15,0.0001280999999977439,0.0011023999999935086,"Trước câu_hỏi của phóng_viên về việc Bộ Công_Thương có gặp khó_khăn vướng_mắc gì khi có hai lần kiểm_tra Formosa , Thứ_trưởng Bộ Công_Thương Đỗ_Thắng_Hải thông_tin : "" Theo cá_nhân tôi , sự_kiện Formosa là hết_sức nghiêm_trọng , ảnh_hưởng đến đời_sống , tâm_lý và cả kinh_tế của nước ta . Riêng Bộ Công_Thương đã tổ_chức hai đoàn kiểm_tra .",True,1.0,0,1.0,0
14310,1789,file_txt,ok,,0.5029239766081871,0.21301775147928995,0.304093567251462,0.0,0.19005030743432086,0.03508771929824561,1789,15,0.0018013999999979546,0.0012826000000032423,"Trước câu_hỏi của phóng_viên về việc Bộ Công_Thương có gặp khó_khăn vướng_mắc gì khi có hai lần kiểm_tra Formosa , Thứ_trưởng Bộ Công_Thương Đỗ_Thắng_Hải thông_tin : "" Theo cá_nhân tôi , sự_kiện Formosa là hết_sức nghiêm_trọng , ảnh_hưởng đến đời_sống , tâm_lý và cả kinh_tế của nước ta . Riêng Bộ Công_Thương đã tổ_chức hai đoàn kiểm_tra .",True,1.0,0,1.0,0
14310,1789,file_docx,ok,,0.5029239766081871,0.21301775147928995,0.304093567251462,0.0,0.19005030743432086,0.03508771929824561,1789,15,0.019206400000001622,0.0010085999999986939,"Trước câu_hỏi của phóng_viên về việc Bộ Công_Thương có gặp khó_khăn vướng_mắc gì khi có hai lần kiểm_tra Formosa , Thứ_trưởng Bộ Công_Thương Đỗ_Thắng_Hải thông_tin : "" Theo cá_nhân tôi , sự_kiện Formosa là hết_sức nghiêm_trọng , ảnh_hưởng đến đời_sống , tâm_lý và cả kinh_tế của nước ta . Riêng Bộ Công_Thương đã tổ_chức hai đoàn kiểm_tra .",True,1.0,0,1.0,0
14310,1789,file_pdf,ok,,0.5544554455445545,0.22222222222222224,0.27722772277227725,-0.026865844479184775,0.06819452207937395,0.0,1789,50,0.008891099999999597,0.007410499999998876,"Công_Th??ng ?ã th?c_hi?n ?úng ch?c_trách , nhi?m_v? Theo quy_??nh thì ph?i có ??ng_ký và tr?c_ti?p qua C?c Hoá_ch?t c?a
B?",False,1.0,35,1.0,0
12337,2204,text_baseline,ok,,0.5,0.1276595744680851,0.3541666666666667,0.0,0.0794010889292196,0.28125,2204,15,0.0001431000000025051,0.0010813000000027273,Không_quân Nga không kích phiến quân IS ở Syria . Xem thêm : Bộ_trưởng Quốc_phòng Mỹ tố Nga gieo mầm bất_ổn toàn_cầu Văn_Việt Không_quân Nga không kích phiến quân IS ở Syria .,True,1.0,0,1.0,0
12337,2204,file_txt,ok,,0.5,0.1276595744680851,0.3541666666666667,0.0,0.0794010889292196,0.28125,2204,15,0.0022269000000036954,0.001276099999998337,Không_quân Nga không kích phiến quân IS ở Syria . Xem thêm : Bộ_trưởng Quốc_phòng Mỹ tố Nga gieo mầm bất_ổn toàn_cầu Văn_Việt Không_quân Nga không kích phiến quân IS ở Syria .,True,1.0,0,1.0,0
12337,2204,file_docx,ok,,0.5,0.1276595744680851,0.3541666666666667,0.0,0.0794010889292196,0.28125,2204,15,0.01969779999999588,0.0012443999999973698,Không_quân Nga không kích phiến quân IS ở Syria . Xem thêm : Bộ_trưởng Quốc_phòng Mỹ tố Nga gieo mầm bất_ổn toàn_cầu Văn_Việt Không_quân Nga không kích phiến quân IS ở Syria .,True,1.0,0,1.0,0
12337,2204,file_pdf,ok,,0.6595744680851063,0.4565217391304348,0.425531914893617,0.07136524822695034,0.07713248638838476,0.0,2204,60,0.0090627000000012,0.009924099999999214,""" chi?n_tranh toàn_c?u "" ho?c khu_v?c n?u cu?c kh?ng_ho?ng Syria không ???c gi?i_quy?t , RT
hôm_qua d?n l?i Phó th?_t??ng Th?_Nh?_K? là m?t
trong nh?ng n??c ?i ??u ?ng_h?",False,1.0,45,1.0,0
12907,4005,text_baseline,ok,,0.6031746031746031,0.5,0.49206349206349204,0.0,0.06317103620474407,0.0,4005,33,0.00022399999999578313,0.004694099999994705,"Nhiều người có xúc_cảm đặc_biệt khi đứng giữa không_gian linh_thiêng của Hồ_Gươm Hà_Nội . Tuỳ vào cách nghĩ của mỗi người để thấy gì từ Hồ_Gươm hôm_nay , nhưng có_lẽ những người_yêu Hà_Nội sẽ không tìm_kiếm một Hồ_Gươm với vẻ đẹp phô_trương , loè_loẹt .",True,1.0,0,1.0,0
12907,4005,file_txt,ok,,0.6031746031746031,0.5,0.49206349206349204,0.0,0.06317103620474407,0.0,4005,33,0.003841699999995285,0.0046405000000007135,"Nhiều người có xúc_cảm đặc_biệt khi đứng giữa không_gian linh_thiêng của Hồ_Gươm Hà_Nội . Tuỳ vào cách nghĩ của mỗi người để thấy gì từ Hồ_Gươm hôm_nay , nhưng có_lẽ những người_yêu Hà_Nội sẽ không tìm_kiếm một Hồ_Gươm với vẻ đẹp phô_trương , loè_loẹt .",True,1.0,0,1.0,0
12907,4005,file_docx,ok,,0.6031746031746031,0.5,0.49206349206349204,0.0,0.06317103620474407,0.0,4005,33,0.020116999999999052,0.004893500000001438,"Nhiều người có xúc_cảm đặc_biệt khi đứng giữa không_gian linh_thiêng của Hồ_Gươm Hà_Nội . Tuỳ vào cách nghĩ của mỗi người để thấy gì từ Hồ_Gươm hôm_nay , nhưng có_lẽ những người_yêu Hà_Nội sẽ không tìm_kiếm một Hồ_Gươm với vẻ đẹp phô_trương , loè_loẹt .",True,1.0,0,1.0,0
12907,4005,file_pdf,ok,,0.5546218487394958,0.17094017094017094,0.23529411764705882,-0.2567693744164332,0.053406538557524336,0.02941176470588236,4007,103,0.015053399999999328,0.027901500000005797,", truy?n_th?ng qu?t_c??ng , b?t_khu?t c?a dân_t?c ta ; là Tháp_Rùa linh_thiêng
l?p_lánh khát_v?ng hoà_bình ; là ??n Ng?c_S?n s?ng_s?ng g?i l?i nh?ng k?_ni?m x?a v? Nh?ng l?i v?n_m??t mà ?y ch?c_h?n ??u xu?t_phát t?",False,1.0004993757802747,70,1.0,0
21303,4247,text_baseline,ok,,0.589041095890411,0.2361111111111111,0.3287671232876712,0.0,0.061690605133035085,0.017857142857142905,4247,35,0.0002385000000018067,0.0052201999999965665,"Bình_tĩnh hơn chị Phương , ông Nguyễn_Xuân_Bảo ( 61 tuổi , anh_trai anh Chúc ) cho_hay , anh Chúc là con út trong gia_đình có 6 anh_chị_em , lập gia_đình đã hơn 10 năm nay , có 3 con nhỏ . Cách đây 6 tháng , Hữu theo hai người anh đi làm thuyền_viên ở Hàn_Quốc .",True,1.0,0,1.0,0
21303,4247,file_txt,ok,,0.589041095890411,0.2361111111111111,0.3287671232876712,0.0,0.061690605133035085,0.017857142857142905,4247,35,0.00370410000000021,0.00521450000000101,"Bình_tĩnh hơn chị Phương , ông Nguyễn_Xuân_Bảo ( 61 tuổi , anh_trai anh Chúc ) cho_hay , anh Chúc là con út trong gia_đình có 6 anh_chị_em , lập gia_đình đã hơn 10 năm nay , có 3 con nhỏ . Cách đây 6 tháng , Hữu theo hai người anh đi làm thuyền_viên ở Hàn_Quốc .",True,1.0,0,1.0,0
21303,4247,file_docx,ok,,0.589041095890411,0.2361111111111111,0.3287671232876712,0.0,0.061690605133035085,0.017857142857142905,4247,35,0.019767900000005056,0.004909099999999,"Bình_tĩnh hơn chị Phương , ông Nguyễn_Xuân_Bảo ( 61 tuổi , anh_trai anh Chúc ) cho_hay , anh Chúc là con út trong gia_đình có 6 anh_chị_em , lập gia_đình đã hơn 10 năm nay , có 3 con nhỏ . Cách đây 6 tháng , Hữu theo hai người anh đi làm thuyền_viên ở Hàn_Quốc .",True,1.0,0,1.0,0
21303,4247,file_pdf,ok,,0.5140186915887851,0.16981132075471697,0.27102803738317754,-0.05773908590449367,0.10028248587570622,0.0,4248,119,0.011443399999997439,0.039525900000001,""" Vùng_bi?n ?ó r?t l?nh , n?u ng??i nh?y xu?ng bi?n mà
không k?p c?u trong vòng 30 phút ??n m?t ti?ng thì c?_h?i sóng sót là r?t th?p "" , ông Võ_V?n_Lo ( 60 tu?i , ba
H?u ) thu?t l?i l?i c?a anh_trai H?u . Lao_??ng Th??ng_binh và Xã_h?i ) Ph?m_Vi?t_H??ng cho bi?t , sau khi nh?n ???c tin , C?c ?ã ch?_??o Ban
qu?n_lý lao_??ng Vi?t_Nam t?i Hàn_Qu?c ph?i_h?p v?i các c?_quan_ch?c_n?ng tích_c?c tìm_ki?m hai
thuy?n_viên g?p n?n .",False,1.0002354603249353,84,1.0,0
9511,2160,text_baseline,ok,,0.3652173913043478,0.10619469026548672,0.2782608695652174,0.0,0.10277777777777777,0.44999999999999996,2160,17,0.00021240000000233294,0.0014814999999970269,Cảnh_sát kiểm_tra hai chiếc xe giả_danh cảnh_sát mà nhóm cướp bỏ lại ở ngoại_ô Sao Paulo hôm 25/7 . Video : Joven_Pam_News Cảnh_sát kiểm_tra hai chiếc xe giả_danh cảnh_sát mà nhóm cướp bỏ lại ở ngoại_ô Sao Paulo hôm 25/7 .,True,1.0,0,1.0,0
9511,2160,file_txt,ok,,0.3652173913043478,0.10619469026548672,0.2782608695652174,0.0,0.10277777777777777,0.44999999999999996,2160,17,0.0019709000000034393,0.001335799999999665,Cảnh_sát kiểm_tra hai chiếc xe giả_danh cảnh_sát mà nhóm cướp bỏ lại ở ngoại_ô Sao Paulo hôm 25/7 . Video : Joven_Pam_News Cảnh_sát kiểm_tra hai chiếc xe giả_danh cảnh_sát mà nhóm cướp bỏ lại ở ngoại_ô Sao Paulo hôm 25/7 .,True,1.0,0,1.0,0
9511,2160,file_docx,ok,,0.3652173913043478,0.10619469026548672,0.2782608695652174,0.0,0.10277777777777777,0.44999999999999996,2160,17,0.019046500000001743,0.0014486000000033528,Cảnh_sát kiểm_tra hai chiếc xe giả_danh cảnh_sát mà nhóm cướp bỏ lại ở ngoại_ô Sao Paulo hôm 25/7 . Video : Joven_Pam_News Cảnh_sát kiểm_tra hai chiếc xe giả_danh cảnh_sát mà nhóm cướp bỏ lại ở ngoại_ô Sao Paulo hôm 25/7 .,True,1.0,0,1.0,0
9511,2160,file_pdf,ok,,0.5739130434782609,0.17699115044247787,0.2782608695652174,0.0,0.09583333333333334,0.0,2160,56,0.0084502999999998,0.010699999999999932,"C?nh_sát Sao_Paulo cho_bi?t lô vàng th?i ?ang ???c
chuy?n t?i ??c và M? Vào ?êm tr??c
?ó , nh?ng tên c??p ?ã b?t_cóc ng??i_thân c?a m?t nhân_viên Brink ' s Co , công_ty an_ninh và v?n_t?i ch?u
trách_nhi?m v?",False,1.0,39,1.0,0
3583,2724,text_baseline,ok,,0.14814814814814814,0.0,0.14814814814814814,0.0,0.0047723935389133625,0.33333333333333337,2724,49,0.00018229999999874735,0.008258499999996616,Chị H. Chị H.,True,1.0,0,1.0,0
3583,2724,file_txt,ok,,0.14814814814814814,0.0,0.14814814814814814,0.0,0.0047723935389133625,0.33333333333333337,2724,49,0.002384200000001613,0.008379500000003759,Chị H. Chị H.,True,1.0,0,1.0,0
3583,2724,file_docx,ok,,0.14814814814814814,0.0,0.14814814814814814,0.0,0.0047723935389133625,0.33333333333333337,2724,49,0.019583699999998316,0.007818000000000325,Chị H. Chị H.,True,1.0,0,1.0,0
3583,2724,file_pdf,ok,,0.46017699115044247,0.07207207207207209,0.24778761061946905,0.09963946247132091,0.0689908256880734,0.0,2725,106,0.009609900000000948,0.036423499999997944,"và ???c m?i ng??i ??a ?i c?p_c?u trong tình_tr?ng tinh_th?n ho?ng_lo?n , ?au_b?ng . Tr??c_m?t , nhà_tr??ng
?ang ph?i_h?p cùng c?_quan công_an l?y l?i khai hai bên và ?n_??nh vi?c d?y_h?c .",False,1.000367107195301,57,1.0,0
72,1204,text_baseline,ok,,0.49382716049382713,0.10126582278481013,0.2716049382716049,0.0,0.10132890365448505,0.050000000000000044,1204,13,0.0001026000000052818,0.0006869000000051528,"Tuy_nhiên , công_an xã đã can_ngăn kịp_thời và đưa đối_tượng Dũng về trụ_sở công_an . Đối_tượng Dũng tại cơ_quan công_an .",True,1.0,0,1.0,0
72,1204,file_txt,ok,,0.49382716049382713,0.10126582278481013,0.2716049382716049,0.0,0.10132890365448505,0.050000000000000044,1204,13,0.0015889999999956217,0.0007224000000007891,"Tuy_nhiên , công_an xã đã can_ngăn kịp_thời và đưa đối_tượng Dũng về trụ_sở công_an . Đối_tượng Dũng tại cơ_quan công_an .",True,1.0,0,1.0,0
72,1204,file_docx,ok,,0.49382716049382713,0.10126582278481013,0.2716049382716049,0.0,0.10132890365448505,0.050000000000000044,1204,13,0.019132200000001376,0.0007534999999876391,"Tuy_nhiên , công_an xã đã can_ngăn kịp_thời và đưa đối_tượng Dũng về trụ_sở công_an . Đối_tượng Dũng tại cơ_quan công_an .",True,1.0,0,1.0,0
72,1204,file_pdf,ok,,0.41935483870967744,0.03333333333333333,0.25806451612903225,-0.013540422142572672,0.05149501661129568,0.0,1204,31,0.009908400000000483,0.0028180999999989353,nh?ng m?t ??i_t??ng ?ã b? ??i_t??ng D?ng t?i c?_quan công_an .,False,1.0,18,1.0,0
5385,2107,text_baseline,ok,,0.55,0.189873417721519,0.3375,0.0,0.13573801613668723,0.04166666666666663,2107,14,0.00014360000000124273,0.0010447000000084472,"Nhìn vào hình_ảnh này , rõ_ràng Triều_Tiên chưa hề có động_thái "" lập_tức phi hạt nhân_hoá "" tại khu_vực nghiên_cứu hạt_nhân của họ . Đặt trường_hợp đúng như phân_tích của 38North , thông_tin này rất có_thể sẽ tạo ảnh_hưởng tiêu_cực lên niềm_tin về phi hạt nhân_hoá bán_đảo Triều_Tiên .",True,1.0,0,1.0,0
5385,2107,file_txt,ok,,0.55,0.189873417721519,0.3375,0.0,0.13573801613668723,0.04166666666666663,2107,14,0.0020400000000080354,0.00124170000000845,"Nhìn vào hình_ảnh này , rõ_ràng Triều_Tiên chưa hề có động_thái "" lập_tức phi hạt nhân_hoá "" tại khu_vực nghiên_cứu hạt_nhân của họ . Đặt trường_hợp đúng như phân_tích của 38North , thông_tin này rất có_thể sẽ tạo ảnh_hưởng tiêu_cực lên niềm_tin về phi hạt nhân_hoá bán_đảo Triều_Tiên .",True,1.0,0,1.0,0
5385,2107,file_docx,ok,,0.55,0.189873417721519,0.3375,0.0,0.13573801613668723,0.04166666666666663,2107,14,0.018975999999994997,0.0010619999999903484,"Nhìn vào hình_ảnh này , rõ_ràng Triều_Tiên chưa hề có động_thái "" lập_tức phi hạt nhân_hoá "" tại khu_vực nghiên_cứu hạt_nhân của họ . Đặt trường_hợp đúng như phân_tích của 38North , thông_tin này rất có_thể sẽ tạo ảnh_hưởng tiêu_cực lên niềm_tin về phi hạt nhân_hoá bán_đảo Triều_Tiên .",True,1.0,0,1.0,0
5385,2107,file_pdf,ok,,0.5806451612903227,0.19672131147540986,0.3225806451612903,-0.014919354838709709,0.08637873754152824,0.1071428571428571,2107,50,0.008918700000009494,0.007765000000006239,"Theo ?ó Tri?u_Tiên
???c cho ?ang ti?p_t?c phát_tri?n h?_t?ng t?i trung_tâm nghiên_c?u h?t_nhân c?a h? có ??ng_thái "" l?p_t?c phi h?t nhân_hoá "" t?i khu_v?c nghiên_c?u h?t_nhân c?a h?",False,1.0,36,1.0,0
16946,1416,text_baseline,ok,,0.5496183206106869,0.21705426356589147,0.25954198473282447,0.0,0.17937853107344634,0.0,1416,13,0.00013020000000096843,0.0007654999999999745,"Tối 13-10 , Công_an TP Mỹ_Tho , tỉnh Tiền_Giang , cho_biết vừa bắt khẩn_cấp Ngô_Văn_Tuấn ( 20 tuổi , ngụ xã Long_Bình_Điền , huyện Chợ_Gạo ) để điều_tra về hành_vi cướp tài_sản . Qua điều_tra công_an thu_hồi được 3 xe_máy , trong đó có xe Tuấn vừa cướp .",True,1.0,0,1.0,0
16946,1416,file_txt,ok,,0.5496183206106869,0.21705426356589147,0.25954198473282447,0.0,0.17937853107344634,0.0,1416,13,0.0014967000000041253,0.0008911999999980935,"Tối 13-10 , Công_an TP Mỹ_Tho , tỉnh Tiền_Giang , cho_biết vừa bắt khẩn_cấp Ngô_Văn_Tuấn ( 20 tuổi , ngụ xã Long_Bình_Điền , huyện Chợ_Gạo ) để điều_tra về hành_vi cướp tài_sản . Qua điều_tra công_an thu_hồi được 3 xe_máy , trong đó có xe Tuấn vừa cướp .",True,1.0,0,1.0,0
16946,1416,file_docx,ok,,0.5496183206106869,0.21705426356589147,0.25954198473282447,0.0,0.17937853107344634,0.0,1416,13,0.018827000000001703,0.0007803999999964617,"Tối 13-10 , Công_an TP Mỹ_Tho , tỉnh Tiền_Giang , cho_biết vừa bắt khẩn_cấp Ngô_Văn_Tuấn ( 20 tuổi , ngụ xã Long_Bình_Điền , huyện Chợ_Gạo ) để điều_tra về hành_vi cướp tài_sản . Qua điều_tra công_an thu_hồi được 3 xe_máy , trong đó có xe Tuấn vừa cướp .",True,1.0,0,1.0,0
16946,1416,file_pdf,ok,,0.6122448979591836,0.27083333333333337,0.3061224489795918,0.04658046424676732,0.10522598870056497,0.0,1416,41,0.010827700000007212,0.004551000000006411,"T?i 13-10 , Công_an TP M?_Tho , t?nh Ti?n_Giang , cho_bi?t v?a b?t kh?n_c?p Ngô_V?n_Tu?n ( 20 tu?i , ng? Ngô_V?n_Tu?n t?i c?_quan Công_an - ?nh : H.T",False,1.0,28,1.0,0
15686,4983,text_baseline,ok,,0.5051546391752577,0.28125,0.27835051546391754,0.0,0.08087497491471002,0.09999999999999998,4983,51,0.00029460000000369746,0.010033999999990328,"Em nghĩ điểm chuẩn của trường này và nhiều trường khác sẽ tăng lên từ 0,5-1 điểm do số_lượng thí_sinh dự thi năm nay quá đông và sẽ có một lượng lớn thí_sinh phải rớt khỏi công_lập "" . Theo ông Phát , với số_lượng thí_sinh dự thi tăng đột_biến , số_lượng thí_sinh đạt điểm khá giỏi cũng tăng và gần 20.000 thí_sinh sẽ rớt khỏi công_lập thì điểm chuẩn vào các trường có_thể sẽ tăng hơn so với năm_ngoái .",True,1.0,0,1.0,0
15686,4983,file_txt,ok,,0.5051546391752577,0.28125,0.27835051546391754,0.0,0.08087497491471002,0.09999999999999998,4983,51,0.004734200000001465,0.009589299999987588,"Em nghĩ điểm chuẩn của trường này và nhiều trường khác sẽ tăng lên từ 0,5-1 điểm do số_lượng thí_sinh dự thi năm nay quá đông và sẽ có một lượng lớn thí_sinh phải rớt khỏi công_lập "" . Theo ông Phát , với số_lượng thí_sinh dự thi tăng đột_biến , số_lượng thí_sinh đạt điểm khá giỏi cũng tăng và gần 20.000 thí_sinh sẽ rớt khỏi công_lập thì điểm chuẩn vào các trường có_thể sẽ tăng hơn so với năm_ngoái .",True,1.0,0,1.0,0
15686,4983,file_docx,ok,,0.5051546391752577,0.28125,0.27835051546391754,0.0,0.08087497491471002,0.09999999999999998,4983,51,0.02042710000000625,0.00944750000000738,"Em nghĩ điểm chuẩn của trường này và nhiều trường khác sẽ tăng lên từ 0,5-1 điểm do số_lượng thí_sinh dự thi năm nay quá đông và sẽ có một lượng lớn thí_sinh phải rớt khỏi công_lập "" . Theo ông Phát , với số_lượng thí_sinh dự thi tăng đột_biến , số_lượng thí_sinh đạt điểm khá giỏi cũng tăng và gần 20.000 thí_sinh sẽ rớt khỏi công_lập thì điểm chuẩn vào các trường có_thể sẽ tăng hơn so với năm_ngoái .",True,1.0,0,1.0,0
15686,4983,file_pdf,ok,,0.5607476635514018,0.2285714285714286,0.33644859813084116,0.05809808266692362,0.03208341688389813,0.1071428571428571,4987,139,0.016299799999998754,0.06085930000000417,"S?_l??ng thí_sinh ??t ?i?m gi?i n?m nay t?ng do s?_l??ng thí_sinh d? thi t?ng ??t_bi?n , s?_l??ng thí_sinh ??t ?i?m khá gi?i c?ng
t?ng và g?n 20.000 thí_sinh s?",False,1.0008027292795505,88,0.999067454149829,0
21093,1409,text_baseline,ok,,0.4931506849315069,0.11267605633802817,0.3013698630136986,0.0,0.07877927608232789,0.45833333333333337,1409,14,0.00011069999999335778,0.0008097999999989725,Anh Nhật bên con cá được cho là sủ vàng quý_hiếm . Hoàng_Táo Anh Nhật bên con cá được cho là sủ vàng quý_hiếm .,True,1.0,0,1.0,0
21093,1409,file_txt,ok,,0.4931506849315069,0.11267605633802817,0.3013698630136986,0.0,0.07877927608232789,0.45833333333333337,1409,14,0.0013430000000056452,0.0009506000000101267,Anh Nhật bên con cá được cho là sủ vàng quý_hiếm . Hoàng_Táo Anh Nhật bên con cá được cho là sủ vàng quý_hiếm .,True,1.0,0,1.0,0
21093,1409,file_docx,ok,,0.4931506849315069,0.11267605633802817,0.3013698630136986,0.0,0.07877927608232789,0.45833333333333337,1409,14,0.020549899999991794,0.0008897000000018807,Anh Nhật bên con cá được cho là sủ vàng quý_hiếm . Hoàng_Táo Anh Nhật bên con cá được cho là sủ vàng quý_hiếm .,True,1.0,0,1.0,0
21093,1409,file_pdf,ok,,0.5599999999999999,0.2191780821917808,0.32,0.018630136986301393,0.08090844570617459,0.0,1409,40,0.011336599999992814,0.004468100000011077,"vàng
quý_hi?m v?a ???c ?ánh_b?t t? ngu?n l?i thu?_s?n Qu?ng_Bình kh?ng_??nh , con
cá anh Nh?t b?t ???c chính là s?",False,1.0,26,1.0,0
1232,1335,text_baseline,ok,,0.43410852713178294,0.14173228346456693,0.26356589147286824,0.0,0.18651685393258427,0.02564102564102566,1335,14,0.00010849999999607007,0.0009091000000012173,"Thời_gian qua , Thu_Hằng thường_xuyên được khen_ngợi khi xuất_hiện với hình_ảnh ấn_tượng và xinh_đẹp . Tại sự_kiện , Thu_Hằng có dịp hội_ngộ cùng diễn_viên Trần_Bảo_Sơn , cả hai tranh_thủ ghi lại những khoảnh_khắc đẹp cũng như trò_chuyện cùng nhau .",True,1.0,0,1.0,0
1232,1335,file_txt,ok,,0.43410852713178294,0.14173228346456693,0.26356589147286824,0.0,0.18651685393258427,0.02564102564102566,1335,14,0.0012535999999983005,0.0009390000000024656,"Thời_gian qua , Thu_Hằng thường_xuyên được khen_ngợi khi xuất_hiện với hình_ảnh ấn_tượng và xinh_đẹp . Tại sự_kiện , Thu_Hằng có dịp hội_ngộ cùng diễn_viên Trần_Bảo_Sơn , cả hai tranh_thủ ghi lại những khoảnh_khắc đẹp cũng như trò_chuyện cùng nhau .",True,1.0,0,1.0,0
1232,1335,file_docx,ok,,0.43410852713178294,0.14173228346456693,0.26356589147286824,0.0,0.18651685393258427,0.02564102564102566,1335,14,0.02043790000000456,0.0010039999999946758,"Thời_gian qua , Thu_Hằng thường_xuyên được khen_ngợi khi xuất_hiện với hình_ảnh ấn_tượng và xinh_đẹp . Tại sự_kiện , Thu_Hằng có dịp hội_ngộ cùng diễn_viên Trần_Bảo_Sơn , cả hai tranh_thủ ghi lại những khoảnh_khắc đẹp cũng như trò_chuyện cùng nhau .",True,1.0,0,1.0,0
1232,1335,file_pdf,ok,,0.5087719298245614,0.10714285714285714,0.28070175438596495,0.01713586291309671,0.15131086142322098,0.0,1335,34,0.011081700000005412,0.0035144000000002507,"V?i phong_cách ??n_gi?n nh?ng hoà_nh?p xu_h??ng chính là
m?t s?c cu?n_hút ??c_bi?t mà cô mang ??n . Th?i_gian qua , Thu_H?ng th??ng_xuyên ???c khen_ng?i khi
xu?t_hi?n v?i hình_?nh ?n_t??ng và xinh_??p .",False,1.0,20,1.0,0
7921,2155,text_baseline,ok,,0.4523809523809524,0.07317073170731708,0.2380952380952381,0.0,0.08445475638051043,0.05405405405405406,2155,24,0.00014369999999530592,0.0022464999999982638,"Các nhà_chức_trách cố tìm Jordan nhưng Tammi , đang mang bầu 6 tháng và bố đẻ của cậu bé là Bradley_Bleimeyer , 24 tuổi , không hợp_tác . Mẹ_kế Tammi và bố đẻ Bradley của bé Jordan .",True,1.0,0,1.0,0
7921,2155,file_txt,ok,,0.4523809523809524,0.07317073170731708,0.2380952380952381,0.0,0.08445475638051043,0.05405405405405406,2155,24,0.002498799999997914,0.0024744999999910533,"Các nhà_chức_trách cố tìm Jordan nhưng Tammi , đang mang bầu 6 tháng và bố đẻ của cậu bé là Bradley_Bleimeyer , 24 tuổi , không hợp_tác . Mẹ_kế Tammi và bố đẻ Bradley của bé Jordan .",True,1.0,0,1.0,0
7921,2155,file_docx,ok,,0.4523809523809524,0.07317073170731708,0.2380952380952381,0.0,0.08445475638051043,0.05405405405405406,2155,24,0.0196513000000067,0.002146299999992607,"Các nhà_chức_trách cố tìm Jordan nhưng Tammi , đang mang bầu 6 tháng và bố đẻ của cậu bé là Bradley_Bleimeyer , 24 tuổi , không hợp_tác . Mẹ_kế Tammi và bố đẻ Bradley của bé Jordan .",True,1.0,0,1.0,0
7921,2155,file_pdf,ok,,0.6206896551724137,0.14117647058823532,0.3448275862068966,0.10673234811165846,0.07563805104408353,0.0,2155,83,0.008525299999988079,0.01439120000000571,"còn da_b?c_x??ng , trên ng??i có nhi?u v?t b?m
tím , suy_dinh_d??ng n?ng . , b?i_r?i và
tr?ng_r?ng "" , m?t trong các con_trai c?a Tammi phát_bi?u trong phiên_toà .",False,1.0,59,1.0,0
13439,5024,text_baseline,ok,,0.6086956521739131,0.2087912087912088,0.32608695652173914,0.0,0.05871815286624204,0.017857142857142905,5024,42,0.0002975999999961232,0.007418199999989383,"Người tuổi Hợi hợp với ngành_nghề kinh_doanh gì ? Theo quan_niệm truyền_thống , nam_sinh vào năm Tân_Hợi nên chọn ngành_nghề gì phù_hợp với sự nhận thức , hiểu biết rộng họ khá phù hợp với nghề giáo_viên , hay những ngành nghề mang lợi ích công cộng thì sẽ nhanh chóng phát triển được bản thân .",True,1.0,0,1.0,0
13439,5024,file_txt,ok,,0.6086956521739131,0.2087912087912088,0.32608695652173914,0.0,0.05871815286624204,0.017857142857142905,5024,42,0.004180399999995643,0.007584699999995337,"Người tuổi Hợi hợp với ngành_nghề kinh_doanh gì ? Theo quan_niệm truyền_thống , nam_sinh vào năm Tân_Hợi nên chọn ngành_nghề gì phù_hợp với sự nhận thức , hiểu biết rộng họ khá phù hợp với nghề giáo_viên , hay những ngành nghề mang lợi ích công cộng thì sẽ nhanh chóng phát triển được bản thân .",True,1.0,0,1.0,0
13439,5024,file_docx,ok,,0.6086956521739131,0.2087912087912088,0.32608695652173914,0.0,0.05871815286624204,0.017857142857142905,5024,42,0.019933100000002923,0.007530499999987228,"Người tuổi Hợi hợp với ngành_nghề kinh_doanh gì ? Theo quan_niệm truyền_thống , nam_sinh vào năm Tân_Hợi nên chọn ngành_nghề gì phù_hợp với sự nhận thức , hiểu biết rộng họ khá phù hợp với nghề giáo_viên , hay những ngành nghề mang lợi ích công cộng thì sẽ nhanh chóng phát triển được bản thân .",True,1.0,0,1.0,0
13439,5024,file_pdf,ok,,0.6820809248554913,0.3508771929824562,0.38150289017341044,0.0554159336516713,0.04814004376367615,0.0,5027,164,0.01733519999999089,0.06734380000000328,"Trên th??ng_tr??ng kh?_n?ng ?ng_bi?n c?a nh?ng ng??i sinh n?m H?i có ph?n
h?n_h?p , h? Ngoài_ra , vì tính_cách c?a tu?i Quý_H?i này
r?t t?_l?p và có kh?_n?ng theo_?u?i công_vi?c thì vi?c kinh_doanh làm_?n c?a quý b?n này thu?n_l?i ,
may_m?n .",False,1.0005971337579618,122,1.0,0
9242,1633,text_baseline,ok,,0.453125,0.12698412698412698,0.265625,0.0,0.1677893447642376,0.04081632653061229,1633,14,0.00012470000000064374,0.0009831999999931895,""" Hộp đen ghi dữ_liệu hành_trình bay và ghi_âm buồng_lái trên chiếc Boeing 737 MAX 8 đã được tìm thấy "" , AFP dẫn thông_cáo do hãng hàng_không Ethiopian_Airlines công_bố hôm_nay . Có hai loại hộp đen trên máy_bay gồm thiết_bị ghi thông_số chuyến bay và bộ ghi_âm buồng_lái .",True,1.0,0,1.0,0
9242,1633,file_txt,ok,,0.453125,0.12698412698412698,0.265625,0.0,0.1677893447642376,0.04081632653061229,1633,14,0.0016537000000056423,0.0009293000000099028,""" Hộp đen ghi dữ_liệu hành_trình bay và ghi_âm buồng_lái trên chiếc Boeing 737 MAX 8 đã được tìm thấy "" , AFP dẫn thông_cáo do hãng hàng_không Ethiopian_Airlines công_bố hôm_nay . Có hai loại hộp đen trên máy_bay gồm thiết_bị ghi thông_số chuyến bay và bộ ghi_âm buồng_lái .",True,1.0,0,1.0,0
9242,1633,file_docx,ok,,0.453125,0.12698412698412698,0.265625,0.0,0.1677893447642376,0.04081632653061229,1633,14,0.019602500000004852,0.000945799999996666,""" Hộp đen ghi dữ_liệu hành_trình bay và ghi_âm buồng_lái trên chiếc Boeing 737 MAX 8 đã được tìm thấy "" , AFP dẫn thông_cáo do hãng hàng_không Ethiopian_Airlines công_bố hôm_nay . Có hai loại hộp đen trên máy_bay gồm thiết_bị ghi thông_số chuyến bay và bộ ghi_âm buồng_lái .",True,1.0,0,1.0,0
9242,1633,file_pdf,ok,,0.5,0.21212121212121213,0.35294117647058826,0.08731617647058826,0.05939987752602572,0.4545454545454546,1633,46,0.011694900000009056,0.0055432000000052994,c?a máy_bay Ethiopian_Airlines t?i hi?n_tr??ng . c?a máy_bay Ethiopian_Airlines t?i hi?n_tr??ng .,False,1.0,32,1.0,0
17431,3894,text_baseline,ok,,0.4404761904761905,0.12048192771084337,0.24999999999999994,0.0,0.08911145351823319,0.01538461538461533,3894,36,0.00021910000000957552,0.00473350000000039,"Chứng_kiến những khó_khăn , vất_vả của thầy_trò vùng_cao , nhóm bạn trẻ thuộc CLB Mùa đông ấm kết_nối với Hội Liên_hiệp thanh_niên ( LHTN ) huyện Bát_Xát vận_động hơn 323 triệu đồng và hiện_vật , xây_dựng ngôi trường khang_trang cho các em . Qua gần bốn năm , đến nay đã có bảy nhà_tắm được xây_dựng nhờ sự hỗ_trợ của nhóm bạn và các nhà_hảo_tâm .",True,1.0,0,1.0,0
17431,3894,file_txt,ok,,0.4404761904761905,0.12048192771084337,0.24999999999999994,0.0,0.08911145351823319,0.01538461538461533,3894,36,0.0033902999999924077,0.005269999999995889,"Chứng_kiến những khó_khăn , vất_vả của thầy_trò vùng_cao , nhóm bạn trẻ thuộc CLB Mùa đông ấm kết_nối với Hội Liên_hiệp thanh_niên ( LHTN ) huyện Bát_Xát vận_động hơn 323 triệu đồng và hiện_vật , xây_dựng ngôi trường khang_trang cho các em . Qua gần bốn năm , đến nay đã có bảy nhà_tắm được xây_dựng nhờ sự hỗ_trợ của nhóm bạn và các nhà_hảo_tâm .",True,1.0,0,1.0,0
17431,3894,file_docx,ok,,0.4404761904761905,0.12048192771084337,0.24999999999999994,0.0,0.08911145351823319,0.01538461538461533,3894,36,0.019601999999991904,0.005149699999989821,"Chứng_kiến những khó_khăn , vất_vả của thầy_trò vùng_cao , nhóm bạn trẻ thuộc CLB Mùa đông ấm kết_nối với Hội Liên_hiệp thanh_niên ( LHTN ) huyện Bát_Xát vận_động hơn 323 triệu đồng và hiện_vật , xây_dựng ngôi trường khang_trang cho các em . Qua gần bốn năm , đến nay đã có bảy nhà_tắm được xây_dựng nhờ sự hỗ_trợ của nhóm bạn và các nhà_hảo_tâm .",True,1.0,0,1.0,0
17431,3894,file_pdf,ok,,0.4628099173553719,0.13445378151260506,0.2809917355371901,0.030991735537190146,0.05288831835686778,0.02631578947368418,3895,99,0.015593400000000202,0.024786800000001108,"N?m 2014 ,
nh?ng nhà_t?m ??u_tiên có h?_th?ng máy n??c nóng l?nh ???c xây_d?ng t?i huy?n Mèo_V?c . Nhà_t?m có n??c nóng , tr??ng nào không có ?i?n thì dùng n?ng_l??ng
m?t_tr?i "" - anh Tu?n v?n nh?_nh?_in s?",False,1.000256805341551,63,1.0,0
1986,2624,text_baseline,ok,,0.4897959183673469,0.24827586206896549,0.3129251700680272,0.0,0.11775914634146341,0.06451612903225812,2624,28,0.00016630000000361633,0.0025454000000024735,"Là một đạo_diễn , tuy_nhiên cũng là một nghệ_sĩ hát Bolero khá "" ngọt "" , Vượng râu đã có những nhận_xét rất thẳng_thắn về phần trình_diễn của Tùng_Dượng : "" Theo tôi , phần trình_diễn của Tùng_Dương chỉ là một đoạn "" hát chơi "" của Dương thôi . Đạo_diễn Vượng râu cho biết , Tùng_Dương có giọng hát rất đẹp .",True,1.0,0,1.0,0
1986,2624,file_txt,ok,,0.4897959183673469,0.24827586206896549,0.3129251700680272,0.0,0.11775914634146341,0.06451612903225812,2624,28,0.0023529999999993834,0.00281540000000291,"Là một đạo_diễn , tuy_nhiên cũng là một nghệ_sĩ hát Bolero khá "" ngọt "" , Vượng râu đã có những nhận_xét rất thẳng_thắn về phần trình_diễn của Tùng_Dượng : "" Theo tôi , phần trình_diễn của Tùng_Dương chỉ là một đoạn "" hát chơi "" của Dương thôi . Đạo_diễn Vượng râu cho biết , Tùng_Dương có giọng hát rất đẹp .",True,1.0,0,1.0,0
1986,2624,file_docx,ok,,0.4897959183673469,0.24827586206896549,0.3129251700680272,0.0,0.11775914634146341,0.06451612903225812,2624,28,0.01969090000000051,0.0025681999999989102,"Là một đạo_diễn , tuy_nhiên cũng là một nghệ_sĩ hát Bolero khá "" ngọt "" , Vượng râu đã có những nhận_xét rất thẳng_thắn về phần trình_diễn của Tùng_Dượng : "" Theo tôi , phần trình_diễn của Tùng_Dương chỉ là một đoạn "" hát chơi "" của Dương thôi . Đạo_diễn Vượng râu cho biết , Tùng_Dương có giọng hát rất đẹp .",True,1.0,0,1.0,0
1986,2624,file_pdf,ok,,0.4931506849315069,0.18055555555555555,0.28767123287671237,-0.025253937191314857,0.1169078446306169,0.0,2626,72,0.011122000000000298,0.013435200000003533,"Th?_nh?ng trong ?êm nh?c di?n ra vào t?i 24/12 t?i Hà_N?i , Tùng_D??ng ?ã khi?n
nhi?u ng??i "" s?c "" khi th?_hi?n m?t ?o?n trong ca_khúc Hai mùa Noel c?a nh?c_s? , c?ng
không nên vì m?t câu nói trái chi?u mà "" nh?y ??ng "" lên chê Tùng_D??ng , ?ó là quan_?i?m cá_nhân , ai c?ng
ph?i có chính_ki?n c?a mình ch?",False,1.0007621951219512,44,1.0,0
14583,4803,text_baseline,ok,,0.4790874524714828,0.1685823754789272,0.2661596958174905,0.0,0.11305434103685197,0.08235294117647063,4803,28,0.0002577999999999747,0.0042266999999895916,"Nhấn_mạnh một nền năng_lượng tự_cường , Thủ_tướng yêu_cầu Uỷ_ban Quản_lý vốn nhà_nước tại doanh_nghiệp , Bộ Công_Thương giải_quyết nhanh , đơn_giản_hoá các trình_tự thủ_tục đầu_tư với các dự_án nguồn điện của EVN , dự_án đồng_bộ nguồn khí , các dự_án thuỷ_điện . Bộ Công_Thương đổi_mới phương_pháp thực_hiện giám_sát tiến_độ các dự_án điện trọng_điểm ; thường_xuyên giao_ban , kịp_thời báo_cáo Chính_phủ tiến_độ các dự_án này ; tiếp_tục rà_soát các dự_án điện cấp_bách , cần triển_khai ; bảo_đảm đủ nguồn cung than , khí cho các nhà_máy_điện .",True,1.0,0,1.0,0
14583,4803,file_txt,ok,,0.4790874524714828,0.1685823754789272,0.2661596958174905,0.0,0.11305434103685197,0.08235294117647063,4803,28,0.0043969000000032565,0.004299400000007836,"Nhấn_mạnh một nền năng_lượng tự_cường , Thủ_tướng yêu_cầu Uỷ_ban Quản_lý vốn nhà_nước tại doanh_nghiệp , Bộ Công_Thương giải_quyết nhanh , đơn_giản_hoá các trình_tự thủ_tục đầu_tư với các dự_án nguồn điện của EVN , dự_án đồng_bộ nguồn khí , các dự_án thuỷ_điện . Bộ Công_Thương đổi_mới phương_pháp thực_hiện giám_sát tiến_độ các dự_án điện trọng_điểm ; thường_xuyên giao_ban , kịp_thời báo_cáo Chính_phủ tiến_độ các dự_án này ; tiếp_tục rà_soát các dự_án điện cấp_bách , cần triển_khai ; bảo_đảm đủ nguồn cung than , khí cho các nhà_máy_điện .",True,1.0,0,1.0,0
14583,4803,file_docx,ok,,0.4790874524714828,0.1685823754789272,0.2661596958174905,0.0,0.11305434103685197,0.08235294117647063,4803,28,0.02058569999999804,0.003939700000003654,"Nhấn_mạnh một nền năng_lượng tự_cường , Thủ_tướng yêu_cầu Uỷ_ban Quản_lý vốn nhà_nước tại doanh_nghiệp , Bộ Công_Thương giải_quyết nhanh , đơn_giản_hoá các trình_tự thủ_tục đầu_tư với các dự_án nguồn điện của EVN , dự_án đồng_bộ nguồn khí , các dự_án thuỷ_điện . Bộ Công_Thương đổi_mới phương_pháp thực_hiện giám_sát tiến_độ các dự_án điện trọng_điểm ; thường_xuyên giao_ban , kịp_thời báo_cáo Chính_phủ tiến_độ các dự_án này ; tiếp_tục rà_soát các dự_án điện cấp_bách , cần triển_khai ; bảo_đảm đủ nguồn cung than , khí cho các nhà_máy_điện .",True,1.0,0,1.0,0
14583,4803,file_pdf,ok,,0.5846153846153846,0.125,0.3076923076923077,0.041532611874817216,0.03016434366548783,0.0,4807,114,0.011962199999999257,0.03886590000000467,"Công_Th??ng , ngành ?i?n trong b?t_c? Nh?n_m?nh m?t n?n n?ng_l??ng t?_c??ng , Th?_t??ng yêu_c?u U?_ban Qu?n_lý v?n nhà_n??c t?i
doanh_nghi?p , B?",False,1.0008328128253174,86,1.0,0
6935,1985,text_baseline,ok,,0.4406779661016949,0.08,0.22598870056497172,0.0,0.2256926952141058,0.06944444444444442,1985,16,0.00013540000000489272,0.0010946999999958962,"Thủ_tướng Australia_Scott_Morrison tuyên_bố rằng kẻ nổ_súng trong vụ tấn_công nhà_thờ Hồi_giáo ở thành_phố Christchurch là một công_dân nước này , mô_tả nghi_phạm là một "" kẻ khủng_bố cực_đoan , cánh_hữu , bạo_lực "" . Một tay súng đã xả đạn vào hai nhà_thờ Hồi_giáo ở thành_phố Christchurch , New_Zealand , giết chết hơn 40 người và làm bị_thương hàng chục người khác , tờ New_Zealand_Herald đưa tin , dẫn lời Thủ_tướng New_Zealand_Jacinda_Ardern .",True,1.0,0,1.0,0
6935,1985,file_txt,ok,,0.4406779661016949,0.08,0.22598870056497172,0.0,0.2256926952141058,0.06944444444444442,1985,16,0.001934500000004391,0.001218600000001402,"Thủ_tướng Australia_Scott_Morrison tuyên_bố rằng kẻ nổ_súng trong vụ tấn_công nhà_thờ Hồi_giáo ở thành_phố Christchurch là một công_dân nước này , mô_tả nghi_phạm là một "" kẻ khủng_bố cực_đoan , cánh_hữu , bạo_lực "" . Một tay súng đã xả đạn vào hai nhà_thờ Hồi_giáo ở thành_phố Christchurch , New_Zealand , giết chết hơn 40 người và làm bị_thương hàng chục người khác , tờ New_Zealand_Herald đưa tin , dẫn lời Thủ_tướng New_Zealand_Jacinda_Ardern .",True,1.0,0,1.0,0
6935,1985,file_docx,ok,,0.4406779661016949,0.08,0.22598870056497172,0.0,0.2256926952141058,0.06944444444444442,1985,16,0.019035599999995156,0.0012261999999907403,"Thủ_tướng Australia_Scott_Morrison tuyên_bố rằng kẻ nổ_súng trong vụ tấn_công nhà_thờ Hồi_giáo ở thành_phố Christchurch là một công_dân nước này , mô_tả nghi_phạm là một "" kẻ khủng_bố cực_đoan , cánh_hữu , bạo_lực "" . Một tay súng đã xả đạn vào hai nhà_thờ Hồi_giáo ở thành_phố Christchurch , New_Zealand , giết chết hơn 40 người và làm bị_thương hàng chục người khác , tờ New_Zealand_Herald đưa tin , dẫn lời Thủ_tướng New_Zealand_Jacinda_Ardern .",True,1.0,0,1.0,0
6935,1985,file_pdf,ok,,0.6491228070175439,0.35714285714285715,0.4736842105263158,0.2476955099613441,0.10277078085642317,0.0,1985,58,0.008724399999991306,0.010286100000001852,"Christchurch , New_Zealand , gi?t ch?t h?n 40 ng??i và làm b?_th??ng hàng ch?c ng??i
khác , t? n?_súng , nghi_ph?m ?ã t?i lên
"" b?n tuyên_ngôn "" dài 73 trang gi?i_thích chi_ti?t lý_do t?i_sao th?c_hi?n v?",False,1.0,42,1.0,0
2839,2479,text_baseline,ok,,0.48192771084337355,0.17073170731707316,0.3132530120481928,0.0,0.13231141589350545,0.11428571428571432,2479,25,0.00018219999999757874,0.0023219999999923857,"Phương_án 2 , cũng là nghỉ 9 ngày liên_tục từ 2-2-2019 đến hết ngày 10-2-2019 , trong đó có 1 ngày nghỉ trước tết và 4 ngày sau tết theo quy_định của Luật lao_động , các ngày còn lại là ngày nghỉ cuối tuần thông_thường . Như_vậy , cả 2 phương_án đều có 9 ngày nghỉ Tết_âm_lịch 2019 ( 5 ngày nghỉ tết và 4 ngày nghỉ hàng tuần ) .",True,1.0,0,1.0,0
2839,2479,file_txt,ok,,0.48192771084337355,0.17073170731707316,0.3132530120481928,0.0,0.13231141589350545,0.11428571428571432,2479,25,0.0022273999999953276,0.002057000000007747,"Phương_án 2 , cũng là nghỉ 9 ngày liên_tục từ 2-2-2019 đến hết ngày 10-2-2019 , trong đó có 1 ngày nghỉ trước tết và 4 ngày sau tết theo quy_định của Luật lao_động , các ngày còn lại là ngày nghỉ cuối tuần thông_thường . Như_vậy , cả 2 phương_án đều có 9 ngày nghỉ Tết_âm_lịch 2019 ( 5 ngày nghỉ tết và 4 ngày nghỉ hàng tuần ) .",True,1.0,0,1.0,0
2839,2479,file_docx,ok,,0.48192771084337355,0.17073170731707316,0.3132530120481928,0.0,0.13231141589350545,0.11428571428571432,2479,25,0.019553100000010204,0.002088900000003946,"Phương_án 2 , cũng là nghỉ 9 ngày liên_tục từ 2-2-2019 đến hết ngày 10-2-2019 , trong đó có 1 ngày nghỉ trước tết và 4 ngày sau tết theo quy_định của Luật lao_động , các ngày còn lại là ngày nghỉ cuối tuần thông_thường . Như_vậy , cả 2 phương_án đều có 9 ngày nghỉ Tết_âm_lịch 2019 ( 5 ngày nghỉ tết và 4 ngày nghỉ hàng tuần ) .",True,1.0,0,1.0,0
2839,2479,file_pdf,ok,,0.45000000000000007,0.20512820512820512,0.32499999999999996,0.011746987951807175,0.026199113260781944,0.0,2481,100,0.010452499999999532,0.028088400000001457,"T?t_d??ng_l?ch 2019 4 ngày và ngh? T?t_âm_l?ch 2019 ( 5 ngày
ngh?",False,1.00080677692618,75,1.0,0
6673,1402,text_baseline,ok,,0.39999999999999997,0.10144927536231885,0.2714285714285714,0.0,0.2303851640513552,0.05769230769230771,1402,11,0.00011299999999891952,0.000628700000007143,""" Nhà_lãnh_đạo của thế_giới tự_do "" Đã có nhiều tin_đồn về việc Giám_đốc_điều_hành Facebook Mark_Zuckerberg có dự_định ứng_cử vào chiếc ghế Tổng_thống Mỹ trong tương_lai . Là một trong năm người giàu_có và ảnh_hưởng nhất hành_tinh , ông chủ mạng xã_hội khổng_lồ Facebook được mô_tả như "" nhà_lãnh_đạo của thế_giới tự_do "" .",True,1.0,0,1.0,0
6673,1402,file_txt,ok,,0.39999999999999997,0.10144927536231885,0.2714285714285714,0.0,0.2303851640513552,0.05769230769230771,1402,11,0.001546599999997511,0.0006237000000055559,""" Nhà_lãnh_đạo của thế_giới tự_do "" Đã có nhiều tin_đồn về việc Giám_đốc_điều_hành Facebook Mark_Zuckerberg có dự_định ứng_cử vào chiếc ghế Tổng_thống Mỹ trong tương_lai . Là một trong năm người giàu_có và ảnh_hưởng nhất hành_tinh , ông chủ mạng xã_hội khổng_lồ Facebook được mô_tả như "" nhà_lãnh_đạo của thế_giới tự_do "" .",True,1.0,0,1.0,0
6673,1402,file_docx,ok,,0.39999999999999997,0.10144927536231885,0.2714285714285714,0.0,0.2303851640513552,0.05769230769230771,1402,11,0.018325900000007778,0.0006203999999883081,""" Nhà_lãnh_đạo của thế_giới tự_do "" Đã có nhiều tin_đồn về việc Giám_đốc_điều_hành Facebook Mark_Zuckerberg có dự_định ứng_cử vào chiếc ghế Tổng_thống Mỹ trong tương_lai . Là một trong năm người giàu_có và ảnh_hưởng nhất hành_tinh , ông chủ mạng xã_hội khổng_lồ Facebook được mô_tả như "" nhà_lãnh_đạo của thế_giới tự_do "" .",True,1.0,0,1.0,0
6673,1402,file_pdf,ok,,0.6603773584905662,0.038461538461538464,0.30188679245283023,0.030458221024258825,0.1276747503566334,0.0,1402,35,0.010956699999994157,0.0034519999999957918,""" Zuck t?nh d?y vào ngày 9/11 v?i nh?n_th?c sâu_s?c r?ng Facebook ?ã
tr?_thành n?n_t?ng cho m?t s? c?_b?n , chính
Zuckerberg ?ã không tin ???c r?ng s?c_m?nh c?a m?ng xã_h?i có_th?",False,1.0,24,1.0,0
12991,3713,text_baseline,ok,,0.5793103448275861,0.27972027972027974,0.30344827586206896,0.0,0.07002423915970914,0.0,3713,31,0.00030999999999892225,0.004645500000009406,"Biết được câu_chuyện của họ , nhiều người đã khẳng_định sẽ "" ủng_hộ "" những người lái_xe truyền_thống khi họ có nhu_cầu đi_lại như một_cách san_sẻ khó_khăn . Giá của xe_ôm truyền_thống có_thể cao hơn xe_ôm công_nghệ song không_thể tuỳ_tiện "" chặt chém "" được .",True,1.0,0,1.0,0
12991,3713,file_txt,ok,,0.5793103448275861,0.27972027972027974,0.30344827586206896,0.0,0.07002423915970914,0.0,3713,31,0.0031117999999992207,0.004747500000007676,"Biết được câu_chuyện của họ , nhiều người đã khẳng_định sẽ "" ủng_hộ "" những người lái_xe truyền_thống khi họ có nhu_cầu đi_lại như một_cách san_sẻ khó_khăn . Giá của xe_ôm truyền_thống có_thể cao hơn xe_ôm công_nghệ song không_thể tuỳ_tiện "" chặt chém "" được .",True,1.0,0,1.0,0
12991,3713,file_docx,ok,,0.5793103448275861,0.27972027972027974,0.30344827586206896,0.0,0.07002423915970914,0.0,3713,31,0.019329199999987168,0.004366000000004533,"Biết được câu_chuyện của họ , nhiều người đã khẳng_định sẽ "" ủng_hộ "" những người lái_xe truyền_thống khi họ có nhu_cầu đi_lại như một_cách san_sẻ khó_khăn . Giá của xe_ôm truyền_thống có_thể cao hơn xe_ôm công_nghệ song không_thể tuỳ_tiện "" chặt chém "" được .",True,1.0,0,1.0,0
12991,3713,file_pdf,ok,,0.6351351351351351,0.1780821917808219,0.28378378378378377,-0.01966449207828519,0.06192784060312332,0.0,3714,130,0.010248000000004254,0.04325439999999503,"B?i , dù ?ó là m?t ng??i nhi?u tu?i có hoàn_c?nh ?áng th??ng ?i ch?y
xe_ôm nh?ng l?i ch?t chém , ch?t_l??ng ph?c_v? T?i_sao áo_dài truy?n_th?ng v?n có s?c hút và t?n_t?i t?i ngày_nay và qua m?t_hàng tr?m ki?u
qu?n_áo th?i_th??ng ?",False,1.0002693239967682,99,1.0,0
2691,2009,text_baseline,ok,,0.7,0.5443037974683544,0.575,0.0,0.14235938277750124,0.0461538461538461,2009,16,0.0001395999999971309,0.001393800000002443,"Khi đến đoạn đường thuộc xã Nhị_Bình thì bị sụt lún , dẫn đến cần_cẩu dài gần 20m , nặng khoảng 2 tấn , ngã đập vào nhà ông Nguyễn_Văn_Út ( 49 tuổi , ngụ xã Nhị_Bình , huyện Châu_Thành ) làm căn nhà này bị sập , hư_hỏng nặng khoảng 50 % . Căn nhà bị hư_hỏng nặng sau sự_cố - Ảnh : H.T .",True,1.0,0,1.0,0
2691,2009,file_txt,ok,,0.7,0.5443037974683544,0.575,0.0,0.14235938277750124,0.0461538461538461,2009,16,0.002537500000002524,0.002057699999994611,"Khi đến đoạn đường thuộc xã Nhị_Bình thì bị sụt lún , dẫn đến cần_cẩu dài gần 20m , nặng khoảng 2 tấn , ngã đập vào nhà ông Nguyễn_Văn_Út ( 49 tuổi , ngụ xã Nhị_Bình , huyện Châu_Thành ) làm căn nhà này bị sập , hư_hỏng nặng khoảng 50 % . Căn nhà bị hư_hỏng nặng sau sự_cố - Ảnh : H.T .",True,1.0,0,1.0,0
2691,2009,file_docx,ok,,0.7,0.5443037974683544,0.575,0.0,0.14235938277750124,0.0461538461538461,2009,16,0.019162700000009636,0.0013334000000071455,"Khi đến đoạn đường thuộc xã Nhị_Bình thì bị sụt lún , dẫn đến cần_cẩu dài gần 20m , nặng khoảng 2 tấn , ngã đập vào nhà ông Nguyễn_Văn_Út ( 49 tuổi , ngụ xã Nhị_Bình , huyện Châu_Thành ) làm căn nhà này bị sập , hư_hỏng nặng khoảng 50 % . Căn nhà bị hư_hỏng nặng sau sự_cố - Ảnh : H.T .",True,1.0,0,1.0,0
2691,2009,file_pdf,ok,,0.75,0.47761194029850745,0.5735294117647058,-0.0014705882352941124,0.10004977600796416,0.28260869565217395,2009,44,0.008362099999999373,0.005773599999997714,"s?t lún , d?n ??n c?n_c?u dài g?n 20m , n?ng
kho?ng 2 t?n , ngã ??p vào nhà ông Nguy?n_V?n_Út ( 49 tu?i , ng? Cây c?n_c?u
dài g?n 20m , n?ng kho?ng 2 t?n ngã ??p vào nhà ông Nguy?n_V?n_Út - ?nh : H.T .",False,1.0,28,1.0,0
18905,4473,text_baseline,ok,,0.4428571428571429,0.10144927536231883,0.2571428571428571,0.0,0.06528057232282584,0.4,4473,25,0.000243300000008162,0.003511500000001888,"Cổng đường hoa ở vị_trí trung_tâm là đại_gia_đình Hợi với 9 thành_viên cùng nhau đi chơi tết , sắm tết ở chợ Bến_Thành , một trong những chợ truyền_thống nổi_tiếng của TP. Cổng đường hoa ở vị_trí trung_tâm là đại_gia_đình Hợi với 9 thành_viên cùng nhau đi chơi tết , sắm tết ở chợ Bến_Thành .",True,1.0,0,1.0,0
18905,4473,file_txt,ok,,0.4428571428571429,0.10144927536231883,0.2571428571428571,0.0,0.06528057232282584,0.4,4473,25,0.0038248999999979105,0.003602599999993572,"Cổng đường hoa ở vị_trí trung_tâm là đại_gia_đình Hợi với 9 thành_viên cùng nhau đi chơi tết , sắm tết ở chợ Bến_Thành , một trong những chợ truyền_thống nổi_tiếng của TP. Cổng đường hoa ở vị_trí trung_tâm là đại_gia_đình Hợi với 9 thành_viên cùng nhau đi chơi tết , sắm tết ở chợ Bến_Thành .",True,1.0,0,1.0,0
18905,4473,file_docx,ok,,0.4428571428571429,0.10144927536231883,0.2571428571428571,0.0,0.06528057232282584,0.4,4473,25,0.020915999999999713,0.003368499999993446,"Cổng đường hoa ở vị_trí trung_tâm là đại_gia_đình Hợi với 9 thành_viên cùng nhau đi chơi tết , sắm tết ở chợ Bến_Thành , một trong những chợ truyền_thống nổi_tiếng của TP. Cổng đường hoa ở vị_trí trung_tâm là đại_gia_đình Hợi với 9 thành_viên cùng nhau đi chơi tết , sắm tết ở chợ Bến_Thành .",True,1.0,0,1.0,0
18905,4473,file_pdf,ok,,0.3926380368098159,0.12422360248447205,0.19631901840490795,-0.060823838737949165,0.08292355833705856,0.0,4474,108,0.01574680000000228,0.03296969999999533,"trên l?ng mang ho?_ti?t mai vàng và bi?u_t??ng ??ng_ti?n v?i tên g?i
thân_th??ng - Nuôi heo ??t "" T?t làm ?i?u hay , chung tay ?óng_góp cho h?c_sinh nghèo TP "" , mong_mu?n
???c ?ón_nh?n nh?ng t?m lòng vàng c?a ??ng_bào , du_khách ??n tham_quan ???ng hoa ?? ?ang d?o b??c trong lòng ??i_d??ng v?i nh?ng cu?n sóng u?n cong ??y m?_thu?t , nh?ng
c?t bong_bóng dao_??ng v?n_v?",False,1.0002235636038452,83,1.0,0
19248,3240,text_baseline,ok,,0.588957055214724,0.2732919254658385,0.3190184049079755,0.0,0.1021604938271605,0.0,3240,19,0.00020539999999868996,0.0019740999999982023,"Mẫu máy_bay_không_người_lái do Việt_Nam phát_triển Đây không phải lần đầu_tiên giới nghiên_cứu khoa_học Việt_Nam công_bố mô_hình drone . Ngoài chiếc Drone của Đại_học Bách_khoa Hà_Nội , máy_bay_không_người_lái Pelican VB -01 của Viện Vật_lý ứng_dụng và Thiết_bị khoa_học cũng là điểm sáng trong không_gian trưng_bày Techmart 2015 .",True,1.0,0,1.0,0
19248,3240,file_txt,ok,,0.588957055214724,0.2732919254658385,0.3190184049079755,0.0,0.1021604938271605,0.0,3240,19,0.0027702000000005,0.0024410999999986416,"Mẫu máy_bay_không_người_lái do Việt_Nam phát_triển Đây không phải lần đầu_tiên giới nghiên_cứu khoa_học Việt_Nam công_bố mô_hình drone . Ngoài chiếc Drone của Đại_học Bách_khoa Hà_Nội , máy_bay_không_người_lái Pelican VB -01 của Viện Vật_lý ứng_dụng và Thiết_bị khoa_học cũng là điểm sáng trong không_gian trưng_bày Techmart 2015 .",True,1.0,0,1.0,0
19248,3240,file_docx,ok,,0.588957055214724,0.2732919254658385,0.3190184049079755,0.0,0.1021604938271605,0.0,3240,19,0.01970020000000261,0.001926199999999767,"Mẫu máy_bay_không_người_lái do Việt_Nam phát_triển Đây không phải lần đầu_tiên giới nghiên_cứu khoa_học Việt_Nam công_bố mô_hình drone . Ngoài chiếc Drone của Đại_học Bách_khoa Hà_Nội , máy_bay_không_người_lái Pelican VB -01 của Viện Vật_lý ứng_dụng và Thiết_bị khoa_học cũng là điểm sáng trong không_gian trưng_bày Techmart 2015 .",True,1.0,0,1.0,0
19248,3240,file_pdf,ok,,0.5454545454545455,0.22222222222222224,0.34545454545454546,0.026436140546569953,0.052745219000616905,0.03703703703703709,3242,79,0.010220099999997956,0.015638699999996675,"cho bi?t , ?i?m ??c_bi?t c?a chi?c Drone n?m ? Ngoài chi?c Drone
c?a ??i_h?c Bách_khoa Hà_N?i , máy_bay_không_ng??i_lái Pelican VB -01 c?a Vi?n V?t_lý ?ng_d?ng và
Thi?t_b?",False,1.0006172839506173,60,0.9985935302390998,0
11711,1206,text_baseline,ok,,0.5106382978723404,0.21582733812949642,0.3546099290780142,0.0,0.2537313432835821,0.06818181818181823,1206,11,9.690000000261989e-05,0.0006101999999970076,"Quan_chức Nhà_Trắng hôm_nay tiết_lộ cuộc họp đầu_tiên giữa Tổng_thống Mỹ Donald_Trump và lãnh_đạo Triều_Tiên_Kim_Jong-un sẽ được tổ_chức riêng , không có sự tham_gia của phái_đoàn hai nước . Tổng_thống Mỹ và lãnh_đạo Triều_Tiên cũng có_thể tham_gia một_số hoạt_động bên lề cuộc họp thượng_đỉnh chính_thức .",True,1.0,0,1.0,0
11711,1206,file_txt,ok,,0.5106382978723404,0.21582733812949642,0.3546099290780142,0.0,0.2537313432835821,0.06818181818181823,1206,11,0.0012685000000089985,0.0006862999999981412,"Quan_chức Nhà_Trắng hôm_nay tiết_lộ cuộc họp đầu_tiên giữa Tổng_thống Mỹ Donald_Trump và lãnh_đạo Triều_Tiên_Kim_Jong-un sẽ được tổ_chức riêng , không có sự tham_gia của phái_đoàn hai nước . Tổng_thống Mỹ và lãnh_đạo Triều_Tiên cũng có_thể tham_gia một_số hoạt_động bên lề cuộc họp thượng_đỉnh chính_thức .",True,1.0,0,1.0,0
11711,1206,file_docx,ok,,0.5106382978723404,0.21582733812949642,0.3546099290780142,0.0,0.2537313432835821,0.06818181818181823,1206,11,0.02013300000000129,0.0010079999999987876,"Quan_chức Nhà_Trắng hôm_nay tiết_lộ cuộc họp đầu_tiên giữa Tổng_thống Mỹ Donald_Trump và lãnh_đạo Triều_Tiên_Kim_Jong-un sẽ được tổ_chức riêng , không có sự tham_gia của phái_đoàn hai nước . Tổng_thống Mỹ và lãnh_đạo Triều_Tiên cũng có_thể tham_gia một_số hoạt_động bên lề cuộc họp thượng_đỉnh chính_thức .",True,1.0,0,1.0,0
11711,1206,file_pdf,ok,,0.6373626373626374,0.20224719101123595,0.2857142857142857,-0.0688956433637285,0.12189054726368159,0.0,1206,37,0.010305699999989315,0.004110099999991235,"cu?c
h?p ??u_tiên gi?a T?ng_th?ng M? phi h?t nhân_hoá và hoà_bình cho bán_??o Tri?u_Tiên , quan_ch?c
Nhà_Tr?ng kh?ng_??nh ?ây là tin_t?c tích_c?c .",False,1.0,26,1.0,0
10449,1331,text_baseline,ok,,0.6324786324786325,0.34782608695652173,0.41025641025641024,0.0,0.19834710743801653,0.05555555555555558,1331,10,0.00010239999998873373,0.0005748000000096454,Chiếc Gulfstream III hoán_cải của Lockheed_Martin Tập_đoàn Lockheed_Martin hôm_qua giới_thiệu Phòng_thí_nghiệm tình_báo đa_năng trên không ( AML ) được chế_tạo trên khung thân máy_bay dân_dụng Gulfstream III cải_tiến . Chiếc AML của Lockheed_Martin trong khi bay .,True,1.0,0,1.0,0
10449,1331,file_txt,ok,,0.6324786324786325,0.34782608695652173,0.41025641025641024,0.0,0.19834710743801653,0.05555555555555558,1331,10,0.001273800000006986,0.0006314000000031683,Chiếc Gulfstream III hoán_cải của Lockheed_Martin Tập_đoàn Lockheed_Martin hôm_qua giới_thiệu Phòng_thí_nghiệm tình_báo đa_năng trên không ( AML ) được chế_tạo trên khung thân máy_bay dân_dụng Gulfstream III cải_tiến . Chiếc AML của Lockheed_Martin trong khi bay .,True,1.0,0,1.0,0
10449,1331,file_docx,ok,,0.6324786324786325,0.34782608695652173,0.41025641025641024,0.0,0.19834710743801653,0.05555555555555558,1331,10,0.018991999999997233,0.0005620999999962351,Chiếc Gulfstream III hoán_cải của Lockheed_Martin Tập_đoàn Lockheed_Martin hôm_qua giới_thiệu Phòng_thí_nghiệm tình_báo đa_năng trên không ( AML ) được chế_tạo trên khung thân máy_bay dân_dụng Gulfstream III cải_tiến . Chiếc AML của Lockheed_Martin trong khi bay .,True,1.0,0,1.0,0
10449,1331,file_pdf,ok,,0.5633802816901408,0.3142857142857143,0.4084507042253521,-0.0018057060310581186,0.24042073628850488,0.022727272727272707,1331,26,0.011502100000001292,0.002206199999989167,"Chi?c Gulfstream III hoán_c?i c?a Lockheed_Martin T?p_?oàn Lockheed_Martin hôm_qua gi?i_thi?u
Phòng_thí_nghi?m tình_báo ?a_n?ng trên không ( AML ) ???c ch?_t?o trên khung thân máy_bay dân_d?ng
Gulfstream III c?i_ti?n . M?c_tiêu c?a AML là t?_??ng thu_th?p và t?ng_h?p d?_li?u radar thô
thành thông_tin tình_báo h?u_ích .",False,1.0,16,1.0,0
2660,2463,text_baseline,ok,,0.4858757062146893,0.2971428571428571,0.4067796610169492,0.0,0.15062931384490458,0.05405405405405406,2463,20,0.0001519000000058668,0.0017746999999985746,"Ngày 2-11 , chị Phạm_Thị_Thu_Hà ( 34 tuổi ) , tìm gặp được chiến_sĩ công_an Phạm_Xuân_Cường người nhặt được túi_xách của chị Hà bên trong có hơn 50 triệu đồng và sau đó gửi trả lại . Do bận việc nên sáng 30-10 , chị Hà mới quay lại Công_an phường Phước_Nguyên để nhận lại tài_sản của mình và đến 2-11 , chị mới đến lại công_an phường để gặp_mặt và cảm_ơn chiến_sĩ Cường .",True,1.0,0,1.0,0
2660,2463,file_txt,ok,,0.4858757062146893,0.2971428571428571,0.4067796610169492,0.0,0.15062931384490458,0.05405405405405406,2463,20,0.0022419999999954143,0.0018016999999872496,"Ngày 2-11 , chị Phạm_Thị_Thu_Hà ( 34 tuổi ) , tìm gặp được chiến_sĩ công_an Phạm_Xuân_Cường người nhặt được túi_xách của chị Hà bên trong có hơn 50 triệu đồng và sau đó gửi trả lại . Do bận việc nên sáng 30-10 , chị Hà mới quay lại Công_an phường Phước_Nguyên để nhận lại tài_sản của mình và đến 2-11 , chị mới đến lại công_an phường để gặp_mặt và cảm_ơn chiến_sĩ Cường .",True,1.0,0,1.0,0
2660,2463,file_docx,ok,,0.4858757062146893,0.2971428571428571,0.4067796610169492,0.0,0.15062931384490458,0.05405405405405406,2463,20,0.01918150000000196,0.001983899999999039,"Ngày 2-11 , chị Phạm_Thị_Thu_Hà ( 34 tuổi ) , tìm gặp được chiến_sĩ công_an Phạm_Xuân_Cường người nhặt được túi_xách của chị Hà bên trong có hơn 50 triệu đồng và sau đó gửi trả lại . Do bận việc nên sáng 30-10 , chị Hà mới quay lại Công_an phường Phước_Nguyên để nhận lại tài_sản của mình và đến 2-11 , chị mới đến lại công_an phường để gặp_mặt và cảm_ơn chiến_sĩ Cường .",True,1.0,0,1.0,0
2660,2463,file_pdf,ok,,0.6506024096385542,0.2716049382716049,0.3614457831325301,-0.04533387788441906,0.03530844155844156,0.0,2464,92,0.00941669999998851,0.02224470000000167,"c?m_?n nh?ng C??ng d?t_khoát
t?_ch?i . ch?c_ch?n là ti?n m?_hôi_n??c_m?t c?a ng??i_ta .",False,1.0004060089321964,72,1.0,0
16658,1317,text_baseline,ok,,0.59375,0.5473684210526316,0.5833333333333334,0.0,0.31511009870918755,0.03947368421052633,1317,10,0.0001031999999980826,0.0005384000000105971,"Theo đại_diện công_an phường , vào 14h chiều 29-5 tại trụ_sở Công_an quận Thủ_Đức , UBND quận sẽ thưởng_nóng cho các anh Dương_Minh_Quang ( 25 tuổi quê Lâm_Đồng ) , Bùi_Văn_Tiến ( 25 tuổi , quê Bình_Phước ) và Nguyễn_Sơn_Tùng ( 24 tuổi quê Bình_Định ) vì đã dũng_cảm truy_đuổi và cùng người_dân bắt được hai tên cướp_giật có hung_khí . Danh bỏ chạy vào hẻm gần đó lẫn trốn cũng bị người_dân cùng công_an khống_chế .",True,1.0,0,1.0,0
16658,1317,file_txt,ok,,0.59375,0.5473684210526316,0.5833333333333334,0.0,0.31511009870918755,0.03947368421052633,1317,10,0.0013497000000057824,0.0005992000000105691,"Theo đại_diện công_an phường , vào 14h chiều 29-5 tại trụ_sở Công_an quận Thủ_Đức , UBND quận sẽ thưởng_nóng cho các anh Dương_Minh_Quang ( 25 tuổi quê Lâm_Đồng ) , Bùi_Văn_Tiến ( 25 tuổi , quê Bình_Phước ) và Nguyễn_Sơn_Tùng ( 24 tuổi quê Bình_Định ) vì đã dũng_cảm truy_đuổi và cùng người_dân bắt được hai tên cướp_giật có hung_khí . Danh bỏ chạy vào hẻm gần đó lẫn trốn cũng bị người_dân cùng công_an khống_chế .",True,1.0,0,1.0,0
16658,1317,file_docx,ok,,0.59375,0.5473684210526316,0.5833333333333334,0.0,0.31511009870918755,0.03947368421052633,1317,10,0.01883680000000254,0.000591700000001083,"Theo đại_diện công_an phường , vào 14h chiều 29-5 tại trụ_sở Công_an quận Thủ_Đức , UBND quận sẽ thưởng_nóng cho các anh Dương_Minh_Quang ( 25 tuổi quê Lâm_Đồng ) , Bùi_Văn_Tiến ( 25 tuổi , quê Bình_Phước ) và Nguyễn_Sơn_Tùng ( 24 tuổi quê Bình_Định ) vì đã dũng_cảm truy_đuổi và cùng người_dân bắt được hai tên cướp_giật có hung_khí . Danh bỏ chạy vào hẻm gần đó lẫn trốn cũng bị người_dân cùng công_an khống_chế .",True,1.0,0,1.0,0
16658,1317,file_pdf,ok,,0.7346938775510204,0.6344827586206896,0.6938775510204083,0.1105442176870749,0.21943811693242218,0.06000000000000005,1317,27,0.010647300000002247,0.0020269999999982247,"th??ng_nóng cho các anh D??ng_Minh_Quang ( 25 tu?i quê Lâm_??ng ) , Bùi_V?n_Ti?n ( 25 tu?i , quê
Bình_Ph??c ) và Nguy?n_S?n_Tùng ( 24 tu?i quê Bình_??nh ) vì ?ã d?ng_c?m truy_?u?i và cùng ng??i_dân
b?t ???c hai tên c??p_gi?t có hung_khí . Tr?n_Ng?c_Danh t?i c?_quan công_an - ?nh : T?_SANG",False,1.0,17,1.0,0
3001,2120,text_baseline,ok,,0.5972850678733032,0.2557077625570776,0.39819004524886875,0.0,0.18443396226415093,0.078125,2120,14,0.00013149999999484407,0.000995200000005525,"Bộ Tài_nguyên - Môi_trường cũng kiến_nghị Thủ_tướng giao Bộ Xây_dựng chủ_trì , phối_hợp với Bộ Khoa_học - Công_nghệ nghiên_cứu sản_xuất vật_liệu thay_thế cát , sỏi dùng cho xây_dựng ; sử_dụng cát nhiễm mặn cho các công_trình lấn biển , chống biến_đổi khí_hậu , không xuất_khẩu cát , kể_cả cát nhiễm mặn . Hướng_dẫn việc sản_xuất và sử_dụng cát nhân_tạo thay_thế cát tự_nhiên trong xây_dựng .",True,1.0,0,1.0,0
3001,2120,file_txt,ok,,0.5972850678733032,0.2557077625570776,0.39819004524886875,0.0,0.18443396226415093,0.078125,2120,14,0.0024015000000048303,0.0011602000000010548,"Bộ Tài_nguyên - Môi_trường cũng kiến_nghị Thủ_tướng giao Bộ Xây_dựng chủ_trì , phối_hợp với Bộ Khoa_học - Công_nghệ nghiên_cứu sản_xuất vật_liệu thay_thế cát , sỏi dùng cho xây_dựng ; sử_dụng cát nhiễm mặn cho các công_trình lấn biển , chống biến_đổi khí_hậu , không xuất_khẩu cát , kể_cả cát nhiễm mặn . Hướng_dẫn việc sản_xuất và sử_dụng cát nhân_tạo thay_thế cát tự_nhiên trong xây_dựng .",True,1.0,0,1.0,0
3001,2120,file_docx,ok,,0.5972850678733032,0.2557077625570776,0.39819004524886875,0.0,0.18443396226415093,0.078125,2120,14,0.019798999999991906,0.0010754999999988968,"Bộ Tài_nguyên - Môi_trường cũng kiến_nghị Thủ_tướng giao Bộ Xây_dựng chủ_trì , phối_hợp với Bộ Khoa_học - Công_nghệ nghiên_cứu sản_xuất vật_liệu thay_thế cát , sỏi dùng cho xây_dựng ; sử_dụng cát nhiễm mặn cho các công_trình lấn biển , chống biến_đổi khí_hậu , không xuất_khẩu cát , kể_cả cát nhiễm mặn . Hướng_dẫn việc sản_xuất và sử_dụng cát nhân_tạo thay_thế cát tự_nhiên trong xây_dựng .",True,1.0,0,1.0,0
3001,2120,file_pdf,ok,,0.5882352941176471,0.11920529801324502,0.2875816993464052,-0.11060834590246355,0.0900943396226415,0.06060606060606055,2120,48,0.008479100000002404,0.008176599999998757,"cát , s?i dùng cho xây_d?ng ; s?_d?ng cát nhi?m m?n cho các công_trình l?n bi?n ,
ch?ng bi?n_??i khí_h?u , không xu?t_kh?u cát , k?_c? H??ng_d?n vi?c s?n_xu?t và s?_d?ng cát nhân_t?o thay_th?",False,1.0,34,1.0,0
5569,2879,text_baseline,ok,,0.608695652173913,0.23076923076923078,0.25,0.0,0.1337269885376867,0.0,2879,20,0.00017760000000066611,0.0017619999999993752,"Người_phát_ngôn Bộ ngoại_giao Nga ngày 14-3 xác_nhận Matxcơva đã nhận được danh_sách 23 nhà_ngoại_giao Nga bị trục_xuất khỏi Anh và tuyên_bố Nga sẽ có các biện_pháp đáp trả . Theo hãng thông_tấn RIA ( Nga ) , bà Matvienko nhận_định việc London cáo_buộc Matxcơva đứng sau vụ đầu_độc cựu điệp_viên hai mang Skripal cùng những động_thái nhằm vào Nga của Anh là "" hành_động khiêu_khích "" .",True,1.0,0,1.0,0
5569,2879,file_txt,ok,,0.608695652173913,0.23076923076923078,0.25,0.0,0.1337269885376867,0.0,2879,20,0.0028911999999934324,0.0018839999999897827,"Người_phát_ngôn Bộ ngoại_giao Nga ngày 14-3 xác_nhận Matxcơva đã nhận được danh_sách 23 nhà_ngoại_giao Nga bị trục_xuất khỏi Anh và tuyên_bố Nga sẽ có các biện_pháp đáp trả . Theo hãng thông_tấn RIA ( Nga ) , bà Matvienko nhận_định việc London cáo_buộc Matxcơva đứng sau vụ đầu_độc cựu điệp_viên hai mang Skripal cùng những động_thái nhằm vào Nga của Anh là "" hành_động khiêu_khích "" .",True,1.0,0,1.0,0
5569,2879,file_docx,ok,,0.608695652173913,0.23076923076923078,0.25,0.0,0.1337269885376867,0.0,2879,20,0.0199061999999941,0.0019423999999901298,"Người_phát_ngôn Bộ ngoại_giao Nga ngày 14-3 xác_nhận Matxcơva đã nhận được danh_sách 23 nhà_ngoại_giao Nga bị trục_xuất khỏi Anh và tuyên_bố Nga sẽ có các biện_pháp đáp trả . Theo hãng thông_tấn RIA ( Nga ) , bà Matvienko nhận_định việc London cáo_buộc Matxcơva đứng sau vụ đầu_độc cựu điệp_viên hai mang Skripal cùng những động_thái nhằm vào Nga của Anh là "" hành_động khiêu_khích "" .",True,1.0,0,1.0,0
5569,2879,file_pdf,ok,,0.6065573770491803,0.26666666666666666,0.3278688524590164,0.07786885245901642,0.0572717806317251,0.040000000000000036,2881,68,0.010440099999996733,0.01206229999999664,"Th?_t??ng May c?ng c?nh_báo 23 nhà_ngo?i_giao Nga t?i Anh s? quy?t_??nh c?a Anh tr?c_xu?t các nhà_ngo?i_giao Nga là ""
b??c_?i thi?n_c?n , không xác_?áng và không_th?",False,1.0006946856547412,48,0.998300283286119,0
12711,2110,text_baseline,ok,,0.3406113537117904,0.24669603524229075,0.30567685589519655,0.0,0.25971563981042656,0.06451612903225812,2110,15,0.00014330000000484233,0.0010644000000041842,"Nghị_sĩ Sra_Kacaw thuộc Quốc_dân đảng đã tức_giận ném bình nước giữ nhiệt về phía bục phát_biểu và vào các nghị_sĩ đảng đối_lập tại một phiên thảo_luận về dự_luật đòi công_lý cho các nạn_nhân bị thảm_sát trong cuộc nổi_dậy vào năm 1947 của người Đài_Loan phản_đối chính_quyền , Focus_Taiwan đưa tin ngày 7/12 . Dự_luật đòi công_lý cho các nạn_nhân trong thời_kỳ thiết quân_luật mà Quốc_dân đảng , dưới sự lãnh_đạo của Tưởng_Giới_Thạch , áp_dụng lên đảo Đài_Loan từ năm 1947 đến tận năm 1987 đã được quốc_hội Đài_Loan thảo_luận trong nhiều năm qua .",True,1.0,0,1.0,0
12711,2110,file_txt,ok,,0.3406113537117904,0.24669603524229075,0.30567685589519655,0.0,0.25971563981042656,0.06451612903225812,2110,15,0.002017300000005662,0.0014598000000063394,"Nghị_sĩ Sra_Kacaw thuộc Quốc_dân đảng đã tức_giận ném bình nước giữ nhiệt về phía bục phát_biểu và vào các nghị_sĩ đảng đối_lập tại một phiên thảo_luận về dự_luật đòi công_lý cho các nạn_nhân bị thảm_sát trong cuộc nổi_dậy vào năm 1947 của người Đài_Loan phản_đối chính_quyền , Focus_Taiwan đưa tin ngày 7/12 . Dự_luật đòi công_lý cho các nạn_nhân trong thời_kỳ thiết quân_luật mà Quốc_dân đảng , dưới sự lãnh_đạo của Tưởng_Giới_Thạch , áp_dụng lên đảo Đài_Loan từ năm 1947 đến tận năm 1987 đã được quốc_hội Đài_Loan thảo_luận trong nhiều năm qua .",True,1.0,0,1.0,0
12711,2110,file_docx,ok,,0.3406113537117904,0.24669603524229075,0.30567685589519655,0.0,0.25971563981042656,0.06451612903225812,2110,15,0.0193916999999999,0.0011147000000022445,"Nghị_sĩ Sra_Kacaw thuộc Quốc_dân đảng đã tức_giận ném bình nước giữ nhiệt về phía bục phát_biểu và vào các nghị_sĩ đảng đối_lập tại một phiên thảo_luận về dự_luật đòi công_lý cho các nạn_nhân bị thảm_sát trong cuộc nổi_dậy vào năm 1947 của người Đài_Loan phản_đối chính_quyền , Focus_Taiwan đưa tin ngày 7/12 . Dự_luật đòi công_lý cho các nạn_nhân trong thời_kỳ thiết quân_luật mà Quốc_dân đảng , dưới sự lãnh_đạo của Tưởng_Giới_Thạch , áp_dụng lên đảo Đài_Loan từ năm 1947 đến tận năm 1987 đã được quốc_hội Đài_Loan thảo_luận trong nhiều năm qua .",True,1.0,0,1.0,0
12711,2110,file_pdf,ok,,0.575,0.07692307692307691,0.275,-0.03067685589519653,0.04834123222748815,0.0,2110,54,0.009309699999988652,0.008461100000005217,"Và c?nh_sát ?ã
n?_súng b?n ch?t m?t ng??i . Và lãnh_??o
??ng Dân_Ti?n ca_ng?i ?ây là "" c?t m?c l?ch_s?",False,1.0,39,1.0,0
6642,3266,text_baseline,ok,,0.631578947368421,0.3188405797101449,0.3253588516746412,0.0,0.11818738518064911,0.0273972602739726,3266,23,0.00018829999999070424,0.0025895999999931973,"Kể từ khi quân_đội Syria nối lại các cuộc tấn_công vào Idlib , phiến quân đã nhiều lần tấn_công vào sân_bay Hmeimim và 3 lần trong số đó diễn ra liên_tiếp trong 72 giờ . Phần_lớn khu_vực này nằm trong sự kiểm_soát của các phiến quân người Kurd tại Syria , lực_lượng mà Thổ_Nhĩ_Kỳ coi là một tổ_chức khủng_bố , nhưng lại đóng vai_trò quan_trọng trong cuộc_chiến chống IS của Mỹ ở Syria .",True,1.0,0,1.0,0
6642,3266,file_txt,ok,,0.631578947368421,0.3188405797101449,0.3253588516746412,0.0,0.11818738518064911,0.0273972602739726,3266,23,0.0028741999999937207,0.0027960000000035734,"Kể từ khi quân_đội Syria nối lại các cuộc tấn_công vào Idlib , phiến quân đã nhiều lần tấn_công vào sân_bay Hmeimim và 3 lần trong số đó diễn ra liên_tiếp trong 72 giờ . Phần_lớn khu_vực này nằm trong sự kiểm_soát của các phiến quân người Kurd tại Syria , lực_lượng mà Thổ_Nhĩ_Kỳ coi là một tổ_chức khủng_bố , nhưng lại đóng vai_trò quan_trọng trong cuộc_chiến chống IS của Mỹ ở Syria .",True,1.0,0,1.0,0
6642,3266,file_docx,ok,,0.631578947368421,0.3188405797101449,0.3253588516746412,0.0,0.11818738518064911,0.0273972602739726,3266,23,0.019395200000005275,0.0026571999999873697,"Kể từ khi quân_đội Syria nối lại các cuộc tấn_công vào Idlib , phiến quân đã nhiều lần tấn_công vào sân_bay Hmeimim và 3 lần trong số đó diễn ra liên_tiếp trong 72 giờ . Phần_lớn khu_vực này nằm trong sự kiểm_soát của các phiến quân người Kurd tại Syria , lực_lượng mà Thổ_Nhĩ_Kỳ coi là một tổ_chức khủng_bố , nhưng lại đóng vai_trò quan_trọng trong cuộc_chiến chống IS của Mỹ ở Syria .",True,1.0,0,1.0,0
6642,3266,file_pdf,ok,,0.59375,0.34920634920634924,0.375,0.04964114832535882,0.039473684210526314,0.0,3268,102,0.01096609999999032,0.028240900000000124,"??t t?n_công l?n vào các c?_?i?m c?a quân_??i Syria ? ki?m_soát c?a các phi?n quân ng??i Kurd t?i Syria , l?c_l??ng mà Th?_Nh?_K?",False,1.0006123698714022,79,1.0,0
2923,3638,text_baseline,ok,,0.36363636363636365,0.20717131474103584,0.30039525691699603,0.0,0.16822429906542055,0.14655172413793105,3638,15,0.0002159999999946649,0.0015670000000085338,"Quy_định làm khó Ngay khi thông_tư này mới ra_đời , giới bác_sĩ nhi_khoa đã rất băn_khoăn về việc này bởi quy_định ghi số CMND / thẻ căn_cước của cha_mẹ , người giám_hộ của trẻ không mang đến lợi_ích gì mà_lại gây khó cho gia_đình , nhất_là trường_hợp gia_đình vội đi chữa bệnh cho con không mang theo CMND / thẻ căn_cước , hoặc người đưa trẻ đi khám bệnh không phải là cha_mẹ , người giám_hộ của trẻ . Theo ông Phúc , trẻ_em dưới 72 tháng tuổi nào cũng được cấp thẻ bảo_hiểm_y_tế miễn_phí , vì_vậy yêu_cầu cung_cấp số CMND hoặc thẻ căn_cước của cha_mẹ , người giám_hộ cho trẻ không liên_quan đến phía bảo_hiểm .",True,1.0,0,1.0,0
2923,3638,file_txt,ok,,0.36363636363636365,0.20717131474103584,0.30039525691699603,0.0,0.16822429906542055,0.14655172413793105,3638,15,0.003223000000005527,0.001594999999994684,"Quy_định làm khó Ngay khi thông_tư này mới ra_đời , giới bác_sĩ nhi_khoa đã rất băn_khoăn về việc này bởi quy_định ghi số CMND / thẻ căn_cước của cha_mẹ , người giám_hộ của trẻ không mang đến lợi_ích gì mà_lại gây khó cho gia_đình , nhất_là trường_hợp gia_đình vội đi chữa bệnh cho con không mang theo CMND / thẻ căn_cước , hoặc người đưa trẻ đi khám bệnh không phải là cha_mẹ , người giám_hộ của trẻ . Theo ông Phúc , trẻ_em dưới 72 tháng tuổi nào cũng được cấp thẻ bảo_hiểm_y_tế miễn_phí , vì_vậy yêu_cầu cung_cấp số CMND hoặc thẻ căn_cước của cha_mẹ , người giám_hộ cho trẻ không liên_quan đến phía bảo_hiểm .",True,1.0,0,1.0,0
2923,3638,file_docx,ok,,0.36363636363636365,0.20717131474103584,0.30039525691699603,0.0,0.16822429906542055,0.14655172413793105,3638,15,0.019119500000002176,0.0017440000000021882,"Quy_định làm khó Ngay khi thông_tư này mới ra_đời , giới bác_sĩ nhi_khoa đã rất băn_khoăn về việc này bởi quy_định ghi số CMND / thẻ căn_cước của cha_mẹ , người giám_hộ của trẻ không mang đến lợi_ích gì mà_lại gây khó cho gia_đình , nhất_là trường_hợp gia_đình vội đi chữa bệnh cho con không mang theo CMND / thẻ căn_cước , hoặc người đưa trẻ đi khám bệnh không phải là cha_mẹ , người giám_hộ của trẻ . Theo ông Phúc , trẻ_em dưới 72 tháng tuổi nào cũng được cấp thẻ bảo_hiểm_y_tế miễn_phí , vì_vậy yêu_cầu cung_cấp số CMND hoặc thẻ căn_cước của cha_mẹ , người giám_hộ cho trẻ không liên_quan đến phía bảo_hiểm .",True,1.0,0,1.0,0
2923,3638,file_pdf,ok,,0.528735632183908,0.1411764705882353,0.2758620689655173,-0.02453318795147874,0.02912087912087912,0.04761904761904767,3640,142,0.010515100000006328,0.05177650000000256,"c?n_c??c , ho?c ng??i ??a tr? c?n_c??c , nhi?u ng??i khi ??a con ?i khám b?nh c?ng quên
?em theo và vì_th?",False,1.000549752611325,127,0.9987293519695044,0
5652,3973,text_baseline,ok,,0.3373493975903615,0.20606060606060603,0.22289156626506024,0.0,0.20437956204379562,0.08799999999999997,3973,19,0.00022279999998886524,0.0024805999999983896,"và tất_cả lĩnh_vực Theo Đài_truyền_hình Việt_Nam , trong cuộc gặp với Chủ_tịch Tập_Cận_Bình , Chủ_tịch Quốc_hội Nguyễn_Thị_Kim_Ngân đã đề_nghị hai bên tiếp_tục duy_trì trao_đổi , tiếp_xúc giữa lãnh_đạo cấp cao , phát_huy đầy_đủ và hiệu_quả hơn_nữa vai_trò của các cơ_chế hiện_nay , tiếp_tục tăng_cường hợp_tác kênh Quốc_hội , Nhân_đạo , Mặt_trận Tổ_quốc , Chính hiệp hai nước , triển_khai hiệu_quả các cơ_chế hợp_tác trong các lĩnh_vực như ngoại_giao , quốc_phòng , an_ninh . Đặc_biệt về vấn_đề trên biển , Chủ_tịch Quốc_hội đề_nghị Trung_Quốc chỉ_đạo xử_lý theo các thoả_thuận cấp cao , khẳng_định Việt_Nam sẵn_sàng cùng Trung_Quốc tiếp_tục thực_hiện và tuân_thủ nhận_thức chung của lãnh_đạo cấp cao hai Đảng và hai nước , Thoả_thuận về những nguyên_tắc cơ_bản chỉ_đạo giải_quyết vấn_đề trên biển Việt - Trung .",True,1.0,0,1.0,0
5652,3973,file_txt,ok,,0.3373493975903615,0.20606060606060603,0.22289156626506024,0.0,0.20437956204379562,0.08799999999999997,3973,19,0.00350420000000895,0.00293039999999678,"và tất_cả lĩnh_vực Theo Đài_truyền_hình Việt_Nam , trong cuộc gặp với Chủ_tịch Tập_Cận_Bình , Chủ_tịch Quốc_hội Nguyễn_Thị_Kim_Ngân đã đề_nghị hai bên tiếp_tục duy_trì trao_đổi , tiếp_xúc giữa lãnh_đạo cấp cao , phát_huy đầy_đủ và hiệu_quả hơn_nữa vai_trò của các cơ_chế hiện_nay , tiếp_tục tăng_cường hợp_tác kênh Quốc_hội , Nhân_đạo , Mặt_trận Tổ_quốc , Chính hiệp hai nước , triển_khai hiệu_quả các cơ_chế hợp_tác trong các lĩnh_vực như ngoại_giao , quốc_phòng , an_ninh . Đặc_biệt về vấn_đề trên biển , Chủ_tịch Quốc_hội đề_nghị Trung_Quốc chỉ_đạo xử_lý theo các thoả_thuận cấp cao , khẳng_định Việt_Nam sẵn_sàng cùng Trung_Quốc tiếp_tục thực_hiện và tuân_thủ nhận_thức chung của lãnh_đạo cấp cao hai Đảng và hai nước , Thoả_thuận về những nguyên_tắc cơ_bản chỉ_đạo giải_quyết vấn_đề trên biển Việt - Trung .",True,1.0,0,1.0,0
5652,3973,file_docx,ok,,0.3373493975903615,0.20606060606060603,0.22289156626506024,0.0,0.20437956204379562,0.08799999999999997,3973,19,0.02398420000000101,0.002133299999997007,"và tất_cả lĩnh_vực Theo Đài_truyền_hình Việt_Nam , trong cuộc gặp với Chủ_tịch Tập_Cận_Bình , Chủ_tịch Quốc_hội Nguyễn_Thị_Kim_Ngân đã đề_nghị hai bên tiếp_tục duy_trì trao_đổi , tiếp_xúc giữa lãnh_đạo cấp cao , phát_huy đầy_đủ và hiệu_quả hơn_nữa vai_trò của các cơ_chế hiện_nay , tiếp_tục tăng_cường hợp_tác kênh Quốc_hội , Nhân_đạo , Mặt_trận Tổ_quốc , Chính hiệp hai nước , triển_khai hiệu_quả các cơ_chế hợp_tác trong các lĩnh_vực như ngoại_giao , quốc_phòng , an_ninh . Đặc_biệt về vấn_đề trên biển , Chủ_tịch Quốc_hội đề_nghị Trung_Quốc chỉ_đạo xử_lý theo các thoả_thuận cấp cao , khẳng_định Việt_Nam sẵn_sàng cùng Trung_Quốc tiếp_tục thực_hiện và tuân_thủ nhận_thức chung của lãnh_đạo cấp cao hai Đảng và hai nước , Thoả_thuận về những nguyên_tắc cơ_bản chỉ_đạo giải_quyết vấn_đề trên biển Việt - Trung .",True,1.0,0,1.0,0
5652,3973,file_pdf,ok,,0.6101694915254238,0.4457142857142858,0.39548022598870053,0.1725886597236403,0.08228485153497735,0.0,3974,87,0.01078839999999559,0.021724199999994198,"B?c_Kinh , Ch?_t?ch Trung_Qu?c T?p_C?n_Bình kh?ng_??nh
lãnh_??o c?p cao ??ng , Nhà_n??c Trung_Qu?c hoan_nghênh chuy?n th?m c?a Ch?_t?ch Qu?c_h?i
Nguy?n_Th?_Kim_Ngân và g?i l?i th?m_h?i t?i T?ng_bí_th? hi?n_nay , ti?p_t?c t?ng_c??ng h?p_tác kênh Qu?c_h?i , Nhân_??o , M?t_tr?n T?_qu?c , Chính hi?p
hai n??c , tri?n_khai hi?u_qu?",False,1.0002516989680343,68,1.0,0
7347,2496,text_baseline,ok,,0.29955947136563876,0.24888888888888885,0.24669603524229072,0.0,0.2171474358974359,0.07692307692307687,2496,15,0.0002439000000009628,0.0014926000000059503,"Ông cũng nói rằng Moscow sẽ vẫn hợp_tác với Mỹ bất_kể ai là người thắng_cử vào năm 2020 và bày_tỏ sự thương_cảm về hoàn_cảnh của gấu_Bắc_Cực khi Mỹ và Nga đối_mặt ở vùng cực của Trái_đất , tờ RT đưa tin . Nga sẽ làm_việc với bất_cứ ai thắng_cử năm 2020 Khi được hỏi liệu Moscow có quan_tâm đến cuộc chạy_đua bầu_cử mới của ông Trump vào năm 2020 hay không , nhà_lãnh_đạo Nga trả_lời rằng , "" điều đó không liên_quan gì đến chúng_tôi "" và Nga "" tôn_trọng sự lựa_chọn của người_dân Mỹ và sẵn_sàng làm_việc với bất_cứ ai trở_thành tổng_thống "" .",True,1.0,0,1.0,0
7347,2496,file_txt,ok,,0.29955947136563876,0.24888888888888885,0.24669603524229072,0.0,0.2171474358974359,0.07692307692307687,2496,15,0.0023127999999985605,0.00144880000000569,"Ông cũng nói rằng Moscow sẽ vẫn hợp_tác với Mỹ bất_kể ai là người thắng_cử vào năm 2020 và bày_tỏ sự thương_cảm về hoàn_cảnh của gấu_Bắc_Cực khi Mỹ và Nga đối_mặt ở vùng cực của Trái_đất , tờ RT đưa tin . Nga sẽ làm_việc với bất_cứ ai thắng_cử năm 2020 Khi được hỏi liệu Moscow có quan_tâm đến cuộc chạy_đua bầu_cử mới của ông Trump vào năm 2020 hay không , nhà_lãnh_đạo Nga trả_lời rằng , "" điều đó không liên_quan gì đến chúng_tôi "" và Nga "" tôn_trọng sự lựa_chọn của người_dân Mỹ và sẵn_sàng làm_việc với bất_cứ ai trở_thành tổng_thống "" .",True,1.0,0,1.0,0
7347,2496,file_docx,ok,,0.29955947136563876,0.24888888888888885,0.24669603524229072,0.0,0.2171474358974359,0.07692307692307687,2496,15,0.019324900000000866,0.0013331000000107451,"Ông cũng nói rằng Moscow sẽ vẫn hợp_tác với Mỹ bất_kể ai là người thắng_cử vào năm 2020 và bày_tỏ sự thương_cảm về hoàn_cảnh của gấu_Bắc_Cực khi Mỹ và Nga đối_mặt ở vùng cực của Trái_đất , tờ RT đưa tin . Nga sẽ làm_việc với bất_cứ ai thắng_cử năm 2020 Khi được hỏi liệu Moscow có quan_tâm đến cuộc chạy_đua bầu_cử mới của ông Trump vào năm 2020 hay không , nhà_lãnh_đạo Nga trả_lời rằng , "" điều đó không liên_quan gì đến chúng_tôi "" và Nga "" tôn_trọng sự lựa_chọn của người_dân Mỹ và sẵn_sàng làm_việc với bất_cứ ai trở_thành tổng_thống "" .",True,1.0,0,1.0,0
7347,2496,file_pdf,ok,,0.5679012345679012,0.0759493670886076,0.24691358024691357,0.00021754500462284332,0.04843875100080064,0.0,2498,82,0.009491699999998104,0.016693700000004696,"nh?ng con g?u_B?c_c?c M?t trong nh?ng v?n_?? ""
Trong tr??ng_h?p này , tôi th?y th??ng_xót nh?ng chú g?u_B?c_C?c và t?t_c?",False,1.0008012820512822,67,1.0,0
5593,3576,text_baseline,ok,,0.5405405405405406,0.3169398907103825,0.3891891891891892,0.0,0.10626398210290827,0.045454545454545414,3576,22,0.0002116000000000895,0.002473399999999515,"Nằm trong chương_trình tấn_công phủ_đầu của Hàn_Quốc nhằm vào Triều_Tiên có tên gọi "" Chuỗi tiêu_diệt "" , Seoul được cho đang chế_tạo một loại bom có khả_năng làm mất điện để đối_phó Bình_Nhưỡng . Các nguồn_tin quân_sự thông_thạo vấn_đề tiết_lộ loại bom này là bom graphite hay "" bom mất điện "" , đang được Cơ_quan phát_triển quốc_phòng Hàn_Quốc ( ADD ) nghiên_cứu và phát_triển .",True,1.0,0,1.0,0
5593,3576,file_txt,ok,,0.5405405405405406,0.3169398907103825,0.3891891891891892,0.0,0.10626398210290827,0.045454545454545414,3576,22,0.0032814999999999372,0.0026940999999993664,"Nằm trong chương_trình tấn_công phủ_đầu của Hàn_Quốc nhằm vào Triều_Tiên có tên gọi "" Chuỗi tiêu_diệt "" , Seoul được cho đang chế_tạo một loại bom có khả_năng làm mất điện để đối_phó Bình_Nhưỡng . Các nguồn_tin quân_sự thông_thạo vấn_đề tiết_lộ loại bom này là bom graphite hay "" bom mất điện "" , đang được Cơ_quan phát_triển quốc_phòng Hàn_Quốc ( ADD ) nghiên_cứu và phát_triển .",True,1.0,0,1.0,0
5593,3576,file_docx,ok,,0.5405405405405406,0.3169398907103825,0.3891891891891892,0.0,0.10626398210290827,0.045454545454545414,3576,22,0.019480299999997897,0.0026948999999945045,"Nằm trong chương_trình tấn_công phủ_đầu của Hàn_Quốc nhằm vào Triều_Tiên có tên gọi "" Chuỗi tiêu_diệt "" , Seoul được cho đang chế_tạo một loại bom có khả_năng làm mất điện để đối_phó Bình_Nhưỡng . Các nguồn_tin quân_sự thông_thạo vấn_đề tiết_lộ loại bom này là bom graphite hay "" bom mất điện "" , đang được Cơ_quan phát_triển quốc_phòng Hàn_Quốc ( ADD ) nghiên_cứu và phát_triển .",True,1.0,0,1.0,0
5593,3576,file_pdf,ok,,0.6120218579234974,0.3204419889502762,0.4262295081967213,0.037040319007532074,0.10120212468549064,0.0,3577,83,0.01068750000000307,0.018533300000001418,"N?m trong ch??ng_trình t?n_công ph?_??u c?a Hàn_Qu?c nh?m vào Tri?u_Tiên có tên g?i "" Chu?i tiêu_di?t "" ,
Seoul ???c cho ?ang ch?_t?o m?t lo?i bom có kh?_n?ng làm m?t ?i?n ?? Trong m?t b?n tin ???c Hãng thông_t?n trung_??ng
Tri?u_Tiên ( KCNA ) ??ng_t?i , U?_ban Bi?n_pháp Kh?n_c?p liên Tri?u c?a CHDCND Tri?u_Tiên ?ã ph?n_??i
các cu?c t?p_tr?n chi?n_tranh c?a M?",False,1.0002796420581654,61,1.0,0
4785,3386,text_baseline,ok,,0.5284974093264249,0.24083769633507854,0.31088082901554404,0.0,0.12138216184288246,0.0,3386,22,0.00021879999999896427,0.0024252999999987424,"Việc đưa ông Kelly vào Nhà_Trắng từng được xem là quyết_định quan_trọng của ông Trump nhằm nắm lại bộ_máy chính_quyền vốn có nhiều chia_rẽ . Trước đó , vào ngày 10-2 , tờ The_Hill từng tung tin chánh_văn_phòng John_Kelly đã ngỏ ý với Tổng_thống Trump rằng ông sẵn_sàng từ_chức , giữa lúc có tranh_cãi về việc ông giải_quyết các cáo_buộc cựu thư_ký Nhà_Trắng_Rob_Porter có bạo_hành gia_đình với hai người vợ cũ .",True,1.0,0,1.0,0
4785,3386,file_txt,ok,,0.5284974093264249,0.24083769633507854,0.31088082901554404,0.0,0.12138216184288246,0.0,3386,22,0.0028617999999909216,0.0022619000000076994,"Việc đưa ông Kelly vào Nhà_Trắng từng được xem là quyết_định quan_trọng của ông Trump nhằm nắm lại bộ_máy chính_quyền vốn có nhiều chia_rẽ . Trước đó , vào ngày 10-2 , tờ The_Hill từng tung tin chánh_văn_phòng John_Kelly đã ngỏ ý với Tổng_thống Trump rằng ông sẵn_sàng từ_chức , giữa lúc có tranh_cãi về việc ông giải_quyết các cáo_buộc cựu thư_ký Nhà_Trắng_Rob_Porter có bạo_hành gia_đình với hai người vợ cũ .",True,1.0,0,1.0,0
4785,3386,file_docx,ok,,0.5284974093264249,0.24083769633507854,0.31088082901554404,0.0,0.12138216184288246,0.0,3386,22,0.019529900000009093,0.0022601000000008753,"Việc đưa ông Kelly vào Nhà_Trắng từng được xem là quyết_định quan_trọng của ông Trump nhằm nắm lại bộ_máy chính_quyền vốn có nhiều chia_rẽ . Trước đó , vào ngày 10-2 , tờ The_Hill từng tung tin chánh_văn_phòng John_Kelly đã ngỏ ý với Tổng_thống Trump rằng ông sẵn_sàng từ_chức , giữa lúc có tranh_cãi về việc ông giải_quyết các cáo_buộc cựu thư_ký Nhà_Trắng_Rob_Porter có bạo_hành gia_đình với hai người vợ cũ .",True,1.0,0,1.0,0
4785,3386,file_pdf,ok,,0.6466165413533835,0.183206106870229,0.33082706766917297,0.019946238653628934,0.06318275760259817,0.0,3387,81,0.010206800000005956,0.017196299999994835,"Vi?c ??a ông Kelly vào Nhà_Tr?ng t?ng ???c xem là quy?t_??nh quan_tr?ng c?a
ông Trump nh?m n?m l?i b?_máy chính_quy?n v?n có nhi?u chia_r? ý v?i T?ng_th?ng Trump
r?ng ông s?n_sàng t?_ch?c , gi?a lúc có tranh_cãi v?",False,1.0002953337271117,59,1.0,0
13491,1262,text_baseline,ok,,0.5734265734265734,0.2978723404255319,0.3636363636363636,0.0,0.22424722662440572,0.05555555555555558,1262,15,0.00010989999999821976,0.0010529999999988604,"HCM cho_biết : "" Trong 7 tháng đầu năm , kim_ngạch nhập_khẩu ô_tô về Việt_Nam qua các cảng tại TP. Không_chỉ có mặt_hàng ô_tô nguyên chiếc giảm , kim_ngạch nhập_khẩu linh_kiện , phụ_tùng ô_tô cũng giảm gần 37 triệu USD so với cùng kỳ năm 2017 , chỉ đạt kim_ngạch trên 330 triệu USD .",True,1.0,0,1.0,0
13491,1262,file_txt,ok,,0.5734265734265734,0.2978723404255319,0.3636363636363636,0.0,0.22424722662440572,0.05555555555555558,1262,15,0.0012034999999883667,0.001033000000006723,"HCM cho_biết : "" Trong 7 tháng đầu năm , kim_ngạch nhập_khẩu ô_tô về Việt_Nam qua các cảng tại TP. Không_chỉ có mặt_hàng ô_tô nguyên chiếc giảm , kim_ngạch nhập_khẩu linh_kiện , phụ_tùng ô_tô cũng giảm gần 37 triệu USD so với cùng kỳ năm 2017 , chỉ đạt kim_ngạch trên 330 triệu USD .",True,1.0,0,1.0,0
13491,1262,file_docx,ok,,0.5734265734265734,0.2978723404255319,0.3636363636363636,0.0,0.22424722662440572,0.05555555555555558,1262,15,0.0191949999999963,0.000969599999990578,"HCM cho_biết : "" Trong 7 tháng đầu năm , kim_ngạch nhập_khẩu ô_tô về Việt_Nam qua các cảng tại TP. Không_chỉ có mặt_hàng ô_tô nguyên chiếc giảm , kim_ngạch nhập_khẩu linh_kiện , phụ_tùng ô_tô cũng giảm gần 37 triệu USD so với cùng kỳ năm 2017 , chỉ đạt kim_ngạch trên 330 triệu USD .",True,1.0,0,1.0,0
13491,1262,file_pdf,ok,,0.5378151260504203,0.22222222222222224,0.36974789915966383,0.006111535523300238,0.15213946117274169,0.0,1262,42,0.010832600000000525,0.005763200000004076,"có m?t_hàng ô_tô nguyên chi?c gi?m , kim_ng?ch nh?p_kh?u linh_ki?n , ph?_tùng ô_tô
c?ng gi?m g?n 37 tri?u USD so v?i cùng k? Kim_ng?ch
nh?p_kh?u ô_tô gi?m m?nh c?ng khi?n cho ngân_sách c?a TP.",False,1.0,27,1.0,0
7767,1363,text_baseline,ok,,0.4869565217391304,0.19469026548672563,0.2782608695652174,0.0,0.1724137931034483,0.0,1363,13,0.00010549999998943349,0.0007439999999974134,"Thổ_Nhĩ_Kỳ vẫn tăng_cường chiến_dịch trấn_áp_nghi_phạm khủng_bố . Có 1.098 người bị bắt do nghi liên_quan đến các tổ_chức phiến quân hoặc âm_mưu đảo_chính bất_thành năm_ngoái , Reuters hôm_nay dẫn tin từ Bộ Nội_vụ Thổ_Nhĩ_Kỳ cho biết .",True,1.0,0,1.0,0
7767,1363,file_txt,ok,,0.4869565217391304,0.19469026548672563,0.2782608695652174,0.0,0.1724137931034483,0.0,1363,13,0.001306599999992386,0.0007911999999947739,"Thổ_Nhĩ_Kỳ vẫn tăng_cường chiến_dịch trấn_áp_nghi_phạm khủng_bố . Có 1.098 người bị bắt do nghi liên_quan đến các tổ_chức phiến quân hoặc âm_mưu đảo_chính bất_thành năm_ngoái , Reuters hôm_nay dẫn tin từ Bộ Nội_vụ Thổ_Nhĩ_Kỳ cho biết .",True,1.0,0,1.0,0
7767,1363,file_docx,ok,,0.4869565217391304,0.19469026548672563,0.2782608695652174,0.0,0.1724137931034483,0.0,1363,13,0.018910600000012323,0.000895800000009217,"Thổ_Nhĩ_Kỳ vẫn tăng_cường chiến_dịch trấn_áp_nghi_phạm khủng_bố . Có 1.098 người bị bắt do nghi liên_quan đến các tổ_chức phiến quân hoặc âm_mưu đảo_chính bất_thành năm_ngoái , Reuters hôm_nay dẫn tin từ Bộ Nội_vụ Thổ_Nhĩ_Kỳ cho biết .",True,1.0,0,1.0,0
7767,1363,file_pdf,ok,,0.5945945945945946,0.16666666666666669,0.35135135135135137,0.07309048178613398,0.07703595011005136,0.4444444444444444,1363,53,0.01067280000000892,0.008163899999999558,"v?n t?ng_c??ng chi?n_d?ch tr?n_áp_nghi_ph?m kh?ng_b? v?n t?ng_c??ng chi?n_d?ch
tr?n_áp_nghi_ph?m kh?ng_b?",False,1.0,40,1.0,0
21836,1951,text_baseline,ok,,0.5,0.16216216216216214,0.39473684210526316,0.0,0.056381342901076374,0.4444444444444444,1951,18,0.00015520000000890377,0.0016834000000045535,"Bãi rác trên đường Nguyễn_Công_Trứ , TP Bảo_Lộc . Hoài_Thanh Bãi rác trên đường Nguyễn_Công_Trứ , TP Bảo_Lộc .",True,1.0,0,1.0,0
21836,1951,file_txt,ok,,0.5,0.16216216216216214,0.39473684210526316,0.0,0.056381342901076374,0.4444444444444444,1951,18,0.0019150999999908436,0.0015852999999879103,"Bãi rác trên đường Nguyễn_Công_Trứ , TP Bảo_Lộc . Hoài_Thanh Bãi rác trên đường Nguyễn_Công_Trứ , TP Bảo_Lộc .",True,1.0,0,1.0,0
21836,1951,file_docx,ok,,0.5,0.16216216216216214,0.39473684210526316,0.0,0.056381342901076374,0.4444444444444444,1951,18,0.01867520000000411,0.001447900000002278,"Bãi rác trên đường Nguyễn_Công_Trứ , TP Bảo_Lộc . Hoài_Thanh Bãi rác trên đường Nguyễn_Công_Trứ , TP Bảo_Lộc .",True,1.0,0,1.0,0
21836,1951,file_pdf,ok,,0.5565217391304348,0.1592920353982301,0.3130434782608696,-0.08169336384439357,0.10251153254741159,0.030303030303030276,1951,50,0.008922200000000657,0.006797500000004675,"Do l??ng rác quá nhi?u , bu?c dây_chuy?n ph?i ho?t_??ng
liên_t?c không có th?i_gian b?o_trì máy_móc khi?n công_su?t x?_lý ngày_càng gi?m . t?m_th?i g?i l??ng rác
t?n_??ng vào bãi rác c?a huy?n này ch?",False,1.0,32,1.0,0
8839,4286,text_baseline,ok,,0.3708609271523179,0.053691275167785234,0.23841059602649012,0.0,0.0790947270181988,0.04761904761904767,4286,37,0.00025250000000198725,0.00569070000000238,"Ngày 3/9 , bệnh_viện ra thông_báo cho_biết bác_sĩ đã khuyên cô Mã và gia_đình nên tiến_hành mổ đẻ vì kết_quả kiểm_tra y_tế cho thấy đầu em bé lớn hơn bình_thường , có_thể gây ra nhiều rủi_ro nếu sinh_nở tự_nhiên . Như để làm bằng_chứng , bệnh_viện đã đăng nhật_ký phẫu_thuật , cho thấy gia_đình Mã không chấp_nhận yêu_cầu xin mổ đẻ từ cô .",True,1.0,0,1.0,0
8839,4286,file_txt,ok,,0.3708609271523179,0.053691275167785234,0.23841059602649012,0.0,0.0790947270181988,0.04761904761904767,4286,37,0.0036621999999937316,0.005329299999999648,"Ngày 3/9 , bệnh_viện ra thông_báo cho_biết bác_sĩ đã khuyên cô Mã và gia_đình nên tiến_hành mổ đẻ vì kết_quả kiểm_tra y_tế cho thấy đầu em bé lớn hơn bình_thường , có_thể gây ra nhiều rủi_ro nếu sinh_nở tự_nhiên . Như để làm bằng_chứng , bệnh_viện đã đăng nhật_ký phẫu_thuật , cho thấy gia_đình Mã không chấp_nhận yêu_cầu xin mổ đẻ từ cô .",True,1.0,0,1.0,0
8839,4286,file_docx,ok,,0.3708609271523179,0.053691275167785234,0.23841059602649012,0.0,0.0790947270181988,0.04761904761904767,4286,37,0.02113599999999849,0.005497199999993541,"Ngày 3/9 , bệnh_viện ra thông_báo cho_biết bác_sĩ đã khuyên cô Mã và gia_đình nên tiến_hành mổ đẻ vì kết_quả kiểm_tra y_tế cho thấy đầu em bé lớn hơn bình_thường , có_thể gây ra nhiều rủi_ro nếu sinh_nở tự_nhiên . Như để làm bằng_chứng , bệnh_viện đã đăng nhật_ký phẫu_thuật , cho thấy gia_đình Mã không chấp_nhận yêu_cầu xin mổ đẻ từ cô .",True,1.0,0,1.0,0
8839,4286,file_pdf,ok,,0.46153846153846156,0.15652173913043477,0.3247863247863248,0.08637572875983468,0.05503731343283582,0.0,4288,159,0.010567100000002938,0.05626429999999516,"People ' s Daily , c?_quan_ngôn_lu?n ??ng C?ng_s?n
Trung_Qu?c , ?ã ??ng m?t bài xã_lu?n nh?n_m?nh dù ng??i ch?u trách_nhi?m là ai , v?_vi?c ph?i ???c
nhìn_nh?n nh? "" ?i?u c?n_thi?t nh?t là ph?i chú_ý h?n_n?a ??n c?m_xúc c?a
nh?ng ph?_n?",False,1.0004666355576295,122,0.9989173583543847,0
10122,2577,text_baseline,ok,,0.40624999999999994,0.16842105263157894,0.28125,0.0,0.1715172681412495,0.20270270270270274,2577,17,0.00028670000000374785,0.0015145999999930382,"Tiêm_kích F -22 tiếp dầu trên không_phận gần biên_giới Iraq - Syria Nhờ trang_bị công_nghệ tàng_hình và cảm_biến mạnh , tiêm_kích F -22 có tầm quan_trọng ngày_càng lớn trong hoạt_động của không_quân Mỹ trên bầu_trời Syria và Iraq , với vai_trò là "" tai_mắt "" trên không thay_vì chiến_đấu trực_tiếp , theo Aviationist . Duy_Sơn Tiêm_kích F -22 tiếp dầu trên không_phận gần biên_giới Iraq - Syria Tiêm_kích F -22 tuần_tra trên không_phận Iraq .",True,1.0,0,1.0,0
10122,2577,file_txt,ok,,0.40624999999999994,0.16842105263157894,0.28125,0.0,0.1715172681412495,0.20270270270270274,2577,17,0.002296799999996324,0.001591100000013057,"Tiêm_kích F -22 tiếp dầu trên không_phận gần biên_giới Iraq - Syria Nhờ trang_bị công_nghệ tàng_hình và cảm_biến mạnh , tiêm_kích F -22 có tầm quan_trọng ngày_càng lớn trong hoạt_động của không_quân Mỹ trên bầu_trời Syria và Iraq , với vai_trò là "" tai_mắt "" trên không thay_vì chiến_đấu trực_tiếp , theo Aviationist . Duy_Sơn Tiêm_kích F -22 tiếp dầu trên không_phận gần biên_giới Iraq - Syria Tiêm_kích F -22 tuần_tra trên không_phận Iraq .",True,1.0,0,1.0,0
10122,2577,file_docx,ok,,0.40624999999999994,0.16842105263157894,0.28125,0.0,0.1715172681412495,0.20270270270270274,2577,17,0.020911200000000463,0.0015190000000018244,"Tiêm_kích F -22 tiếp dầu trên không_phận gần biên_giới Iraq - Syria Nhờ trang_bị công_nghệ tàng_hình và cảm_biến mạnh , tiêm_kích F -22 có tầm quan_trọng ngày_càng lớn trong hoạt_động của không_quân Mỹ trên bầu_trời Syria và Iraq , với vai_trò là "" tai_mắt "" trên không thay_vì chiến_đấu trực_tiếp , theo Aviationist . Duy_Sơn Tiêm_kích F -22 tiếp dầu trên không_phận gần biên_giới Iraq - Syria Tiêm_kích F -22 tuần_tra trên không_phận Iraq .",True,1.0,0,1.0,0
10122,2577,file_pdf,ok,,0.627450980392157,0.27999999999999997,0.33333333333333337,0.05208333333333337,0.055857253685027156,0.0,2578,65,0.010538199999999165,0.012169199999988223,"tàng_hình và
c?m_bi?n m?nh , tiêm_kích F -22 có t?m quan_tr?ng ngày_càng l?n trong ho?t_??ng c?a không_quân M? t?n_d?ng các c?m_bi?n t?i_tân nh?",False,1.0003880481179666,48,1.0,0
19797,1294,text_baseline,ok,,0.6753246753246752,0.16,0.41558441558441556,0.0,0.06568778979907264,0.41666666666666663,1294,11,0.00011470000001168046,0.000629399999994007,Tài_xế dùng chân điều_khiển vô_lăng . Phúc_Hưng Tài_xế dùng chân điều_khiển vô_lăng .,True,1.0,0,1.0,0
19797,1294,file_txt,ok,,0.6753246753246752,0.16,0.41558441558441556,0.0,0.06568778979907264,0.41666666666666663,1294,11,0.0013660999999984824,0.000823400000001584,Tài_xế dùng chân điều_khiển vô_lăng . Phúc_Hưng Tài_xế dùng chân điều_khiển vô_lăng .,True,1.0,0,1.0,0
19797,1294,file_docx,ok,,0.6753246753246752,0.16,0.41558441558441556,0.0,0.06568778979907264,0.41666666666666663,1294,11,0.018876199999994014,0.0007145000000008395,Tài_xế dùng chân điều_khiển vô_lăng . Phúc_Hưng Tài_xế dùng chân điều_khiển vô_lăng .,True,1.0,0,1.0,0
19797,1294,file_pdf,ok,,0.6818181818181818,0.5348837209302325,0.5681818181818183,0.1525974025974028,0.10200927357032458,0.0,1294,36,0.010394500000003859,0.0034682000000003654,""" Do ch?y xe
???ng dài , ph?i ng?i lâu , chân có hi?n_t??ng b? Khi xe ch?y trên cao_t?c Trung_L??ng , ?o?n qua t?nh Long_An , tài_x?",False,1.0,25,1.0,0
3808,1221,text_baseline,ok,,0.546875,0.46031746031746035,0.4375,0.0,0.2203112203112203,0.10526315789473684,1221,7,9.440000000893178e-05,0.0003506999999984828,"Ngày 18-6 , đại_diện Tỉnh_uỷ Bình_Dương xác_nhận đoàn công_tác của Uỷ_ban Kiểm_tra trung_ương đang làm_việc tại Bình_Dương để kiểm_tra công_tác xử_lý cán_bộ . Hiện Thường_trực Tỉnh_uỷ Bình_Dương đã họp để thông_qua báo_cáo gửi đoàn công_tác Uỷ_ban Kiểm_tra trung_ương .",True,1.0,0,1.0,0
3808,1221,file_txt,ok,,0.546875,0.46031746031746035,0.4375,0.0,0.2203112203112203,0.10526315789473684,1221,7,0.0013825999999994565,0.00040389999999490556,"Ngày 18-6 , đại_diện Tỉnh_uỷ Bình_Dương xác_nhận đoàn công_tác của Uỷ_ban Kiểm_tra trung_ương đang làm_việc tại Bình_Dương để kiểm_tra công_tác xử_lý cán_bộ . Hiện Thường_trực Tỉnh_uỷ Bình_Dương đã họp để thông_qua báo_cáo gửi đoàn công_tác Uỷ_ban Kiểm_tra trung_ương .",True,1.0,0,1.0,0
3808,1221,file_docx,ok,,0.546875,0.46031746031746035,0.4375,0.0,0.2203112203112203,0.10526315789473684,1221,7,0.020082900000005566,0.0007307999999994763,"Ngày 18-6 , đại_diện Tỉnh_uỷ Bình_Dương xác_nhận đoàn công_tác của Uỷ_ban Kiểm_tra trung_ương đang làm_việc tại Bình_Dương để kiểm_tra công_tác xử_lý cán_bộ . Hiện Thường_trực Tỉnh_uỷ Bình_Dương đã họp để thông_qua báo_cáo gửi đoàn công_tác Uỷ_ban Kiểm_tra trung_ương .",True,1.0,0,1.0,0
3808,1221,file_pdf,ok,,0.7441860465116279,0.40476190476190477,0.46511627906976744,0.027616279069767435,0.12039312039312039,0.0,1221,33,0.010645199999999022,0.0031718000000040547,"Bình_D??ng xác_nh?n ?oàn công_tác c?a U?_ban Ki?m_tra trung_??ng ?ang
làm_vi?c t?i Bình_D??ng ?? nh?ng n?i_dung trên , ??i_di?n Th??ng_tr?c T?nh_u?",False,1.0,26,1.0,0
16593,1623,text_baseline,ok,,0.3975903614457831,0.1951219512195122,0.2650602409638554,0.0,0.24029574861367836,0.06060606060606055,1623,9,0.00011240000000611872,0.0005093000000044867,"Trong hai ngày 8 và 9-1 , lực_lượng cảnh_sát hình_sự Công_an tỉnh Bình_Định phối_hợp Công_an huyện Tuy_Phước , Công_an thị_xã An_Nhơn triệu_tập 8 người liên_quan đến hoạt_động cho vay nặng_lãi trái pháp_luật , còn gọi là "" tín_dụng đen "" . 8 người này đã thuê một căn nhà trên đường Trần_Quang_Diệu ở thị_trấn Tuy_Phước để tổ_chức cho vay nặng_lãi trên địa_bàn Tuy_Phước và thị_xã An_Nhơn .",True,1.0,0,1.0,0
16593,1623,file_txt,ok,,0.3975903614457831,0.1951219512195122,0.2650602409638554,0.0,0.24029574861367836,0.06060606060606055,1623,9,0.0015168999999986,0.000553899999999885,"Trong hai ngày 8 và 9-1 , lực_lượng cảnh_sát hình_sự Công_an tỉnh Bình_Định phối_hợp Công_an huyện Tuy_Phước , Công_an thị_xã An_Nhơn triệu_tập 8 người liên_quan đến hoạt_động cho vay nặng_lãi trái pháp_luật , còn gọi là "" tín_dụng đen "" . 8 người này đã thuê một căn nhà trên đường Trần_Quang_Diệu ở thị_trấn Tuy_Phước để tổ_chức cho vay nặng_lãi trên địa_bàn Tuy_Phước và thị_xã An_Nhơn .",True,1.0,0,1.0,0
16593,1623,file_docx,ok,,0.3975903614457831,0.1951219512195122,0.2650602409638554,0.0,0.24029574861367836,0.06060606060606055,1623,9,0.020571700000004967,0.0006441000000023678,"Trong hai ngày 8 và 9-1 , lực_lượng cảnh_sát hình_sự Công_an tỉnh Bình_Định phối_hợp Công_an huyện Tuy_Phước , Công_an thị_xã An_Nhơn triệu_tập 8 người liên_quan đến hoạt_động cho vay nặng_lãi trái pháp_luật , còn gọi là "" tín_dụng đen "" . 8 người này đã thuê một căn nhà trên đường Trần_Quang_Diệu ở thị_trấn Tuy_Phước để tổ_chức cho vay nặng_lãi trên địa_bàn Tuy_Phước và thị_xã An_Nhơn .",True,1.0,0,1.0,0
16593,1623,file_pdf,ok,,0.43971631205673756,0.2446043165467626,0.36879432624113473,0.10373408527727934,0.19531731361675908,0.09999999999999998,1623,33,0.010627700000000573,0.003372500000011769,"Công_an t?nh Bình_??nh ph?i_h?p Công_an huy?n
Tuy_Ph??c , Công_an th?_xã An_Nh?n tri?u_t?p 8 ng??i liên_quan ??n ho?t_??ng cho vay n?ng_lãi trái
pháp_lu?t , còn g?i là "" tín_d?ng ?en "" . C?_quan_ch?c_n?ng khám_xét c?n nhà t?i
th?_tr?n Tuy_Ph??c , huy?n Tuy_Ph??c , Bình_??nh mà nhóm ??i_t??ng cho vay n?ng_lãi thuê ??",False,1.0,24,1.0,0
383,1253,text_baseline,ok,,0.5813953488372093,0.21428571428571427,0.37209302325581395,0.0,0.12928970470869913,0.0,1253,12,0.00010530000000130713,0.000682100000005903,Cơ_quan_chức_năng đã tiến_hành thu_giữ tang_vật và đưa đối_tượng này về trụ_sở để đấu_tranh làm rõ . Công_Đức Đối_tượng cùng tang_vật bị cơ_quan công_an bắt_giữ .,True,1.0,0,1.0,0
383,1253,file_txt,ok,,0.5813953488372093,0.21428571428571427,0.37209302325581395,0.0,0.12928970470869913,0.0,1253,12,0.0012560999999919886,0.0006987999999950034,Cơ_quan_chức_năng đã tiến_hành thu_giữ tang_vật và đưa đối_tượng này về trụ_sở để đấu_tranh làm rõ . Công_Đức Đối_tượng cùng tang_vật bị cơ_quan công_an bắt_giữ .,True,1.0,0,1.0,0
383,1253,file_docx,ok,,0.5813953488372093,0.21428571428571427,0.37209302325581395,0.0,0.12928970470869913,0.0,1253,12,0.019053100000007817,0.0007528000000007751,Cơ_quan_chức_năng đã tiến_hành thu_giữ tang_vật và đưa đối_tượng này về trụ_sở để đấu_tranh làm rõ . Công_Đức Đối_tượng cùng tang_vật bị cơ_quan công_an bắt_giữ .,True,1.0,0,1.0,0
383,1253,file_pdf,ok,,0.5714285714285715,0.18666666666666665,0.3116883116883117,-0.06040471156750227,0.1005586592178771,0.0,1253,33,0.01006030000000635,0.0028508999999985463,"??u_tranh ban_??u , ??i_t??ng Th??ng khai nh?n gói
ma_tuý trên mua c?a m?t ng??i l?_m?t v? Công_??c ??i_t??ng cùng tang_v?t b?",False,1.0,21,1.0,0
1837,1906,text_baseline,ok,,0.6928104575163399,0.2251655629139073,0.3137254901960784,0.0,0.1348373557187828,0.0,1906,22,0.00014500000000339242,0.002001100000001088,"Khi nào người trong cuộc chưa lên_tiếng thì khán_giả hãy cứ tin là chúng_tôi vẫn đang hạnh_phúc "" , Cát_Phượng chia_sẻ . Trước đó , rộ tin_đồn Cát_Phượng và Kiều_Minh_Tuấn chia_tay khiến không ít khán_giả hoang_mang và tiếc_nuối cho cặp đôi "" chị_em "" này .",True,1.0,0,1.0,0
1837,1906,file_txt,ok,,0.6928104575163399,0.2251655629139073,0.3137254901960784,0.0,0.1348373557187828,0.0,1906,22,0.0018008000000122593,0.002174499999995305,"Khi nào người trong cuộc chưa lên_tiếng thì khán_giả hãy cứ tin là chúng_tôi vẫn đang hạnh_phúc "" , Cát_Phượng chia_sẻ . Trước đó , rộ tin_đồn Cát_Phượng và Kiều_Minh_Tuấn chia_tay khiến không ít khán_giả hoang_mang và tiếc_nuối cho cặp đôi "" chị_em "" này .",True,1.0,0,1.0,0
1837,1906,file_docx,ok,,0.6928104575163399,0.2251655629139073,0.3137254901960784,0.0,0.1348373557187828,0.0,1906,22,0.018967500000002246,0.0019860000000022637,"Khi nào người trong cuộc chưa lên_tiếng thì khán_giả hãy cứ tin là chúng_tôi vẫn đang hạnh_phúc "" , Cát_Phượng chia_sẻ . Trước đó , rộ tin_đồn Cát_Phượng và Kiều_Minh_Tuấn chia_tay khiến không ít khán_giả hoang_mang và tiếc_nuối cho cặp đôi "" chị_em "" này .",True,1.0,0,1.0,0
1837,1906,file_pdf,ok,,0.5581395348837208,0.1732283464566929,0.2635658914728682,-0.05015959872321024,0.08342077649527807,0.0,1906,58,0.008081799999999362,0.009220500000012066,"Nhi?u sao Vi?t g?i l?i chúc_m?ng h?nh_phúc c?a
Cát_Ph??ng . Phong_Linh ( t?ng_h?p ) Cát_Ph??ng và
Ki?u_Minh_Tu?n cùng xu?t_hi?n t?i bu?i ra_m?t phim Hoán_??i .",False,1.0,36,1.0,0
2244,2383,text_baseline,ok,,0.452991452991453,0.33620689655172414,0.35042735042735046,0.0,0.23835501468736886,0.08510638297872342,2383,15,0.00015420000001142853,0.0012404000000003634,"Sáng 29-11 , trao_đổi với Tuổi_Trẻ Online , đại_tá Khương_Duy_Oanh - phó giám_đốc , thủ_trưởng Cơ_quan CSĐT Công_an tỉnh Thanh_Hoá - cho_biết Công_an tỉnh đã nhận được báo_cáo tường_trình của đại_tá Nguyễn_Chí_Phương - trưởng Công_an TP Thanh_Hoá - liên_quan đến việc có người tố_cáo ông Phương nhận tiền "" chạy_án "" . Theo tìm_hiểu của Tuổi_Trẻ Online , ngày 28-11 trên mạng xã_hội xuất_hiện một đoạn ghi_âm được cho là cuộc trò_chuyện giữa nhiều người , trong đó có giọng nói của đại_tá Nguyễn_Chí_Phương và một người đàn_ông từng công_tác tại Công_an TP Thanh_Hoá .",True,1.0,0,1.0,0
2244,2383,file_txt,ok,,0.452991452991453,0.33620689655172414,0.35042735042735046,0.0,0.23835501468736886,0.08510638297872342,2383,15,0.002319700000001035,0.001415200000010941,"Sáng 29-11 , trao_đổi với Tuổi_Trẻ Online , đại_tá Khương_Duy_Oanh - phó giám_đốc , thủ_trưởng Cơ_quan CSĐT Công_an tỉnh Thanh_Hoá - cho_biết Công_an tỉnh đã nhận được báo_cáo tường_trình của đại_tá Nguyễn_Chí_Phương - trưởng Công_an TP Thanh_Hoá - liên_quan đến việc có người tố_cáo ông Phương nhận tiền "" chạy_án "" . Theo tìm_hiểu của Tuổi_Trẻ Online , ngày 28-11 trên mạng xã_hội xuất_hiện một đoạn ghi_âm được cho là cuộc trò_chuyện giữa nhiều người , trong đó có giọng nói của đại_tá Nguyễn_Chí_Phương và một người đàn_ông từng công_tác tại Công_an TP Thanh_Hoá .",True,1.0,0,1.0,0
2244,2383,file_docx,ok,,0.452991452991453,0.33620689655172414,0.35042735042735046,0.0,0.23835501468736886,0.08510638297872342,2383,15,0.02468709999999419,0.00135670000000232,"Sáng 29-11 , trao_đổi với Tuổi_Trẻ Online , đại_tá Khương_Duy_Oanh - phó giám_đốc , thủ_trưởng Cơ_quan CSĐT Công_an tỉnh Thanh_Hoá - cho_biết Công_an tỉnh đã nhận được báo_cáo tường_trình của đại_tá Nguyễn_Chí_Phương - trưởng Công_an TP Thanh_Hoá - liên_quan đến việc có người tố_cáo ông Phương nhận tiền "" chạy_án "" . Theo tìm_hiểu của Tuổi_Trẻ Online , ngày 28-11 trên mạng xã_hội xuất_hiện một đoạn ghi_âm được cho là cuộc trò_chuyện giữa nhiều người , trong đó có giọng nói của đại_tá Nguyễn_Chí_Phương và một người đàn_ông từng công_tác tại Công_an TP Thanh_Hoá .",True,1.0,0,1.0,0
2244,2383,file_pdf,ok,,0.49765258215962443,0.3696682464454976,0.3661971830985915,0.015769832671241046,0.21233738984473352,0.08333333333333337,2383,55,0.008871799999994323,0.009638899999998785,"Online , ??i_tá Kh??ng_Duy_Oanh - phó giám_??c , th?_tr??ng C?_quan
CS?T Công_an t?nh Thanh_Hoá - cho_bi?t Công_an t?nh ?ã nh?n ???c báo_cáo t??ng_trình c?a ??i_tá
Nguy?n_Chí_Ph??ng - tr??ng Công_an TP Thanh_Hoá - liên_quan ??n vi?c có ng??i t?_cáo ông Ph??ng nh?n
ti?n "" ch?y_án "" . Online , ngày 28-11 trên m?ng xã_h?i xu?t_hi?n m?t ?o?n
ghi_âm ???c cho là cu?c trò_chuy?n gi?a nhi?u ng??i , trong ?ó có gi?ng nói c?a ??i_tá Nguy?n_Chí_Ph??ng
và m?t ng??i ?àn_ông t?ng công_tác t?i Công_an TP Thanh_Hoá .",False,1.0,40,1.0,0
8610,2275,text_baseline,ok,,0.5663716814159292,0.3783783783783784,0.37168141592920356,0.0,0.09802197802197803,0.0,2275,27,0.0001721999999944046,0.0028389000000004216,"Tôi đã rất ngạc_nhiên khi hay tin anh ta cưới một cô_gái khoảng 16 tuổi , vóc người nhỏ_bé và xinh_xắn "" , hàng_xóm của gia_đình Shibuya ở Mutsudo cho_biết . Tuy_nhiên , hai người không có con và Shibuya lại ly_dị lần nữa .",True,1.0,0,1.0,0
8610,2275,file_txt,ok,,0.5663716814159292,0.3783783783783784,0.37168141592920356,0.0,0.09802197802197803,0.0,2275,27,0.002053500000002373,0.0027901999999926375,"Tôi đã rất ngạc_nhiên khi hay tin anh ta cưới một cô_gái khoảng 16 tuổi , vóc người nhỏ_bé và xinh_xắn "" , hàng_xóm của gia_đình Shibuya ở Mutsudo cho_biết . Tuy_nhiên , hai người không có con và Shibuya lại ly_dị lần nữa .",True,1.0,0,1.0,0
8610,2275,file_docx,ok,,0.5663716814159292,0.3783783783783784,0.37168141592920356,0.0,0.09802197802197803,0.0,2275,27,0.020121000000003164,0.002750500000004763,"Tôi đã rất ngạc_nhiên khi hay tin anh ta cưới một cô_gái khoảng 16 tuổi , vóc người nhỏ_bé và xinh_xắn "" , hàng_xóm của gia_đình Shibuya ở Mutsudo cho_biết . Tuy_nhiên , hai người không có con và Shibuya lại ly_dị lần nữa .",True,1.0,0,1.0,0
8610,2275,file_pdf,ok,,0.603448275862069,0.42105263157894735,0.3448275862068965,-0.026853829722307043,0.09230769230769231,0.0,2275,69,0.008701299999998469,0.01149300000000153,"Tôi ?ã r?t ng?c_nhiên khi hay tin anh ta c??i m?t
cô_gái kho?ng 16 tu?i , vóc ng??i nh?_bé và xinh_x?n "" , hàng_xóm c?a gia_?ình Shibuya ? các v?t_ch?ng trên xe_h?i c?a nghi ph?m trùng v?i m?u ADN c?a bé Linh .",False,1.0,42,1.0,0
2605,8436,text_baseline,ok,,0.4071428571428571,0.08633093525179857,0.23571428571428568,0.0,0.07669511616880038,0.04132231404958675,8436,57,0.0005070999999929882,0.015373999999994226,"Chúng_ta làm cho thế_giới thấy đây là cuộc chiến_tranh giữa Mỹ với VN chứ không phải là chiến_tranh giữa hai miền Nam - Bắc ; càng không phải là cuộc "" chiến_tranh ủy nhiệm "" giữa các nước_lớn . Các thế_hệ lãnh_đạo của chúng ta , ngay từ đầu đã chuẩn_bị cho cuộc đối đầu trực diện buộc Mỹ phải xuống_thang , đẩy Mỹ vào thế bị_động cả về chính_trị , quân_sự , ngoại_giao , đi đến kết_thúc chiến_tranh , trên tinh_thần độc_lập , tự_chủ của V N.Chúng ta hết_sức mong_muốn hoà_bình với Mỹ ; hết_sức biết_ơn sự giúp đỡ của Liên_Xô , Trung_Quốc ; cảm_ơn phong_trào phản_chiến của nhân_dân Mỹ và sự ủng hộ của nhân_dân yêu_chuộng hoà_bình trên thế_giới .",True,1.0,0,1.0,0
2605,8436,file_txt,ok,,0.4071428571428571,0.08633093525179857,0.23571428571428568,0.0,0.07669511616880038,0.04132231404958675,8436,57,0.007551400000011199,0.0156405000000035,"Chúng_ta làm cho thế_giới thấy đây là cuộc chiến_tranh giữa Mỹ với VN chứ không phải là chiến_tranh giữa hai miền Nam - Bắc ; càng không phải là cuộc "" chiến_tranh ủy nhiệm "" giữa các nước_lớn . Các thế_hệ lãnh_đạo của chúng ta , ngay từ đầu đã chuẩn_bị cho cuộc đối đầu trực diện buộc Mỹ phải xuống_thang , đẩy Mỹ vào thế bị_động cả về chính_trị , quân_sự , ngoại_giao , đi đến kết_thúc chiến_tranh , trên tinh_thần độc_lập , tự_chủ của V N.Chúng ta hết_sức mong_muốn hoà_bình với Mỹ ; hết_sức biết_ơn sự giúp đỡ của Liên_Xô , Trung_Quốc ; cảm_ơn phong_trào phản_chiến của nhân_dân Mỹ và sự ủng hộ của nhân_dân yêu_chuộng hoà_bình trên thế_giới .",True,1.0,0,1.0,0
2605,8436,file_docx,ok,,0.4071428571428571,0.08633093525179857,0.23571428571428568,0.0,0.07669511616880038,0.04132231404958675,8436,57,0.022030900000004294,0.015800600000005716,"Chúng_ta làm cho thế_giới thấy đây là cuộc chiến_tranh giữa Mỹ với VN chứ không phải là chiến_tranh giữa hai miền Nam - Bắc ; càng không phải là cuộc "" chiến_tranh ủy nhiệm "" giữa các nước_lớn . Các thế_hệ lãnh_đạo của chúng ta , ngay từ đầu đã chuẩn_bị cho cuộc đối đầu trực diện buộc Mỹ phải xuống_thang , đẩy Mỹ vào thế bị_động cả về chính_trị , quân_sự , ngoại_giao , đi đến kết_thúc chiến_tranh , trên tinh_thần độc_lập , tự_chủ của V N.Chúng ta hết_sức mong_muốn hoà_bình với Mỹ ; hết_sức biết_ơn sự giúp đỡ của Liên_Xô , Trung_Quốc ; cảm_ơn phong_trào phản_chiến của nhân_dân Mỹ và sự ủng hộ của nhân_dân yêu_chuộng hoà_bình trên thế_giới .",True,1.0,0,1.0,0
2605,8436,file_pdf,ok,,0.5735294117647058,0.13432835820895522,0.3235294117647059,0.08781512605042022,0.022867298578199052,0.0,8440,275,0.016858900000002564,0.18137239999998656,"Nh?ng mu?n làm ???c ?i?u ?ó , c?n ph?i t?o ra b??c_ngo?t v? to_l?n , ??ng th?i ch?ng minh m?t chân lý , m?t bài h?c
quan_tr?ng nh?t c?a chi?n_tranh_gi?i_phóng và c?a công_cu?c xây d?ng , b?o_v?",False,1.0004741583688952,218,1.0,0
20089,4956,text_baseline,ok,,0.4827586206896551,0.22093023255813954,0.33333333333333337,0.0,0.08272800645682002,0.0,4956,40,0.00027609999999356205,0.008075200000007499,"Tại Long_An , mấy ngày qua , người_dân ở Thạnh_Hưng ( huyện Tân_Hưng ) - một xã vùng trũng Đồng_Tháp_Mười - đang gia_cố đê_bao , tháo nước ra ngoài để bảo_vệ hơn 1.000 ha lúa hè thu sắp thu_hoạch . Để đối_phó với lũ , các tỉnh chịu ảnh_hưởng đã chỉ_đạo gia_cố đê , bờ bao , bơm rút nước để cứu lúa , hoa_màu , đồng_thời xem_xét hỗ_trợ người_dân bị ngập_úng ở các vùng được nhà_nước cho chủ_trương xuống_giống .",True,1.0,0,1.0,0
20089,4956,file_txt,ok,,0.4827586206896551,0.22093023255813954,0.33333333333333337,0.0,0.08272800645682002,0.0,4956,40,0.004370999999991909,0.008073199999998337,"Tại Long_An , mấy ngày qua , người_dân ở Thạnh_Hưng ( huyện Tân_Hưng ) - một xã vùng trũng Đồng_Tháp_Mười - đang gia_cố đê_bao , tháo nước ra ngoài để bảo_vệ hơn 1.000 ha lúa hè thu sắp thu_hoạch . Để đối_phó với lũ , các tỉnh chịu ảnh_hưởng đã chỉ_đạo gia_cố đê , bờ bao , bơm rút nước để cứu lúa , hoa_màu , đồng_thời xem_xét hỗ_trợ người_dân bị ngập_úng ở các vùng được nhà_nước cho chủ_trương xuống_giống .",True,1.0,0,1.0,0
20089,4956,file_docx,ok,,0.4827586206896551,0.22093023255813954,0.33333333333333337,0.0,0.08272800645682002,0.0,4956,40,0.021479400000004034,0.008066600000006474,"Tại Long_An , mấy ngày qua , người_dân ở Thạnh_Hưng ( huyện Tân_Hưng ) - một xã vùng trũng Đồng_Tháp_Mười - đang gia_cố đê_bao , tháo nước ra ngoài để bảo_vệ hơn 1.000 ha lúa hè thu sắp thu_hoạch . Để đối_phó với lũ , các tỉnh chịu ảnh_hưởng đã chỉ_đạo gia_cố đê , bờ bao , bơm rút nước để cứu lúa , hoa_màu , đồng_thời xem_xét hỗ_trợ người_dân bị ngập_úng ở các vùng được nhà_nước cho chủ_trương xuống_giống .",True,1.0,0,1.0,0
20089,4956,file_pdf,ok,,0.6666666666666666,0.16494845360824742,0.34343434343434337,0.01010101010101,0.030046380318612623,0.0,4959,155,0.017898900000005824,0.06818650000001014,", k?t_h?p v?i m?a khi?n m?c
n??c ? Theo ông Võ_Kim_Thu?n - Tr??ng chi_c?c Phòng_ch?ng l?t_bão , tìm_ki?m c?u n?n t?nh
Long_An , n?m nay c??ng_su?t l?",False,1.0006053268765134,115,1.0,0
7523,1965,text_baseline,ok,,0.39999999999999997,0.13872832369942198,0.25142857142857145,0.0,0.21068702290076335,0.03703703703703709,1965,15,0.0001349000000061551,0.001030499999998824,"Trước đó , hôm 4/7 , chính_quyền Gibraltar phối_hợp với lực_lượng Hoàng_Gia_Anh đã bắt_giữ tàu chở dầu Grace I vì nghi_ngờ Iran đang phá vỡ các lệnh trừng_phạt của EU bằng cách đưa dầu tới Syria . Ngay_lập_tức , Bộ Ngoại giao Iran đã triệu Đại sứ Anh tại Iran – ông Rob_Macaire tới cơ_quan này nhằm bày tỏ quan điểm phản đối của Tehran liên_quan tới vụ bắt giữ tàu chở dầu Grace 1 của Iran trên eo biển Gibraltar .",True,1.0,0,1.0,0
7523,1965,file_txt,ok,,0.39999999999999997,0.13872832369942198,0.25142857142857145,0.0,0.21068702290076335,0.03703703703703709,1965,15,0.0019086000000072545,0.001226099999996677,"Trước đó , hôm 4/7 , chính_quyền Gibraltar phối_hợp với lực_lượng Hoàng_Gia_Anh đã bắt_giữ tàu chở dầu Grace I vì nghi_ngờ Iran đang phá vỡ các lệnh trừng_phạt của EU bằng cách đưa dầu tới Syria . Ngay_lập_tức , Bộ Ngoại giao Iran đã triệu Đại sứ Anh tại Iran – ông Rob_Macaire tới cơ_quan này nhằm bày tỏ quan điểm phản đối của Tehran liên_quan tới vụ bắt giữ tàu chở dầu Grace 1 của Iran trên eo biển Gibraltar .",True,1.0,0,1.0,0
7523,1965,file_docx,ok,,0.39999999999999997,0.13872832369942198,0.25142857142857145,0.0,0.21068702290076335,0.03703703703703709,1965,15,0.020289500000004068,0.0010939000000007582,"Trước đó , hôm 4/7 , chính_quyền Gibraltar phối_hợp với lực_lượng Hoàng_Gia_Anh đã bắt_giữ tàu chở dầu Grace I vì nghi_ngờ Iran đang phá vỡ các lệnh trừng_phạt của EU bằng cách đưa dầu tới Syria . Ngay_lập_tức , Bộ Ngoại giao Iran đã triệu Đại sứ Anh tại Iran – ông Rob_Macaire tới cơ_quan này nhằm bày tỏ quan điểm phản đối của Tehran liên_quan tới vụ bắt giữ tàu chở dầu Grace 1 của Iran trên eo biển Gibraltar .",True,1.0,0,1.0,0
7523,1965,file_pdf,ok,,0.5116279069767442,0.1732283464566929,0.24806201550387602,-0.0033665559246954246,0.13689567430025446,0.04761904761904767,1965,62,0.00918699999999717,0.015778799999992543,"Ngày 8/7 , B?_tr??ng Ngo?i_giao
Iran_Mohammad_Javad_Zarif ??ng_t?i trên Twitter , kh?ng_??nh Iran không ph?i là m?t thành_viên c?a EU và
c?ng không ph?i là ??i_t??ng b? Washington ?ã áp_??t các l?nh tr?ng_ph?t ??i_v?i Iran v?i m?c_?ích t?m d?ng xu?t_kh?u d?u c?a Iran .",False,1.0,47,1.0,0
18811,1590,text_baseline,ok,,0.4126984126984127,0.21390374331550802,0.26455026455026454,0.0,0.2710691823899371,0.038961038961038974,1590,11,0.00012420000000190612,0.000660699999997405,"Đạo_diễn Nguyễn_Hoàng_Điệp , người đang điều_hành không_gian Ơ kìa Hà_Nội và đã từng tổ_chức rất thành_công đêm thơ Lưu_Quang_Vũ_Se sẽ chứ kẻo cánh buồm bay mất , vào hôm 17-7 đã gửi tới những người yêu thơ trọn_vẹn tác_phẩm Hà_Nội - phố của nhà_thơ Phan_Vũ , được thiết_kế trên nền những bức tranh phố của Bùi_Xuân_Phái . Sự ra đi của Phan_Vũ đã khiến Nguyễn_Hoàng_Điệp và những người bạn yêu thơ Phan_Vũ nhớ đến dự_định năm nào .",True,1.0,0,1.0,0
18811,1590,file_txt,ok,,0.4126984126984127,0.21390374331550802,0.26455026455026454,0.0,0.2710691823899371,0.038961038961038974,1590,11,0.001626999999999157,0.0008623999999883836,"Đạo_diễn Nguyễn_Hoàng_Điệp , người đang điều_hành không_gian Ơ kìa Hà_Nội và đã từng tổ_chức rất thành_công đêm thơ Lưu_Quang_Vũ_Se sẽ chứ kẻo cánh buồm bay mất , vào hôm 17-7 đã gửi tới những người yêu thơ trọn_vẹn tác_phẩm Hà_Nội - phố của nhà_thơ Phan_Vũ , được thiết_kế trên nền những bức tranh phố của Bùi_Xuân_Phái . Sự ra đi của Phan_Vũ đã khiến Nguyễn_Hoàng_Điệp và những người bạn yêu thơ Phan_Vũ nhớ đến dự_định năm nào .",True,1.0,0,1.0,0
18811,1590,file_docx,ok,,0.4126984126984127,0.21390374331550802,0.26455026455026454,0.0,0.2710691823899371,0.038961038961038974,1590,11,0.019717800000009333,0.000750999999993951,"Đạo_diễn Nguyễn_Hoàng_Điệp , người đang điều_hành không_gian Ơ kìa Hà_Nội và đã từng tổ_chức rất thành_công đêm thơ Lưu_Quang_Vũ_Se sẽ chứ kẻo cánh buồm bay mất , vào hôm 17-7 đã gửi tới những người yêu thơ trọn_vẹn tác_phẩm Hà_Nội - phố của nhà_thơ Phan_Vũ , được thiết_kế trên nền những bức tranh phố của Bùi_Xuân_Phái . Sự ra đi của Phan_Vũ đã khiến Nguyễn_Hoàng_Điệp và những người bạn yêu thơ Phan_Vũ nhớ đến dự_định năm nào .",True,1.0,0,1.0,0
18811,1590,file_pdf,ok,,0.5405405405405406,0.16666666666666666,0.32432432432432434,0.05977405977405981,0.05786163522012579,0.0,1590,57,0.011008300000000304,0.01010890000000586,"t?i chuy?n tuy?n ng??i ??c , m?i ca_s? ?ã khi?n Nguy?n_Hoàng_?i?p và
nh?ng ng??i b?n yêu th?",False,1.0,46,1.0,0
13224,2754,text_baseline,ok,,0.5671641791044776,0.15151515151515152,0.3134328358208955,0.0,0.07625272331154684,0.09999999999999998,2754,28,0.00017479999999636675,0.0032094000000029155,"Đó là nấm tràm , gọi là nấm tràm bởi loại nấm này thường mọc dưới tán các rừng tràm , keo . Khi mới nhú nấm thường có dạng búp tròn , nấm lớn có hình_như cái ô , loại nấm này chỉ mọc trong vòng khoảng 1 tháng .",True,1.0,0,1.0,0
13224,2754,file_txt,ok,,0.5671641791044776,0.15151515151515152,0.3134328358208955,0.0,0.07625272331154684,0.09999999999999998,2754,28,0.002463499999990404,0.003019199999997113,"Đó là nấm tràm , gọi là nấm tràm bởi loại nấm này thường mọc dưới tán các rừng tràm , keo . Khi mới nhú nấm thường có dạng búp tròn , nấm lớn có hình_như cái ô , loại nấm này chỉ mọc trong vòng khoảng 1 tháng .",True,1.0,0,1.0,0
13224,2754,file_docx,ok,,0.5671641791044776,0.15151515151515152,0.3134328358208955,0.0,0.07625272331154684,0.09999999999999998,2754,28,0.0208569000000125,0.003006700000000251,"Đó là nấm tràm , gọi là nấm tràm bởi loại nấm này thường mọc dưới tán các rừng tràm , keo . Khi mới nhú nấm thường có dạng búp tròn , nấm lớn có hình_như cái ô , loại nấm này chỉ mọc trong vòng khoảng 1 tháng .",True,1.0,0,1.0,0
13224,2754,file_pdf,ok,,0.6095238095238096,0.17475728155339804,0.3047619047619048,-0.008670931058990694,0.047186932849364795,0.11111111111111116,2755,82,0.010750000000001592,0.018887300000002938,"N?m th??ng m?c nhi?u nh?t khi c?n m?a ??u thu v?a d?t
???c kho?ng m?t ngày . Tùng_An N?m tràm th??ng m?c nhi?u sau nh?ng c?n m?a .",False,1.0003631082062454,54,1.0,0
1582,4495,text_baseline,ok,,0.5733333333333334,0.20270270270270271,0.32,0.0,0.06451612903225806,0.0,4495,34,0.0002526999999901136,0.00488719999999887,"Sau 2 ngày , Van_Gogh qua_đời . Clip : Một buổi bán_đấu_giá tranh Hoa hướng_dương của thiên_tài hội_hoạ Van_Gogh : Sống còm_cõi trong nỗi cô_quạnh và cảnh bần_hàn , danh_hoạ người Hà_Lan Vincent van Gogh đã trải qua chuỗi ngày_tháng đau_khổ , cay_đắng trong suốt 37 năm cuộc_đời ngắn_ngủi .",True,1.0,0,1.0,0
1582,4495,file_txt,ok,,0.5733333333333334,0.20270270270270271,0.32,0.0,0.06451612903225806,0.0,4495,34,0.00399099999999919,0.004781999999991626,"Sau 2 ngày , Van_Gogh qua_đời . Clip : Một buổi bán_đấu_giá tranh Hoa hướng_dương của thiên_tài hội_hoạ Van_Gogh : Sống còm_cõi trong nỗi cô_quạnh và cảnh bần_hàn , danh_hoạ người Hà_Lan Vincent van Gogh đã trải qua chuỗi ngày_tháng đau_khổ , cay_đắng trong suốt 37 năm cuộc_đời ngắn_ngủi .",True,1.0,0,1.0,0
1582,4495,file_docx,ok,,0.5733333333333334,0.20270270270270271,0.32,0.0,0.06451612903225806,0.0,4495,34,0.019663699999995288,0.0053008000000005495,"Sau 2 ngày , Van_Gogh qua_đời . Clip : Một buổi bán_đấu_giá tranh Hoa hướng_dương của thiên_tài hội_hoạ Van_Gogh : Sống còm_cõi trong nỗi cô_quạnh và cảnh bần_hàn , danh_hoạ người Hà_Lan Vincent van Gogh đã trải qua chuỗi ngày_tháng đau_khổ , cay_đắng trong suốt 37 năm cuộc_đời ngắn_ngủi .",True,1.0,0,1.0,0
1582,4495,file_pdf,ok,,0.5849056603773585,0.15384615384615383,0.339622641509434,0.01962264150943399,0.027129197242606182,0.0,4497,125,0.01564340000000186,0.044589200000004325,"t?i ??a_ph??ng ???c
m?i t?i nh?ng n?ng_l?c c?a h? tu?i 37 - k?t_thúc m?t cu?c_??i ng?n_ng?i nhi?u kh?_?au ,
b?t_h?nh và ??",False,1.0004449388209122,91,1.0,0
12081,1485,text_baseline,ok,,0.5,0.28571428571428575,0.3125,0.0,0.18181818181818182,0.4782608695652174,1485,12,0.00012189999999634438,0.0010007999999999129,"Tướng Kim_Yong - chol , người dự_kiến dẫn_đầu phái_đoàn Triều_Tiên dự bế_mạc Olympic tại Hàn_Quốc , trong bức ảnh chụp năm 2015 . Trọng_Giáp Tướng Kim_Yong - chol , người dự_kiến dẫn_đầu phái_đoàn Triều_Tiên dự bế_mạc Olympic tại Hàn_Quốc , trong bức ảnh chụp năm 2015 .",True,1.0,0,1.0,0
12081,1485,file_txt,ok,,0.5,0.28571428571428575,0.3125,0.0,0.18181818181818182,0.4782608695652174,1485,12,0.0014900000000039881,0.0007864000000097349,"Tướng Kim_Yong - chol , người dự_kiến dẫn_đầu phái_đoàn Triều_Tiên dự bế_mạc Olympic tại Hàn_Quốc , trong bức ảnh chụp năm 2015 . Trọng_Giáp Tướng Kim_Yong - chol , người dự_kiến dẫn_đầu phái_đoàn Triều_Tiên dự bế_mạc Olympic tại Hàn_Quốc , trong bức ảnh chụp năm 2015 .",True,1.0,0,1.0,0
12081,1485,file_docx,ok,,0.5,0.28571428571428575,0.3125,0.0,0.18181818181818182,0.4782608695652174,1485,12,0.019640400000000113,0.0007321000000075628,"Tướng Kim_Yong - chol , người dự_kiến dẫn_đầu phái_đoàn Triều_Tiên dự bế_mạc Olympic tại Hàn_Quốc , trong bức ảnh chụp năm 2015 . Trọng_Giáp Tướng Kim_Yong - chol , người dự_kiến dẫn_đầu phái_đoàn Triều_Tiên dự bế_mạc Olympic tại Hàn_Quốc , trong bức ảnh chụp năm 2015 .",True,1.0,0,1.0,0
12081,1485,file_pdf,ok,,0.5,0.10638297872340426,0.2708333333333333,-0.041666666666666685,0.10841750841750841,0.032258064516129004,1485,40,0.010666000000000508,0.004752199999998652,"chuy?n th?m c?a ông
Kim t?i Hàn_Qu?c , nh?ng coi ?ây là "" c?_h?i c?i_thi?n quan_h? Ông Kim b?_cáo bu?c ??ng sau m?t chu?i cu?c t?n_công Hàn_Qu?c ,
trong ?ó có v?",False,1.0,28,1.0,0
5767,2907,text_baseline,ok,,0.528,0.17886178861788618,0.24,0.0,0.07533539731682147,0.0,2907,30,0.0001749000000046408,0.0036869000000052665,Không thành_viên nào trong gia_đình của ông Trump có_mặt tại toà tháp vào thời_điểm xảy ra vụ hoả_hoạn . Những người lính cứu_hoả ở New_York rời toà nhà Trump_Tower sau khi hoàn_thành nhiệm_vụ dập cháy - Ảnh : REUTERS .,True,1.0,0,1.0,0
5767,2907,file_txt,ok,,0.528,0.17886178861788618,0.24,0.0,0.07533539731682147,0.0,2907,30,0.002572200000003022,0.0033193999999951984,Không thành_viên nào trong gia_đình của ông Trump có_mặt tại toà tháp vào thời_điểm xảy ra vụ hoả_hoạn . Những người lính cứu_hoả ở New_York rời toà nhà Trump_Tower sau khi hoàn_thành nhiệm_vụ dập cháy - Ảnh : REUTERS .,True,1.0,0,1.0,0
5767,2907,file_docx,ok,,0.528,0.17886178861788618,0.24,0.0,0.07533539731682147,0.0,2907,30,0.019639000000012174,0.0034987000000086255,Không thành_viên nào trong gia_đình của ông Trump có_mặt tại toà tháp vào thời_điểm xảy ra vụ hoả_hoạn . Những người lính cứu_hoả ở New_York rời toà nhà Trump_Tower sau khi hoàn_thành nhiệm_vụ dập cháy - Ảnh : REUTERS .,True,1.0,0,1.0,0
5767,2907,file_pdf,ok,,0.5426356589147286,0.2047244094488189,0.29457364341085274,0.054573643410852746,0.07425232038501203,0.0,2909,82,0.010167999999993071,0.017821499999996604,"M?t ng??i ?àn_ông
67 tu?i ???c tìm th?y trong tr?ng_thái b?t_t?nh khi l?c_l??ng c?u_ho? tr?n_an m?i ng??i , T?ng_th?ng M?_Donald
?ã ??ng lên Twitter cho_bi?t ?ám cháy ???c d?p t?t và khen_ng?i "" các nhân_viên c?u_ho?",False,1.000687994496044,52,1.0,0
15080,4660,text_baseline,ok,,0.40776699029126207,0.22549019607843138,0.29126213592233013,0.0,0.098068669527897,0.04705882352941182,4660,35,0.0002580999999963751,0.005552600000001462,"Tiết_lộ thêm về các bước để có_thể cải_tạo dòng sông này , ông Đàm_Văn_Long cho_hay : "" Trước_mắt , chúng_tôi làm văn_bản gửi UBND TP. Bày_tỏ sự băn_khoăn về tính khả_thi của đề_xuất này , bởi trước đó cũng đã có rất nhiều dự_án cải_tạo sông Tô_Lịch nhưng cuối_cùng các dự_án đều trở_về con_số 0 , ông Đàm_Văn_Long chỉ ra : "" Thứ nhất , chúng_ta chưa làm thực_sự liên_quan đến vấn_đề bền_vững , sông của chúng_ta có nước_thải chảy , mỗi ngày tích_tụ nhiều .",True,1.0,0,1.0,0
15080,4660,file_txt,ok,,0.40776699029126207,0.22549019607843138,0.29126213592233013,0.0,0.098068669527897,0.04705882352941182,4660,35,0.003998100000004001,0.005822899999998299,"Tiết_lộ thêm về các bước để có_thể cải_tạo dòng sông này , ông Đàm_Văn_Long cho_hay : "" Trước_mắt , chúng_tôi làm văn_bản gửi UBND TP. Bày_tỏ sự băn_khoăn về tính khả_thi của đề_xuất này , bởi trước đó cũng đã có rất nhiều dự_án cải_tạo sông Tô_Lịch nhưng cuối_cùng các dự_án đều trở_về con_số 0 , ông Đàm_Văn_Long chỉ ra : "" Thứ nhất , chúng_ta chưa làm thực_sự liên_quan đến vấn_đề bền_vững , sông của chúng_ta có nước_thải chảy , mỗi ngày tích_tụ nhiều .",True,1.0,0,1.0,0
15080,4660,file_docx,ok,,0.40776699029126207,0.22549019607843138,0.29126213592233013,0.0,0.098068669527897,0.04705882352941182,4660,35,0.04165240000000381,0.005476000000001591,"Tiết_lộ thêm về các bước để có_thể cải_tạo dòng sông này , ông Đàm_Văn_Long cho_hay : "" Trước_mắt , chúng_tôi làm văn_bản gửi UBND TP. Bày_tỏ sự băn_khoăn về tính khả_thi của đề_xuất này , bởi trước đó cũng đã có rất nhiều dự_án cải_tạo sông Tô_Lịch nhưng cuối_cùng các dự_án đều trở_về con_số 0 , ông Đàm_Văn_Long chỉ ra : "" Thứ nhất , chúng_ta chưa làm thực_sự liên_quan đến vấn_đề bền_vững , sông của chúng_ta có nước_thải chảy , mỗi ngày tích_tụ nhiều .",True,1.0,0,1.0,0
15080,4660,file_pdf,ok,,0.5605095541401274,0.25806451612903225,0.29299363057324845,0.0017314946509183193,0.06992706992706993,0.0,4662,139,0.010908700000001659,0.05457389999999407,"ra ??_xu?t c?i_t?o sông Tô_L?ch , ông ?àm_V?n_Long cho_hay : "" Xu?t_phát ý_t??ng là sau khi
th?y mong_mu?n c?a ng??i_dân là mu?n ???c s?ng trong m?t môi_tr??ng xanh - s?ch - ??p . khai_thác du_l?ch c?n ph?i có t?_ch?c qu?n_lý , làm_sao phát_tri?n m?t_cách
hài_hoà , b?n_v?ng , không ?nh_h??ng ??n môi_tr??ng dòng n??c c?ng nh?",False,1.0004291845493563,104,1.0,0
1994,1749,text_baseline,ok,,0.6428571428571428,0.31707317073170727,0.35714285714285715,0.0,0.0686106346483705,0.0,1749,15,0.00014029999999820575,0.001000900000008187,"Tối 9/9 , Mỹ_Tâm trở_thành tâm_điểm của một đêm nhạc quy_tụ hàng ngàn khán_giả Hà_Nội . Ca_sĩ Mỹ_Tâm biểu_diễn tối 9/9 .",True,1.0,0,1.0,0
1994,1749,file_txt,ok,,0.6428571428571428,0.31707317073170727,0.35714285714285715,0.0,0.0686106346483705,0.0,1749,15,0.001909800000007067,0.0010563999999959606,"Tối 9/9 , Mỹ_Tâm trở_thành tâm_điểm của một đêm nhạc quy_tụ hàng ngàn khán_giả Hà_Nội . Ca_sĩ Mỹ_Tâm biểu_diễn tối 9/9 .",True,1.0,0,1.0,0
1994,1749,file_docx,ok,,0.6428571428571428,0.31707317073170727,0.35714285714285715,0.0,0.0686106346483705,0.0,1749,15,0.019101400000010926,0.0010982999999953336,"Tối 9/9 , Mỹ_Tâm trở_thành tâm_điểm của một đêm nhạc quy_tụ hàng ngàn khán_giả Hà_Nội . Ca_sĩ Mỹ_Tâm biểu_diễn tối 9/9 .",True,1.0,0,1.0,0
1994,1749,file_pdf,ok,,0.5060240963855421,0.12345679012345678,0.2891566265060241,-0.06798623063683307,0.06975414522584333,0.0,1749,59,0.008609100000001035,0.011946399999999358,"sau khi gi?ng ca "" Ánh n?ng c?a anh "" l?t_xác ngo?n_m?c v? các fan t?i m?t lo?t s?_ki?n di?n ra vào nh?ng ngày cu?i tu?n ?",False,1.0,44,1.0,0
5858,1811,text_baseline,ok,,0.4868421052631578,0.12000000000000002,0.3026315789473684,0.0,0.1590281612368857,0.10769230769230764,1811,13,0.00014520000000572963,0.0010472999999961985,""" Vắc xin là vấn đề sống chết , không thể chấp nhận sai phạm "" - tờ Nhân_Dân Nhật báo của Trung Quốc phản ứng , kêu gọi nâng cấp hệ thống vắc xin của Trung Quốc . Tờ báo dẫn lời chuyên_gia vắc xin cho rằng hệ thống đăng ký vắc xin online của Trung Quốc cũng có trách nhiệm trong vụ việc .",True,1.0,0,1.0,0
5858,1811,file_txt,ok,,0.4868421052631578,0.12000000000000002,0.3026315789473684,0.0,0.1590281612368857,0.10769230769230764,1811,13,0.001726399999995465,0.0009618999999929656,""" Vắc xin là vấn đề sống chết , không thể chấp nhận sai phạm "" - tờ Nhân_Dân Nhật báo của Trung Quốc phản ứng , kêu gọi nâng cấp hệ thống vắc xin của Trung Quốc . Tờ báo dẫn lời chuyên_gia vắc xin cho rằng hệ thống đăng ký vắc xin online của Trung Quốc cũng có trách nhiệm trong vụ việc .",True,1.0,0,1.0,0
5858,1811,file_docx,ok,,0.4868421052631578,0.12000000000000002,0.3026315789473684,0.0,0.1590281612368857,0.10769230769230764,1811,13,0.018771999999998457,0.0008873999999963189,""" Vắc xin là vấn đề sống chết , không thể chấp nhận sai phạm "" - tờ Nhân_Dân Nhật báo của Trung Quốc phản ứng , kêu gọi nâng cấp hệ thống vắc xin của Trung Quốc . Tờ báo dẫn lời chuyên_gia vắc xin cho rằng hệ thống đăng ký vắc xin online của Trung Quốc cũng có trách nhiệm trong vụ việc .",True,1.0,0,1.0,0
5858,1811,file_pdf,ok,,0.6170212765957446,0.2608695652173913,0.3191489361702128,0.016517357222844364,0.05963556046383214,0.040000000000000036,1811,62,0.00842929999998887,0.01032109999999875,"báo , lo?i v?c xin b?i li?t d?ng u?ng ???c c?p cho tr? d?ng v?c xin quá h?n t?i ??a ph??ng này ?ã di?n ra t?",False,1.0,49,1.0,0
21750,1949,text_baseline,ok,,0.6990291262135923,0.297029702970297,0.36893203883495146,0.0,0.07901487942534634,0.0,1949,15,0.0001303999999890948,0.0015360999999955993,"Mô_hình du_lịch "" cá_lóc bay "" tại cồn Sơn nằm giữa sông Hậu . Đặc_biệt , dự_án cáp treo du_lịch Cồn_Sơn - Cồn_Khương có vốn đầu_tư khoảng 1.500 tỷ đồng .",True,1.0,0,1.0,0
21750,1949,file_txt,ok,,0.6990291262135923,0.297029702970297,0.36893203883495146,0.0,0.07901487942534634,0.0,1949,15,0.0018714999999929205,0.001186599999996929,"Mô_hình du_lịch "" cá_lóc bay "" tại cồn Sơn nằm giữa sông Hậu . Đặc_biệt , dự_án cáp treo du_lịch Cồn_Sơn - Cồn_Khương có vốn đầu_tư khoảng 1.500 tỷ đồng .",True,1.0,0,1.0,0
21750,1949,file_docx,ok,,0.6990291262135923,0.297029702970297,0.36893203883495146,0.0,0.07901487942534634,0.0,1949,15,0.0196767000000051,0.0014163999999965426,"Mô_hình du_lịch "" cá_lóc bay "" tại cồn Sơn nằm giữa sông Hậu . Đặc_biệt , dự_án cáp treo du_lịch Cồn_Sơn - Cồn_Khương có vốn đầu_tư khoảng 1.500 tỷ đồng .",True,1.0,0,1.0,0
21750,1949,file_pdf,ok,,0.5390070921985816,0.17266187050359713,0.326241134751773,-0.04269090408317844,0.1457157516675218,0.023809523809523836,1949,43,0.008669800000006944,0.005540999999993801,"54 d?_án trên các l?nh_v?c b?t_??ng_s?n , v?n_hoá , th?_thao , du_l?ch ,
khu_công_nghi?p , logistics , k?t_c?u_h?_t?ng giao_thông , n?ng_l??ng , y_t? ??ng xây_d?ng khu
du_l?ch C?n_S?n g?m các ho?t_??ng du_l?ch sinh_thái v?n_hoá , ngh?_d??ng , ?m_th?c , tr?i_nghi?m
v?n_hoá mi?t_v??n .",False,1.0,28,1.0,0
11650,1284,text_baseline,ok,,0.29032258064516125,0.13333333333333333,0.25806451612903225,0.0,0.03894080996884735,0.4,1284,12,0.00010300000000995624,0.0007313999999922771,Đại_sứ Mỹ tại LHQ . Khánh_Lynh Đại_sứ Mỹ tại LHQ .,True,1.0,0,1.0,0
11650,1284,file_txt,ok,,0.29032258064516125,0.13333333333333333,0.25806451612903225,0.0,0.03894080996884735,0.4,1284,12,0.001264000000006149,0.0007294999999913898,Đại_sứ Mỹ tại LHQ . Khánh_Lynh Đại_sứ Mỹ tại LHQ .,True,1.0,0,1.0,0
11650,1284,file_docx,ok,,0.29032258064516125,0.13333333333333333,0.25806451612903225,0.0,0.03894080996884735,0.4,1284,12,0.02568869999998924,0.0007346999999953141,Đại_sứ Mỹ tại LHQ . Khánh_Lynh Đại_sứ Mỹ tại LHQ .,True,1.0,0,1.0,0
11650,1284,file_pdf,ok,,0.5555555555555555,0.13636363636363635,0.2888888888888889,0.030824372759856666,0.09890965732087227,0.0,1284,43,0.009956999999999994,0.0048668999999961216,"Syria là xem_xét
ph??ng_th?c gi?i_quy?t m?i vi?c , c?n h?p_tác v?i ai ?? , ?ã t?p_trung vào vi?c ??t tho?_thu?n v?i Nga r?ng s?",False,1.0,31,1.0,0
13167,2564,text_baseline,ok,,0.39800995024875624,0.06030150753768845,0.20895522388059698,0.0,0.17901716068642745,0.01388888888888884,2564,21,0.00015840000000366672,0.0019085000000131913,"Bà được đánh_giá là "" linh_hồn "" của Dược_Hậu_Giang khi đưa doanh_nghiệp này trở_thành công_ty dược hàng_đầu Việt_Nam và giành lại thị_phần nội_địa từ các hãng nước_ngoài . Điều mà bà Nga tự_hào về DHG đó là dù không phải là doanh_nghiệp dược ra_đời sớm nhất trên thị_trường nhưng Dược_Hậu_Giang được biết đến là doanh_nghiệp dược_phẩm đầu_tiên chú_trọng đến công_tác marketing , thương_hiệu sản_phẩm và đặc_biệt là hệ_thống phân_phối trên phạm_vi toàn_quốc .",True,1.0,0,1.0,0
13167,2564,file_txt,ok,,0.39800995024875624,0.06030150753768845,0.20895522388059698,0.0,0.17901716068642745,0.01388888888888884,2564,21,0.0025471000000010235,0.002006699999995476,"Bà được đánh_giá là "" linh_hồn "" của Dược_Hậu_Giang khi đưa doanh_nghiệp này trở_thành công_ty dược hàng_đầu Việt_Nam và giành lại thị_phần nội_địa từ các hãng nước_ngoài . Điều mà bà Nga tự_hào về DHG đó là dù không phải là doanh_nghiệp dược ra_đời sớm nhất trên thị_trường nhưng Dược_Hậu_Giang được biết đến là doanh_nghiệp dược_phẩm đầu_tiên chú_trọng đến công_tác marketing , thương_hiệu sản_phẩm và đặc_biệt là hệ_thống phân_phối trên phạm_vi toàn_quốc .",True,1.0,0,1.0,0
13167,2564,file_docx,ok,,0.39800995024875624,0.06030150753768845,0.20895522388059698,0.0,0.17901716068642745,0.01388888888888884,2564,21,0.020578999999997905,0.0020233999999987873,"Bà được đánh_giá là "" linh_hồn "" của Dược_Hậu_Giang khi đưa doanh_nghiệp này trở_thành công_ty dược hàng_đầu Việt_Nam và giành lại thị_phần nội_địa từ các hãng nước_ngoài . Điều mà bà Nga tự_hào về DHG đó là dù không phải là doanh_nghiệp dược ra_đời sớm nhất trên thị_trường nhưng Dược_Hậu_Giang được biết đến là doanh_nghiệp dược_phẩm đầu_tiên chú_trọng đến công_tác marketing , thương_hiệu sản_phẩm và đặc_biệt là hệ_thống phân_phối trên phạm_vi toàn_quốc .",True,1.0,0,1.0,0
13167,2564,file_pdf,ok,,0.5365853658536585,0.06611570247933884,0.2764227642276423,0.0674675403470453,0.08382066276803118,0.0,2565,50,0.009932500000005007,0.007100199999996448,"Hi?n_t?i , D??c_H?u_Giang là
doanh_nghi?p d??c n?i_??a có quy_mô l?n nh?t th?_tr??ng_ch?ng_khoán v?i v?n hoá ??t h?n 14.000 t? Bà Thu?n ???c coi
là linh_h?n , ng??i t?o nên công_ty d??c Traphaco v?ng_m?nh hi?n_nay .",False,1.000390015600624,29,1.0,0
1672,3749,text_baseline,ok,,0.562962962962963,0.19548872180451127,0.31111111111111106,0.0,0.0698853027473993,0.019607843137254943,3749,42,0.0002230999999994765,0.006611000000006584,"Chào_Diệp_Anh , đến với nghề diễn_viên chỉ là tay_ngang , nhiều người bảo Diệp Anh mối quan_hệ đặc_biệt với các đạo_diễn ở VFC nên mới được mời vào những bộ_phim hot ? Khi được đạo_diễn mời vào phim Về nhà đi con , tôi đã cố_gắng để diễn_xuất một_cách tốt nhất .",True,1.0,0,1.0,0
1672,3749,file_txt,ok,,0.562962962962963,0.19548872180451127,0.31111111111111106,0.0,0.0698853027473993,0.019607843137254943,3749,42,0.00339289999999437,0.00637979999999061,"Chào_Diệp_Anh , đến với nghề diễn_viên chỉ là tay_ngang , nhiều người bảo Diệp Anh mối quan_hệ đặc_biệt với các đạo_diễn ở VFC nên mới được mời vào những bộ_phim hot ? Khi được đạo_diễn mời vào phim Về nhà đi con , tôi đã cố_gắng để diễn_xuất một_cách tốt nhất .",True,1.0,0,1.0,0
1672,3749,file_docx,ok,,0.562962962962963,0.19548872180451127,0.31111111111111106,0.0,0.0698853027473993,0.019607843137254943,3749,42,0.019789700000004018,0.00622750000000849,"Chào_Diệp_Anh , đến với nghề diễn_viên chỉ là tay_ngang , nhiều người bảo Diệp Anh mối quan_hệ đặc_biệt với các đạo_diễn ở VFC nên mới được mời vào những bộ_phim hot ? Khi được đạo_diễn mời vào phim Về nhà đi con , tôi đã cố_gắng để diễn_xuất một_cách tốt nhất .",True,1.0,0,1.0,0
1672,3749,file_pdf,ok,,0.6265060240963856,0.1728395061728395,0.2891566265060241,-0.021954484605086977,0.023993601706211676,0.0,3751,125,0.011852900000008049,0.03970660000000237,"Nh?ng tôi v?n hy_v?ng
nh?ng c?_h?i t?t ??n v?i mình . n?u có c?_h?i ???c di?n trong m?t b?",False,1.0005334755934916,83,1.0,0
4703,4090,text_baseline,ok,,0.4225352112676056,0.18009478672985782,0.24413145539906103,0.0,0.1334963325183374,0.018018018018018056,4090,24,0.0002609000000006745,0.0026498999999944317,"Đáng chú_ý , phần điều_trần của Cohen cho rằng ông Trump đã biết trước WikiLeaks sẽ công bố các email gây tổn hại chiến dịch tranh cử của đối thủ Hillary_Clinton , cũng như một cuộc gặp với luật sư người Nga ngay tại tòa nhà Trump_Tower ở New_York . Trao đổi với báo New_York_Times , Peter_Zeidenberg - cựu công tố viên liên_bang - nhận định nếu Cohen nói sự thật và ông Trump thề trong văn bản gửi đến văn phòng ông Mueller rằng ông không hề biết các cuộc trao đổi giữa ông Stone và nhà sáng lập WikiLeaks , đó có thể là bằng chứng kết tội ông .",True,1.0,0,1.0,0
4703,4090,file_txt,ok,,0.4225352112676056,0.18009478672985782,0.24413145539906103,0.0,0.1334963325183374,0.018018018018018056,4090,24,0.0035462999999964495,0.002736600000005751,"Đáng chú_ý , phần điều_trần của Cohen cho rằng ông Trump đã biết trước WikiLeaks sẽ công bố các email gây tổn hại chiến dịch tranh cử của đối thủ Hillary_Clinton , cũng như một cuộc gặp với luật sư người Nga ngay tại tòa nhà Trump_Tower ở New_York . Trao đổi với báo New_York_Times , Peter_Zeidenberg - cựu công tố viên liên_bang - nhận định nếu Cohen nói sự thật và ông Trump thề trong văn bản gửi đến văn phòng ông Mueller rằng ông không hề biết các cuộc trao đổi giữa ông Stone và nhà sáng lập WikiLeaks , đó có thể là bằng chứng kết tội ông .",True,1.0,0,1.0,0
4703,4090,file_docx,ok,,0.4225352112676056,0.18009478672985782,0.24413145539906103,0.0,0.1334963325183374,0.018018018018018056,4090,24,0.02089440000000309,0.0027335999999991145,"Đáng chú_ý , phần điều_trần của Cohen cho rằng ông Trump đã biết trước WikiLeaks sẽ công bố các email gây tổn hại chiến dịch tranh cử của đối thủ Hillary_Clinton , cũng như một cuộc gặp với luật sư người Nga ngay tại tòa nhà Trump_Tower ở New_York . Trao đổi với báo New_York_Times , Peter_Zeidenberg - cựu công tố viên liên_bang - nhận định nếu Cohen nói sự thật và ông Trump thề trong văn bản gửi đến văn phòng ông Mueller rằng ông không hề biết các cuộc trao đổi giữa ông Stone và nhà sáng lập WikiLeaks , đó có thể là bằng chứng kết tội ông .",True,1.0,0,1.0,0
4703,4090,file_pdf,ok,,0.4158415841584158,0.10101010101010101,0.19801980198019806,-0.046111653418862975,0.03348814470789538,0.0,4091,124,0.011764200000001779,0.04097869999999659,"viên ??c bi?t Mueller ?ã ch?p nh?n cho ông Trump ph?n h?i b?ng v?n
b?n thay vì tr? V?n ch?a m?t ai bi?t n?i dung c?a nh?ng câu h?i và tr?",False,1.000244498777506,100,1.0,0
8416,1742,text_baseline,ok,,0.2586206896551724,0.03508771929824561,0.1724137931034483,0.0,0.1618828932261768,0.4736842105263158,1742,11,0.000126499999993257,0.0006618000000031543,Tổng_thống Philippines_Rodrigo_Duterte kiểm_tra một khẩu súng bắn tỉa trong buổi lễ trao_tặng tại căn_cứ không_quân Clark ở Pampanga . Nguyễn_Hoàng Tổng_thống Philippines_Rodrigo_Duterte kiểm_tra một khẩu súng bắn tỉa trong buổi lễ trao_tặng tại căn_cứ không_quân Clark ở Pampanga .,True,1.0,0,1.0,0
8416,1742,file_txt,ok,,0.2586206896551724,0.03508771929824561,0.1724137931034483,0.0,0.1618828932261768,0.4736842105263158,1742,11,0.0018427000000116323,0.0006967000000059898,Tổng_thống Philippines_Rodrigo_Duterte kiểm_tra một khẩu súng bắn tỉa trong buổi lễ trao_tặng tại căn_cứ không_quân Clark ở Pampanga . Nguyễn_Hoàng Tổng_thống Philippines_Rodrigo_Duterte kiểm_tra một khẩu súng bắn tỉa trong buổi lễ trao_tặng tại căn_cứ không_quân Clark ở Pampanga .,True,1.0,0,1.0,0
8416,1742,file_docx,ok,,0.2586206896551724,0.03508771929824561,0.1724137931034483,0.0,0.1618828932261768,0.4736842105263158,1742,11,0.020073300000007066,0.0007724000000024489,Tổng_thống Philippines_Rodrigo_Duterte kiểm_tra một khẩu súng bắn tỉa trong buổi lễ trao_tặng tại căn_cứ không_quân Clark ở Pampanga . Nguyễn_Hoàng Tổng_thống Philippines_Rodrigo_Duterte kiểm_tra một khẩu súng bắn tỉa trong buổi lễ trao_tặng tại căn_cứ không_quân Clark ở Pampanga .,True,1.0,0,1.0,0
8416,1742,file_pdf,ok,,0.1923076923076923,0.0,0.15384615384615383,-0.01856763925729446,0.023536165327210104,0.4,1742,48,0.010518499999989217,0.0069756000000040785,trao_t?ng t?i c?n_c? trao_t?ng t?i c?n_c?,False,1.0,37,1.0,0
1561,1729,text_baseline,ok,,0.7254901960784313,0.46,0.49019607843137253,0.0,0.09427414690572586,0.13043478260869568,1729,21,0.00013019999998675758,0.0016695999999996047,"Trên trang cá_nhân , diễn_viên Lan_Phương vừa khoe hình_ảnh con_gái đầu_lòng được sinh ngày 15/5 . Phong_Linh Diễn_viên Lan_Phương khoe hình_ảnh con_gái đầu_lòng .",True,1.0,0,1.0,0
1561,1729,file_txt,ok,,0.7254901960784313,0.46,0.49019607843137253,0.0,0.09427414690572586,0.13043478260869568,1729,21,0.0016991000000103895,0.0017031999999943537,"Trên trang cá_nhân , diễn_viên Lan_Phương vừa khoe hình_ảnh con_gái đầu_lòng được sinh ngày 15/5 . Phong_Linh Diễn_viên Lan_Phương khoe hình_ảnh con_gái đầu_lòng .",True,1.0,0,1.0,0
1561,1729,file_docx,ok,,0.7254901960784313,0.46,0.49019607843137253,0.0,0.09427414690572586,0.13043478260869568,1729,21,0.020299100000002568,0.001622199999999907,"Trên trang cá_nhân , diễn_viên Lan_Phương vừa khoe hình_ảnh con_gái đầu_lòng được sinh ngày 15/5 . Phong_Linh Diễn_viên Lan_Phương khoe hình_ảnh con_gái đầu_lòng .",True,1.0,0,1.0,0
1561,1729,file_pdf,ok,,0.6451612903225806,0.3076923076923077,0.3655913978494624,-0.12460468058191015,0.06824754193175246,0.0,1729,49,0.0085775999999953,0.006488300000000891,"Di?n_viên Lan_Ph??ng vi?t : "" M?t ngày n?m bên c?nh c?_th? c?a Lan_Ph??ng
nhanh_chóng nh?n ???c nhi?u l?i chúc_m?ng t?",False,1.0,28,1.0,0
15460,8285,text_baseline,ok,,0.20803782505910165,0.0855106888361045,0.14657210401891252,0.0,0.13506336753168377,0.05945945945945941,8285,41,0.00041679999999644224,0.010974899999993681,"Nhằm thúc_đẩy quan_hệ hợp_tác theo các hướng như trên , theo tôi trước_mắt hai bên cần tập_trung một_số công_việc cụ_thể như : ( i ) sớm hoàn_tất xây_dựng Chương_trình Hành_động triển_khai quan_hệ Đối_tác Chiến_lược Việt_Nam - Thái_Lan giai_đoạn 2019-2024 ; ( ii ) tăng_cường trao_đổi đoàn , đặc_biệt là đoàn cấp cao ; ( iii ) triển_khai hiệu_quả Bản_Ghi_nhớ về hợp_tác lao_động và Thoả_thuận về Phái_cử và Tiếp_nhận lao_động giữa hai nước ( ký 2015 ) ; ( iv ) phối_hợp chính_sách hợp_tác tiểu_vùng Mê_Công để kết_nối khu_vực Đông_Nam_Á lục_địa với toàn_bộ khu_vực Đông_Nam_Á và thế_giới cả về đường_bộ , đường_thuỷ , và đường_không ; ( v ) phối_hợp đẩy_mạnh hội_nhập kinh_tế quốc_tế vì lợi_ích chung của hai nước và khu_vực ; ( vi ) đẩy_mạnh hợp_tác văn_hoá , thể_thao , du_lịch và giao_lưu nhân_dân . Tôi tin_tưởng rằng với sự nỗ_lực và quyết_tâm của lãnh_đạo và nhân_dân hai nước , quan_hệ Đối_tác Chiến_lược giữa Việt_Nam và Thái_Lan sẽ ngày_càng phát_triển mạnh_mẽ , góp_phần xây_dựng cộng_đồng ASEAN đoàn_kết , vững_mạnh , đóng_góp tích_cực vào hoà_bình , ổn_định , hợp_tác và phát_triển của khu_vực và thế_giới .",True,1.0,0,1.0,0
15460,8285,file_txt,ok,,0.20803782505910165,0.0855106888361045,0.14657210401891252,0.0,0.13506336753168377,0.05945945945945941,8285,41,0.007163100000013856,0.011050900000000752,"Nhằm thúc_đẩy quan_hệ hợp_tác theo các hướng như trên , theo tôi trước_mắt hai bên cần tập_trung một_số công_việc cụ_thể như : ( i ) sớm hoàn_tất xây_dựng Chương_trình Hành_động triển_khai quan_hệ Đối_tác Chiến_lược Việt_Nam - Thái_Lan giai_đoạn 2019-2024 ; ( ii ) tăng_cường trao_đổi đoàn , đặc_biệt là đoàn cấp cao ; ( iii ) triển_khai hiệu_quả Bản_Ghi_nhớ về hợp_tác lao_động và Thoả_thuận về Phái_cử và Tiếp_nhận lao_động giữa hai nước ( ký 2015 ) ; ( iv ) phối_hợp chính_sách hợp_tác tiểu_vùng Mê_Công để kết_nối khu_vực Đông_Nam_Á lục_địa với toàn_bộ khu_vực Đông_Nam_Á và thế_giới cả về đường_bộ , đường_thuỷ , và đường_không ; ( v ) phối_hợp đẩy_mạnh hội_nhập kinh_tế quốc_tế vì lợi_ích chung của hai nước và khu_vực ; ( vi ) đẩy_mạnh hợp_tác văn_hoá , thể_thao , du_lịch và giao_lưu nhân_dân . Tôi tin_tưởng rằng với sự nỗ_lực và quyết_tâm của lãnh_đạo và nhân_dân hai nước , quan_hệ Đối_tác Chiến_lược giữa Việt_Nam và Thái_Lan sẽ ngày_càng phát_triển mạnh_mẽ , góp_phần xây_dựng cộng_đồng ASEAN đoàn_kết , vững_mạnh , đóng_góp tích_cực vào hoà_bình , ổn_định , hợp_tác và phát_triển của khu_vực và thế_giới .",True,1.0,0,1.0,0
15460,8285,file_docx,ok,,0.20803782505910165,0.0855106888361045,0.14657210401891252,0.0,0.13506336753168377,0.05945945945945941,8285,41,0.022490799999999922,0.011157599999989998,"Nhằm thúc_đẩy quan_hệ hợp_tác theo các hướng như trên , theo tôi trước_mắt hai bên cần tập_trung một_số công_việc cụ_thể như : ( i ) sớm hoàn_tất xây_dựng Chương_trình Hành_động triển_khai quan_hệ Đối_tác Chiến_lược Việt_Nam - Thái_Lan giai_đoạn 2019-2024 ; ( ii ) tăng_cường trao_đổi đoàn , đặc_biệt là đoàn cấp cao ; ( iii ) triển_khai hiệu_quả Bản_Ghi_nhớ về hợp_tác lao_động và Thoả_thuận về Phái_cử và Tiếp_nhận lao_động giữa hai nước ( ký 2015 ) ; ( iv ) phối_hợp chính_sách hợp_tác tiểu_vùng Mê_Công để kết_nối khu_vực Đông_Nam_Á lục_địa với toàn_bộ khu_vực Đông_Nam_Á và thế_giới cả về đường_bộ , đường_thuỷ , và đường_không ; ( v ) phối_hợp đẩy_mạnh hội_nhập kinh_tế quốc_tế vì lợi_ích chung của hai nước và khu_vực ; ( vi ) đẩy_mạnh hợp_tác văn_hoá , thể_thao , du_lịch và giao_lưu nhân_dân . Tôi tin_tưởng rằng với sự nỗ_lực và quyết_tâm của lãnh_đạo và nhân_dân hai nước , quan_hệ Đối_tác Chiến_lược giữa Việt_Nam và Thái_Lan sẽ ngày_càng phát_triển mạnh_mẽ , góp_phần xây_dựng cộng_đồng ASEAN đoàn_kết , vững_mạnh , đóng_góp tích_cực vào hoà_bình , ổn_định , hợp_tác và phát_triển của khu_vực và thế_giới .",True,1.0,0,1.0,0
15460,8285,file_pdf,ok,,0.4670658682634731,0.07272727272727272,0.2275449101796407,0.08097280616072819,0.03847545531298999,0.0,8291,183,0.020273299999999495,0.08695740000000285,"làm ???c ?i?u ?ó , ASEAN càng c?n t?ng_c??ng ?oàn_k?t , th?ng_nh?t ,
chân_thành , th?ng_th?n , cùng nhau xác_??nh l?p_tr??ng chung trong ?ng_phó v?i các v?n_?? ??y_m?nh ph?i_h?p
chi?n_l??c phát_tri?n qu?c_gia phù_h?p v?i ?u_tiên c?a m?i n??c ; t?ng_c??ng liên_k?t sâu_r?ng t?i
ti?u_vùng Mekong và t?n_d?ng các khuôn_kh?",False,1.0007242003621002,142,0.9983280698495263,0
10744,2904,text_baseline,ok,,0.32258064516129026,0.13186813186813187,0.2580645161290323,0.0,0.07265840220385675,0.027027027027026973,2904,28,0.0001874999999955662,0.0030780000000021346,"Tỷ_phú người Nhật tại buổi công_bố tên khách_hàng đầu_tiên của SpaceX lên Mặt_Trăng tối 17/9 ở California . Theo tỷ_phú người Nhật , công_ty phát_triển tốt bởi ông và nhân_viên "" đều đang làm_việc mình thích "" .",True,1.0,0,1.0,0
10744,2904,file_txt,ok,,0.32258064516129026,0.13186813186813187,0.2580645161290323,0.0,0.07265840220385675,0.027027027027026973,2904,28,0.0026562000000041053,0.003047800000004486,"Tỷ_phú người Nhật tại buổi công_bố tên khách_hàng đầu_tiên của SpaceX lên Mặt_Trăng tối 17/9 ở California . Theo tỷ_phú người Nhật , công_ty phát_triển tốt bởi ông và nhân_viên "" đều đang làm_việc mình thích "" .",True,1.0,0,1.0,0
10744,2904,file_docx,ok,,0.32258064516129026,0.13186813186813187,0.2580645161290323,0.0,0.07265840220385675,0.027027027027026973,2904,28,0.020368899999994028,0.0032826999999997497,"Tỷ_phú người Nhật tại buổi công_bố tên khách_hàng đầu_tiên của SpaceX lên Mặt_Trăng tối 17/9 ở California . Theo tỷ_phú người Nhật , công_ty phát_triển tốt bởi ông và nhân_viên "" đều đang làm_việc mình thích "" .",True,1.0,0,1.0,0
10744,2904,file_pdf,ok,,0.3516483516483516,0.20224719101123595,0.2197802197802198,-0.0382842963488125,0.07088781830695114,0.0,2906,73,0.009693900000002031,0.01474690000000578,"Tokyo và n?m 2017 và l?t vào danh_sách "" 200 nhà s?u_t?m
hàng_??u th?_gi?i "" c?a t?p_chí ART có tr?_s? Theo t?_phú ng??i Nh?t , công_ty phát_tri?n t?t b?i ông và nhân_viên "" ??u ?ang làm_vi?c mình
thích "" .",False,1.0006887052341598,45,0.9983633387888707,0
